{"type":"FeatureCollection","name":"tipperary_gtfs_stops","metadata":{"county":"Tipperary","feature_count":286,"matched_to_active_naptan_atco_code":286,"crs":"OGC:CRS84 / WGS 84 longitude-latitude","source":"NTA / TFI static GTFS stops.txt; coordinates retained as stop_lat/stop_lon"},"features":[{"type":"Feature","geometry":{"type":"Point","coordinates":[-7.94633,52.88472]},"properties":{"gtfs_stop_id":"8320LL10691","naptan_atco_code":"8320LL10691","stop_code":"10691","stop_name":"Barack Obama Plaza","wheelchair_boarding":"1","location_type":"","parent_station":"","naptan_name":"Barack Obama Plaza","source_vintage":"current downloaded TFI static GTFS feed"}},{"type":"Feature","geometry":{"type":"Point","coordinates":[-8.021202,52.698032]},"properties":{"gtfs_stop_id":"8410LL10602","naptan_atco_code":"8410LL10602","stop_code":"12028","stop_name":"Upperchurch","wheelchair_boarding":"2","location_type":"","parent_station":"","naptan_name":"Upperchurch","source_vintage":"current downloaded TFI static GTFS feed"}},{"type":"Feature","geometry":{"type":"Point","coordinates":[-7.956909,52.752207]},"properties":{"gtfs_stop_id":"842000018","naptan_atco_code":"842000018","stop_code":"13977","stop_name":"Borrisoleigh","wheelchair_boarding":"2","location_type":"","parent_station":"","naptan_name":"Borrisoleigh","source_vintage":"current downloaded TFI static GTFS feed"}},{"type":"Feature","geometry":{"type":"Point","coordinates":[-7.95655,52.75215]},"properties":{"gtfs_stop_id":"842000022","naptan_atco_code":"842000022","stop_code":"13976","stop_name":"Borrisoleigh","wheelchair_boarding":"2","location_type":"","parent_station":"","naptan_name":"Borrisoleigh","source_vintage":"current downloaded TFI static GTFS feed"}},{"type":"Feature","geometry":{"type":"Point","coordinates":[-7.79963,52.95279]},"properties":{"gtfs_stop_id":"842000025","naptan_atco_code":"842000025","stop_code":"12034","stop_name":"Roscrea Aby St","wheelchair_boarding":"1","location_type":"","parent_station":"","naptan_name":"Roscrea Abbey Street","source_vintage":"current downloaded TFI static GTFS feed"}},{"type":"Feature","geometry":{"type":"Point","coordinates":[-7.79968,52.95269]},"properties":{"gtfs_stop_id":"842000026","naptan_atco_code":"842000026","stop_code":"12035","stop_name":"Roscrea Aby St","wheelchair_boarding":"1","location_type":"","parent_station":"","naptan_name":"Roscrea Abbey Street","source_vintage":"current downloaded TFI static GTFS feed"}},{"type":"Feature","geometry":{"type":"Point","coordinates":[-7.867226,52.637302]},"properties":{"gtfs_stop_id":"842000038","naptan_atco_code":"842000038","stop_code":"14839","stop_name":"Holycross","wheelchair_boarding":"1","location_type":"","parent_station":"","naptan_name":"Holycross","source_vintage":"current downloaded TFI static GTFS feed"}},{"type":"Feature","geometry":{"type":"Point","coordinates":[-8.027417,52.773001]},"properties":{"gtfs_stop_id":"842000047","naptan_atco_code":"842000047","stop_code":"13973","stop_name":"Currabaha","wheelchair_boarding":"0","location_type":"","parent_station":"","naptan_name":"Currabaha","source_vintage":"current downloaded TFI static GTFS feed"}},{"type":"Feature","geometry":{"type":"Point","coordinates":[-8.036121,52.850131]},"properties":{"gtfs_stop_id":"842000052","naptan_atco_code":"842000052","stop_code":"11860","stop_name":"Toomevara","wheelchair_boarding":"1","location_type":"","parent_station":"","naptan_name":"Toomevara","source_vintage":"current downloaded TFI static GTFS feed"}},{"type":"Feature","geometry":{"type":"Point","coordinates":[-8.090486,52.827813]},"properties":{"gtfs_stop_id":"842000057","naptan_atco_code":"842000057","stop_code":"13972","stop_name":"Ballincurry","wheelchair_boarding":"2","location_type":"","parent_station":"","naptan_name":"Ballincurry","source_vintage":"current downloaded TFI static GTFS feed"}},{"type":"Feature","geometry":{"type":"Point","coordinates":[-8.090382,52.827894]},"properties":{"gtfs_stop_id":"842000058","naptan_atco_code":"842000058","stop_code":"13971","stop_name":"Ballincurry","wheelchair_boarding":"2","location_type":"","parent_station":"","naptan_name":"Ballincurry","source_vintage":"current downloaded TFI static GTFS feed"}},{"type":"Feature","geometry":{"type":"Point","coordinates":[-7.931816,52.742983]},"properties":{"gtfs_stop_id":"842000064","naptan_atco_code":"842000064","stop_code":"13970","stop_name":"Rathmoy","wheelchair_boarding":"2","location_type":"","parent_station":"","naptan_name":"Rathmoy","source_vintage":"current downloaded TFI static GTFS feed"}},{"type":"Feature","geometry":{"type":"Point","coordinates":[-7.931964,52.742848]},"properties":{"gtfs_stop_id":"842000065","naptan_atco_code":"842000065","stop_code":"13969","stop_name":"Rathmoy","wheelchair_boarding":"1","location_type":"","parent_station":"","naptan_name":"Rathmoy","source_vintage":"current downloaded TFI static GTFS feed"}},{"type":"Feature","geometry":{"type":"Point","coordinates":[-7.71137836654736,52.6725544260128]},"properties":{"gtfs_stop_id":"842000075","naptan_atco_code":"842000075","stop_code":"11862","stop_name":"Twomileborris","wheelchair_boarding":"1","location_type":"","parent_station":"","naptan_name":"Twomileborris","source_vintage":"current downloaded TFI static GTFS feed"}},{"type":"Feature","geometry":{"type":"Point","coordinates":[-7.711378,52.67259]},"properties":{"gtfs_stop_id":"842000076","naptan_atco_code":"842000076","stop_code":"11861","stop_name":"Twomileborris","wheelchair_boarding":"1","location_type":"","parent_station":"","naptan_name":"Twomileborris","source_vintage":"current downloaded TFI static GTFS feed"}},{"type":"Feature","geometry":{"type":"Point","coordinates":[-7.73898,52.63897]},"properties":{"gtfs_stop_id":"842000085","naptan_atco_code":"842000085","stop_code":"11854","stop_name":"Littleton","wheelchair_boarding":"2","location_type":"","parent_station":"","naptan_name":"Littleton","source_vintage":"current downloaded TFI static GTFS feed"}},{"type":"Feature","geometry":{"type":"Point","coordinates":[-7.73877,52.63887]},"properties":{"gtfs_stop_id":"842000086","naptan_atco_code":"842000086","stop_code":"11855","stop_name":"Littleton","wheelchair_boarding":"2","location_type":"","parent_station":"","naptan_name":"Littleton","source_vintage":"current downloaded TFI static GTFS feed"}},{"type":"Feature","geometry":{"type":"Point","coordinates":[-7.83343729543906,52.7966505718413]},"properties":{"gtfs_stop_id":"842000097","naptan_atco_code":"842000097","stop_code":"12005","stop_name":"Templemore","wheelchair_boarding":"2","location_type":"","parent_station":"","naptan_name":"Templemore","source_vintage":"current downloaded TFI static GTFS feed"}},{"type":"Feature","geometry":{"type":"Point","coordinates":[-7.83371,52.79661]},"properties":{"gtfs_stop_id":"842000100","naptan_atco_code":"842000100","stop_code":"12024","stop_name":"Templemore","wheelchair_boarding":"1","location_type":"","parent_station":"","naptan_name":"Templemore","source_vintage":"current downloaded TFI static GTFS feed"}},{"type":"Feature","geometry":{"type":"Point","coordinates":[-7.72313,52.78806]},"properties":{"gtfs_stop_id":"842000106","naptan_atco_code":"842000106","stop_code":"12025","stop_name":"Templetouhy","wheelchair_boarding":"2","location_type":"","parent_station":"","naptan_name":"Templetouhy","source_vintage":"current downloaded TFI static GTFS feed"}},{"type":"Feature","geometry":{"type":"Point","coordinates":[-8.126832,52.835266]},"properties":{"gtfs_stop_id":"842000111","naptan_atco_code":"842000111","stop_code":"13968","stop_name":"Kilkeary","wheelchair_boarding":"2","location_type":"","parent_station":"","naptan_name":"Kilkeary","source_vintage":"current downloaded TFI static GTFS feed"}},{"type":"Feature","geometry":{"type":"Point","coordinates":[-7.7139,52.73397]},"properties":{"gtfs_stop_id":"842000116","naptan_atco_code":"842000116","stop_code":"13967","stop_name":"Moyne","wheelchair_boarding":"2","location_type":"","parent_station":"","naptan_name":"Moyne","source_vintage":"current downloaded TFI static GTFS feed"}},{"type":"Feature","geometry":{"type":"Point","coordinates":[-8.003985,52.754723]},"properties":{"gtfs_stop_id":"842000126","naptan_atco_code":"842000126","stop_code":"13966","stop_name":"Glennanoge","wheelchair_boarding":"2","location_type":"","parent_station":"","naptan_name":"Glennanoge","source_vintage":"current downloaded TFI static GTFS feed"}},{"type":"Feature","geometry":{"type":"Point","coordinates":[-8.004163,52.754579]},"properties":{"gtfs_stop_id":"842000127","naptan_atco_code":"842000127","stop_code":"13965","stop_name":"Glennanoge","wheelchair_boarding":"2","location_type":"","parent_station":"","naptan_name":"Glennanoge","source_vintage":"current downloaded TFI static GTFS feed"}},{"type":"Feature","geometry":{"type":"Point","coordinates":[-8.43753,52.81355]},"properties":{"gtfs_stop_id":"8420B015041","naptan_atco_code":"8420B015041","stop_code":"15041","stop_name":"Cnoc Cluain","wheelchair_boarding":"2","location_type":"","parent_station":"","naptan_name":"Cnoc Cluain","source_vintage":"current downloaded TFI static GTFS feed"}},{"type":"Feature","geometry":{"type":"Point","coordinates":[-8.43775,52.81413]},"properties":{"gtfs_stop_id":"8420B015042","naptan_atco_code":"8420B015042","stop_code":"15042","stop_name":"Cnoc Cluain","wheelchair_boarding":"2","location_type":"","parent_station":"","naptan_name":"Cnoc Cluain","source_vintage":"current downloaded TFI static GTFS feed"}},{"type":"Feature","geometry":{"type":"Point","coordinates":[-8.43644,52.81752]},"properties":{"gtfs_stop_id":"8420B015043","naptan_atco_code":"8420B015043","stop_code":"15043","stop_name":"Shannon View","wheelchair_boarding":"2","location_type":"","parent_station":"","naptan_name":"Shannon View","source_vintage":"current downloaded TFI static GTFS feed"}},{"type":"Feature","geometry":{"type":"Point","coordinates":[-8.43662,52.81743]},"properties":{"gtfs_stop_id":"8420B015044","naptan_atco_code":"8420B015044","stop_code":"15044","stop_name":"Shannon View","wheelchair_boarding":"2","location_type":"","parent_station":"","naptan_name":"Shannon View","source_vintage":"current downloaded TFI static GTFS feed"}},{"type":"Feature","geometry":{"type":"Point","coordinates":[-8.23673,52.79522]},"properties":{"gtfs_stop_id":"8420B145731","naptan_atco_code":"8420B145731","stop_code":"145731","stop_name":"Silvermines","wheelchair_boarding":"1","location_type":"","parent_station":"","naptan_name":"Silvermines","source_vintage":"current downloaded TFI static GTFS feed"}},{"type":"Feature","geometry":{"type":"Point","coordinates":[-8.201253,52.875446]},"properties":{"gtfs_stop_id":"8420B155421","naptan_atco_code":"8420B155421","stop_code":"155421","stop_name":"Drummin Vllge","wheelchair_boarding":"2","location_type":"","parent_station":"","naptan_name":"Drummin Village","source_vintage":"current downloaded TFI static GTFS feed"}},{"type":"Feature","geometry":{"type":"Point","coordinates":[-8.19884,52.86428]},"properties":{"gtfs_stop_id":"8420B155481","naptan_atco_code":"8420B155481","stop_code":"155481","stop_name":"Nenagh","wheelchair_boarding":"1","location_type":"","parent_station":"","naptan_name":"Nenagh","source_vintage":"current downloaded TFI static GTFS feed"}},{"type":"Feature","geometry":{"type":"Point","coordinates":[-8.44003,52.7659]},"properties":{"gtfs_stop_id":"8420B155501","naptan_atco_code":"8420B155501","stop_code":"155501","stop_name":"Birdhill","wheelchair_boarding":"1","location_type":"","parent_station":"","naptan_name":"Birdhill","source_vintage":"current downloaded TFI static GTFS feed"}},{"type":"Feature","geometry":{"type":"Point","coordinates":[-8.453156,52.749264]},"properties":{"gtfs_stop_id":"8420B155511","naptan_atco_code":"8420B155511","stop_code":"155511","stop_name":"Thornhill","wheelchair_boarding":"2","location_type":"","parent_station":"","naptan_name":"Thornhill","source_vintage":"current downloaded TFI static GTFS feed"}},{"type":"Feature","geometry":{"type":"Point","coordinates":[-7.797499,52.955018]},"properties":{"gtfs_stop_id":"8420B155531","naptan_atco_code":"8420B155531","stop_code":"155531","stop_name":"Roscrea Cstl St","wheelchair_boarding":"1","location_type":"","parent_station":"","naptan_name":"Roscrea Castle Street","source_vintage":"current downloaded TFI static GTFS feed"}},{"type":"Feature","geometry":{"type":"Point","coordinates":[-8.195602,52.860734]},"properties":{"gtfs_stop_id":"8420B2019401","naptan_atco_code":"8420B2019401","stop_code":"201941","stop_name":"Nenagh Station","wheelchair_boarding":"1","location_type":"","parent_station":"","naptan_name":"Nenagh Station","source_vintage":"current downloaded TFI static GTFS feed"}},{"type":"Feature","geometry":{"type":"Point","coordinates":[-8.195597,52.866279]},"properties":{"gtfs_stop_id":"8420B300151","naptan_atco_code":"8420B300151","stop_code":"300151","stop_name":"Summerhill","wheelchair_boarding":"2","location_type":"","parent_station":"","naptan_name":"Summerhill","source_vintage":"current downloaded TFI static GTFS feed"}},{"type":"Feature","geometry":{"type":"Point","coordinates":[-8.216453,52.861057]},"properties":{"gtfs_stop_id":"8420B300201","naptan_atco_code":"8420B300201","stop_code":"300201","stop_name":"Nenagh Rtl Pk","wheelchair_boarding":"0","location_type":"","parent_station":"","naptan_name":"Nenagh Retail Park","source_vintage":"current downloaded TFI static GTFS feed"}},{"type":"Feature","geometry":{"type":"Point","coordinates":[-8.218573,52.860514]},"properties":{"gtfs_stop_id":"8420B300211","naptan_atco_code":"8420B300211","stop_code":"300211","stop_name":"Nenagh Rtl Pk","wheelchair_boarding":"1","location_type":"","parent_station":"","naptan_name":"Nenagh Retail Park","source_vintage":"current downloaded TFI static GTFS feed"}},{"type":"Feature","geometry":{"type":"Point","coordinates":[-8.204469,52.864224]},"properties":{"gtfs_stop_id":"8420B301181","naptan_atco_code":"8420B301181","stop_code":"301181","stop_name":"Ashe Road","wheelchair_boarding":"1","location_type":"","parent_station":"","naptan_name":"Ashe Road","source_vintage":"current downloaded TFI static GTFS feed"}},{"type":"Feature","geometry":{"type":"Point","coordinates":[-8.195775,52.866306]},"properties":{"gtfs_stop_id":"8420B301191","naptan_atco_code":"8420B301191","stop_code":"301191","stop_name":"Summerhill","wheelchair_boarding":"1","location_type":"","parent_station":"","naptan_name":"Summerhill","source_vintage":"current downloaded TFI static GTFS feed"}},{"type":"Feature","geometry":{"type":"Point","coordinates":[-8.197121,52.871579]},"properties":{"gtfs_stop_id":"8420B301271","naptan_atco_code":"8420B301271","stop_code":"301271","stop_name":"Sallygrove","wheelchair_boarding":"1","location_type":"","parent_station":"","naptan_name":"Sallygrove","source_vintage":"current downloaded TFI static GTFS feed"}},{"type":"Feature","geometry":{"type":"Point","coordinates":[-8.201372,52.875311]},"properties":{"gtfs_stop_id":"8420B301281","naptan_atco_code":"8420B301281","stop_code":"301281","stop_name":"Drummin Vllge","wheelchair_boarding":"2","location_type":"","parent_station":"","naptan_name":"Drummin Village","source_vintage":"current downloaded TFI static GTFS feed"}},{"type":"Feature","geometry":{"type":"Point","coordinates":[-8.436247,52.807686]},"properties":{"gtfs_stop_id":"8420B331791","naptan_atco_code":"8420B331791","stop_code":"331791","stop_name":"Ballina","wheelchair_boarding":"1","location_type":"","parent_station":"","naptan_name":"Ballina","source_vintage":"current downloaded TFI static GTFS feed"}},{"type":"Feature","geometry":{"type":"Point","coordinates":[-8.29491846362269,52.8783871024046]},"properties":{"gtfs_stop_id":"8420B3327201","naptan_atco_code":"8420B3327201","stop_code":"332721","stop_name":"Newtown","wheelchair_boarding":"2","location_type":"","parent_station":"","naptan_name":"Newtown","source_vintage":"current downloaded TFI static GTFS feed"}},{"type":"Feature","geometry":{"type":"Point","coordinates":[-8.15696,52.93481]},"properties":{"gtfs_stop_id":"8420B3338701","naptan_atco_code":"8420B3338701","stop_code":"333871","stop_name":"Ardcroney","wheelchair_boarding":"1","location_type":"","parent_station":"","naptan_name":"Ardcroney","source_vintage":"current downloaded TFI static GTFS feed"}},{"type":"Feature","geometry":{"type":"Point","coordinates":[-8.0296588276799,53.0185415966315]},"properties":{"gtfs_stop_id":"8420B333901","naptan_atco_code":"8420B333901","stop_code":"333901","stop_name":"Ballingarry","wheelchair_boarding":"1","location_type":"","parent_station":"","naptan_name":"Ballingarry","source_vintage":"current downloaded TFI static GTFS feed"}},{"type":"Feature","geometry":{"type":"Point","coordinates":[-8.032325180485,53.0165996178784]},"properties":{"gtfs_stop_id":"8420B3339101","naptan_atco_code":"8420B3339101","stop_code":"333911","stop_name":"Ballingarry","wheelchair_boarding":"1","location_type":"","parent_station":"","naptan_name":"Ballingarry","source_vintage":"current downloaded TFI static GTFS feed"}},{"type":"Feature","geometry":{"type":"Point","coordinates":[-8.298723,52.878557]},"properties":{"gtfs_stop_id":"8420B3345201","naptan_atco_code":"8420B3345201","stop_code":"334521","stop_name":"Youghalarra School","wheelchair_boarding":"2","location_type":"","parent_station":"","naptan_name":"Youghalarra School","source_vintage":"current downloaded TFI static GTFS feed"}},{"type":"Feature","geometry":{"type":"Point","coordinates":[-8.34384615930992,52.8849333783253]},"properties":{"gtfs_stop_id":"8420B3345301","naptan_atco_code":"8420B3345301","stop_code":"334531","stop_name":"Portroe","wheelchair_boarding":"1","location_type":"","parent_station":"","naptan_name":"Portroe","source_vintage":"current downloaded TFI static GTFS feed"}},{"type":"Feature","geometry":{"type":"Point","coordinates":[-8.237508,52.686455]},"properties":{"gtfs_stop_id":"8420B334981","naptan_atco_code":"8420B334981","stop_code":"334981","stop_name":"Rearcross","wheelchair_boarding":"2","location_type":"","parent_station":"","naptan_name":"Rearcross","source_vintage":"current downloaded TFI static GTFS feed"}},{"type":"Feature","geometry":{"type":"Point","coordinates":[-8.427597,52.709075]},"properties":{"gtfs_stop_id":"8420B335061","naptan_atco_code":"8420B335061","stop_code":"335061","stop_name":"Shower","wheelchair_boarding":"2","location_type":"","parent_station":"","naptan_name":"Shower","source_vintage":"current downloaded TFI static GTFS feed"}},{"type":"Feature","geometry":{"type":"Point","coordinates":[-8.4090201565227,52.7117112819013]},"properties":{"gtfs_stop_id":"8420B335071","naptan_atco_code":"8420B335071","stop_code":"335071","stop_name":"Newport","wheelchair_boarding":"2","location_type":"","parent_station":"","naptan_name":"Newport","source_vintage":"current downloaded TFI static GTFS feed"}},{"type":"Feature","geometry":{"type":"Point","coordinates":[-8.427391,52.709211]},"properties":{"gtfs_stop_id":"8420B3360801","naptan_atco_code":"8420B3360801","stop_code":"336081","stop_name":"Shower","wheelchair_boarding":"2","location_type":"","parent_station":"","naptan_name":"Shower","source_vintage":"current downloaded TFI static GTFS feed"}},{"type":"Feature","geometry":{"type":"Point","coordinates":[-8.40737439376614,52.7113843931605]},"properties":{"gtfs_stop_id":"8420B3360901","naptan_atco_code":"8420B3360901","stop_code":"336091","stop_name":"Newport","wheelchair_boarding":"2","location_type":"","parent_station":"","naptan_name":"Newport","source_vintage":"current downloaded TFI static GTFS feed"}},{"type":"Feature","geometry":{"type":"Point","coordinates":[-8.196824,52.871553]},"properties":{"gtfs_stop_id":"8420B336531","naptan_atco_code":"8420B336531","stop_code":"336531","stop_name":"Sallygrove","wheelchair_boarding":"1","location_type":"","parent_station":"","naptan_name":"Sallygrove","source_vintage":"current downloaded TFI static GTFS feed"}},{"type":"Feature","geometry":{"type":"Point","coordinates":[-8.298738,52.878656]},"properties":{"gtfs_stop_id":"8420B3375601","naptan_atco_code":"8420B3375601","stop_code":"337561","stop_name":"Youghalarra School","wheelchair_boarding":"1","location_type":"","parent_station":"","naptan_name":"Youghalarra School","source_vintage":"current downloaded TFI static GTFS feed"}},{"type":"Feature","geometry":{"type":"Point","coordinates":[-8.29539537089842,52.8786106090022]},"properties":{"gtfs_stop_id":"8420B3375701","naptan_atco_code":"8420B3375701","stop_code":"337571","stop_name":"Newtown","wheelchair_boarding":"1","location_type":"","parent_station":"","naptan_name":"Newtown","source_vintage":"current downloaded TFI static GTFS feed"}},{"type":"Feature","geometry":{"type":"Point","coordinates":[-8.23702,52.79509]},"properties":{"gtfs_stop_id":"8420B337711","naptan_atco_code":"8420B337711","stop_code":"337711","stop_name":"Silvermines","wheelchair_boarding":"1","location_type":"","parent_station":"","naptan_name":"Silvermines","source_vintage":"current downloaded TFI static GTFS feed"}},{"type":"Feature","geometry":{"type":"Point","coordinates":[-7.77452,52.61672]},"properties":{"gtfs_stop_id":"8420B3382402","naptan_atco_code":"8420B3382402","stop_code":"338242","stop_name":"Horse and Jockey","wheelchair_boarding":"1","location_type":"","parent_station":"","naptan_name":"Horse and Jockey","source_vintage":"current downloaded TFI static GTFS feed"}},{"type":"Feature","geometry":{"type":"Point","coordinates":[-7.77438,52.61703]},"properties":{"gtfs_stop_id":"8420B338241","naptan_atco_code":"8420B338241","stop_code":"338241","stop_name":"Horse and Jockey","wheelchair_boarding":"1","location_type":"","parent_station":"","naptan_name":"Horse and Jockey","source_vintage":"current downloaded TFI static GTFS feed"}},{"type":"Feature","geometry":{"type":"Point","coordinates":[-8.12342161123824,53.0923664587278]},"properties":{"gtfs_stop_id":"8420B3513301","naptan_atco_code":"8420B3513301","stop_code":"351331","stop_name":"Lorrha","wheelchair_boarding":"2","location_type":"","parent_station":"","naptan_name":"Lorrha","source_vintage":"current downloaded TFI static GTFS feed"}},{"type":"Feature","geometry":{"type":"Point","coordinates":[-8.1442,53.06505]},"properties":{"gtfs_stop_id":"8420B351341","naptan_atco_code":"8420B351341","stop_code":"351341","stop_name":"Carrigahorig","wheelchair_boarding":"0","location_type":"","parent_station":"","naptan_name":"Carrigahorig","source_vintage":"current downloaded TFI static GTFS feed"}},{"type":"Feature","geometry":{"type":"Point","coordinates":[-8.220727,53.025161]},"properties":{"gtfs_stop_id":"8420B351361","naptan_atco_code":"8420B351361","stop_code":"351361","stop_name":"Ballinderry","wheelchair_boarding":"2","location_type":"","parent_station":"","naptan_name":"Ballinderry","source_vintage":"current downloaded TFI static GTFS feed"}},{"type":"Feature","geometry":{"type":"Point","coordinates":[-8.251007,52.982836]},"properties":{"gtfs_stop_id":"8420B351371","naptan_atco_code":"8420B351371","stop_code":"351371","stop_name":"Coolbawn","wheelchair_boarding":"2","location_type":"","parent_station":"","naptan_name":"Coolbawn","source_vintage":"current downloaded TFI static GTFS feed"}},{"type":"Feature","geometry":{"type":"Point","coordinates":[-8.238486,52.931982]},"properties":{"gtfs_stop_id":"8420B3513801","naptan_atco_code":"8420B3513801","stop_code":"351381","stop_name":"Puckaun","wheelchair_boarding":"2","location_type":"","parent_station":"","naptan_name":"Puckaun","source_vintage":"current downloaded TFI static GTFS feed"}},{"type":"Feature","geometry":{"type":"Point","coordinates":[-8.238551,52.932012]},"properties":{"gtfs_stop_id":"8420B351391","naptan_atco_code":"8420B351391","stop_code":"351391","stop_name":"Puckaun","wheelchair_boarding":"2","location_type":"","parent_station":"","naptan_name":"Puckaun","source_vintage":"current downloaded TFI static GTFS feed"}},{"type":"Feature","geometry":{"type":"Point","coordinates":[-8.251162,52.982807]},"properties":{"gtfs_stop_id":"8420B351401","naptan_atco_code":"8420B351401","stop_code":"351401","stop_name":"Coolbawn","wheelchair_boarding":"2","location_type":"","parent_station":"","naptan_name":"Coolbawn","source_vintage":"current downloaded TFI static GTFS feed"}},{"type":"Feature","geometry":{"type":"Point","coordinates":[-8.22091,53.025189]},"properties":{"gtfs_stop_id":"8420B351411","naptan_atco_code":"8420B351411","stop_code":"351411","stop_name":"Ballinderry","wheelchair_boarding":"2","location_type":"","parent_station":"","naptan_name":"Ballinderry","source_vintage":"current downloaded TFI static GTFS feed"}},{"type":"Feature","geometry":{"type":"Point","coordinates":[-8.14486,53.06556]},"properties":{"gtfs_stop_id":"8420B351431","naptan_atco_code":"8420B351431","stop_code":"351431","stop_name":"Carrigahorig","wheelchair_boarding":"2","location_type":"","parent_station":"","naptan_name":"Carrigahorig","source_vintage":"current downloaded TFI static GTFS feed"}},{"type":"Feature","geometry":{"type":"Point","coordinates":[-8.34433547010187,52.8848061334593]},"properties":{"gtfs_stop_id":"8420B4501801","naptan_atco_code":"8420B4501801","stop_code":"450181","stop_name":"Portroe","wheelchair_boarding":"1","location_type":"","parent_station":"","naptan_name":"Portroe","source_vintage":"current downloaded TFI static GTFS feed"}},{"type":"Feature","geometry":{"type":"Point","coordinates":[-8.43981,52.766]},"properties":{"gtfs_stop_id":"8420B450201","naptan_atco_code":"8420B450201","stop_code":"450201","stop_name":"Birdhill","wheelchair_boarding":"1","location_type":"","parent_station":"","naptan_name":"Birdhill","source_vintage":"current downloaded TFI static GTFS feed"}},{"type":"Feature","geometry":{"type":"Point","coordinates":[-8.12777,52.99386]},"properties":{"gtfs_stop_id":"8420B4502101","naptan_atco_code":"8420B4502101","stop_code":"450211","stop_name":"Borrisokane","wheelchair_boarding":"1","location_type":"","parent_station":"","naptan_name":"Borrisokane","source_vintage":"current downloaded TFI static GTFS feed"}},{"type":"Feature","geometry":{"type":"Point","coordinates":[-8.035854,52.850032]},"properties":{"gtfs_stop_id":"8420B450221","naptan_atco_code":"8420B450221","stop_code":"450221","stop_name":"Toomevara","wheelchair_boarding":"1","location_type":"","parent_station":"","naptan_name":"Toomevara","source_vintage":"current downloaded TFI static GTFS feed"}},{"type":"Feature","geometry":{"type":"Point","coordinates":[-8.452932,52.749139]},"properties":{"gtfs_stop_id":"8420B450231","naptan_atco_code":"8420B450231","stop_code":"450231","stop_name":"Thornhill","wheelchair_boarding":"2","location_type":"","parent_station":"","naptan_name":"Thornhill","source_vintage":"current downloaded TFI static GTFS feed"}},{"type":"Feature","geometry":{"type":"Point","coordinates":[-8.12756,52.99414]},"properties":{"gtfs_stop_id":"8420B450271","naptan_atco_code":"8420B450271","stop_code":"450271","stop_name":"Borrisokane","wheelchair_boarding":"1","location_type":"","parent_station":"","naptan_name":"Borrisokane","source_vintage":"current downloaded TFI static GTFS feed"}},{"type":"Feature","geometry":{"type":"Point","coordinates":[-7.797604,52.955153]},"properties":{"gtfs_stop_id":"8420B4552901","naptan_atco_code":"8420B4552901","stop_code":"455291","stop_name":"Roscrea Cstl St","wheelchair_boarding":"2","location_type":"","parent_station":"","naptan_name":"Roscrea Castle Street","source_vintage":"current downloaded TFI static GTFS feed"}},{"type":"Feature","geometry":{"type":"Point","coordinates":[-8.19808,52.8638]},"properties":{"gtfs_stop_id":"8420B4553001","naptan_atco_code":"8420B4553001","stop_code":"455301","stop_name":"Nenagh","wheelchair_boarding":"1","location_type":"","parent_station":"","naptan_name":"Nenagh","source_vintage":"current downloaded TFI static GTFS feed"}},{"type":"Feature","geometry":{"type":"Point","coordinates":[-8.15591,52.93573]},"properties":{"gtfs_stop_id":"8420B455351","naptan_atco_code":"8420B455351","stop_code":"455351","stop_name":"Ardcroney","wheelchair_boarding":"1","location_type":"","parent_station":"","naptan_name":"Ardcroney","source_vintage":"current downloaded TFI static GTFS feed"}},{"type":"Feature","geometry":{"type":"Point","coordinates":[-8.436469,52.807649]},"properties":{"gtfs_stop_id":"8420B6354901","naptan_atco_code":"8420B6354901","stop_code":"635491","stop_name":"Ballina","wheelchair_boarding":"1","location_type":"","parent_station":"","naptan_name":"Ballina","source_vintage":"current downloaded TFI static GTFS feed"}},{"type":"Feature","geometry":{"type":"Point","coordinates":[-8.195742,52.860593]},"properties":{"gtfs_stop_id":"8420IR0095","naptan_atco_code":"8420IR0095","stop_code":"999033","stop_name":"Nenagh","wheelchair_boarding":"0","location_type":"","parent_station":"","naptan_name":"Nenagh","source_vintage":"current downloaded TFI static GTFS feed"}},{"type":"Feature","geometry":{"type":"Point","coordinates":[-7.794415,52.960557]},"properties":{"gtfs_stop_id":"8420IR0096","naptan_atco_code":"8420IR0096","stop_code":"999031","stop_name":"Roscrea","wheelchair_boarding":"0","location_type":"","parent_station":"","naptan_name":"Roscrea","source_vintage":"current downloaded TFI static GTFS feed"}},{"type":"Feature","geometry":{"type":"Point","coordinates":[-7.822693,52.788104]},"properties":{"gtfs_stop_id":"8420IR0097","naptan_atco_code":"8420IR0097","stop_code":"999012","stop_name":"Templemore Station","wheelchair_boarding":"0","location_type":"","parent_station":"","naptan_name":"Templemore Station","source_vintage":"current downloaded TFI static GTFS feed"}},{"type":"Feature","geometry":{"type":"Point","coordinates":[-7.821568,52.676987]},"properties":{"gtfs_stop_id":"8420IR0098","naptan_atco_code":"8420IR0098","stop_code":"999013","stop_name":"Thurles","wheelchair_boarding":"0","location_type":"","parent_station":"","naptan_name":"Thurles","source_vintage":"current downloaded TFI static GTFS feed"}},{"type":"Feature","geometry":{"type":"Point","coordinates":[-8.441806,52.766173]},"properties":{"gtfs_stop_id":"8420IR0101","naptan_atco_code":"8420IR0101","stop_code":"999034","stop_name":"Birdhill","wheelchair_boarding":"0","location_type":"","parent_station":"","naptan_name":"Birdhill","source_vintage":"current downloaded TFI static GTFS feed"}},{"type":"Feature","geometry":{"type":"Point","coordinates":[-8.0246,52.936316]},"properties":{"gtfs_stop_id":"8420IR0104","naptan_atco_code":"8420IR0104","stop_code":"999032","stop_name":"Cloughjordan","wheelchair_boarding":"0","location_type":"","parent_station":"","naptan_name":"Cloughjordan","source_vintage":"current downloaded TFI static GTFS feed"}},{"type":"Feature","geometry":{"type":"Point","coordinates":[-8.216853,52.861011]},"properties":{"gtfs_stop_id":"8420LL10392","naptan_atco_code":"8420LL10392","stop_code":"10392","stop_name":"Nenagh Rtl Pk","wheelchair_boarding":"1","location_type":"","parent_station":"","naptan_name":"Nenagh Retail Park","source_vintage":"current downloaded TFI static GTFS feed"}},{"type":"Feature","geometry":{"type":"Point","coordinates":[-7.90797,52.68848]},"properties":{"gtfs_stop_id":"8420LL10601","naptan_atco_code":"8420LL10601","stop_code":"10601","stop_name":"Ballycahill","wheelchair_boarding":"1","location_type":"","parent_station":"","naptan_name":"Ballycahill","source_vintage":"current downloaded TFI static GTFS feed"}},{"type":"Feature","geometry":{"type":"Point","coordinates":[-8.021369,52.697805]},"properties":{"gtfs_stop_id":"8420LL10602","naptan_atco_code":"8420LL10602","stop_code":"10602","stop_name":"Upperchurch","wheelchair_boarding":"2","location_type":"","parent_station":"","naptan_name":"Upperchurch","source_vintage":"current downloaded TFI static GTFS feed"}},{"type":"Feature","geometry":{"type":"Point","coordinates":[-8.161931,52.679365]},"properties":{"gtfs_stop_id":"8420LL10603","naptan_atco_code":"8420LL10603","stop_code":"10603","stop_name":"Kilcommon Cross","wheelchair_boarding":"1","location_type":"","parent_station":"","naptan_name":"Kilcommon Cross","source_vintage":"current downloaded TFI static GTFS feed"}},{"type":"Feature","geometry":{"type":"Point","coordinates":[-8.40113005152787,52.7098687417038]},"properties":{"gtfs_stop_id":"8420LL10604","naptan_atco_code":"8420LL10604","stop_code":"10604","stop_name":"Glencree","wheelchair_boarding":"1","location_type":"","parent_station":"","naptan_name":"Glencree","source_vintage":"current downloaded TFI static GTFS feed"}},{"type":"Feature","geometry":{"type":"Point","coordinates":[-8.03613,52.94201]},"properties":{"gtfs_stop_id":"8420LL10695","naptan_atco_code":"8420LL10695","stop_code":"10695","stop_name":"Cloughjordan","wheelchair_boarding":"1","location_type":"","parent_station":"","naptan_name":"Cloughjordan","source_vintage":"current downloaded TFI static GTFS feed"}},{"type":"Feature","geometry":{"type":"Point","coordinates":[-7.89112,52.51142]},"properties":{"gtfs_stop_id":"8420LL10696","naptan_atco_code":"8420LL10696","stop_code":"12854","stop_name":"Cashel Centenary","wheelchair_boarding":"2","location_type":"","parent_station":"","naptan_name":"Cashel Centenary","source_vintage":"current downloaded TFI static GTFS feed"}},{"type":"Feature","geometry":{"type":"Point","coordinates":[-8.02546,52.49297]},"properties":{"gtfs_stop_id":"8420LL10699","naptan_atco_code":"8420LL10699","stop_code":"12856","stop_name":"Thomastown","wheelchair_boarding":"2","location_type":"","parent_station":"","naptan_name":"Thomastown","source_vintage":"current downloaded TFI static GTFS feed"}},{"type":"Feature","geometry":{"type":"Point","coordinates":[-8.06194,52.48797]},"properties":{"gtfs_stop_id":"8420LL10700","naptan_atco_code":"8420LL10700","stop_code":"12857","stop_name":"Kilfeakle","wheelchair_boarding":"2","location_type":"","parent_station":"","naptan_name":"Kilfeakle","source_vintage":"current downloaded TFI static GTFS feed"}},{"type":"Feature","geometry":{"type":"Point","coordinates":[-7.812057,52.675651]},"properties":{"gtfs_stop_id":"8420LL10708","naptan_atco_code":"8420LL10708","stop_code":"10708","stop_name":"Thurles SC","wheelchair_boarding":"2","location_type":"","parent_station":"","naptan_name":"Thurles Shopping Centre","source_vintage":"current downloaded TFI static GTFS feed"}},{"type":"Feature","geometry":{"type":"Point","coordinates":[-7.825074,52.685863]},"properties":{"gtfs_stop_id":"8420LL10861","naptan_atco_code":"8420LL10861","stop_code":"10861","stop_name":"TUS Thurles","wheelchair_boarding":"2","location_type":"","parent_station":"","naptan_name":"TUS Thurles","source_vintage":"current downloaded TFI static GTFS feed"}},{"type":"Feature","geometry":{"type":"Point","coordinates":[-7.79415,52.678911]},"properties":{"gtfs_stop_id":"8420LL10921","naptan_atco_code":"8420LL10921","stop_code":"12319","stop_name":"Willowmere Drive","wheelchair_boarding":"0","location_type":"","parent_station":"","naptan_name":"Willowmere Drive","source_vintage":"current downloaded TFI static GTFS feed"}},{"type":"Feature","geometry":{"type":"Point","coordinates":[-7.794091,52.678938]},"properties":{"gtfs_stop_id":"8420LL10922","naptan_atco_code":"8420LL10922","stop_code":"12320","stop_name":"Willowmere Drive","wheelchair_boarding":"1","location_type":"","parent_station":"","naptan_name":"Willowmere Drive","source_vintage":"current downloaded TFI static GTFS feed"}},{"type":"Feature","geometry":{"type":"Point","coordinates":[-8.265787,53.001204]},"properties":{"gtfs_stop_id":"8420LL11521","naptan_atco_code":"8420LL11521","stop_code":"11521","stop_name":"Coolbawn Quay","wheelchair_boarding":"2","location_type":"","parent_station":"","naptan_name":"Coolbawn Quay","source_vintage":"current downloaded TFI static GTFS feed"}},{"type":"Feature","geometry":{"type":"Point","coordinates":[-8.203245,53.054707]},"properties":{"gtfs_stop_id":"8420LL11522","naptan_atco_code":"8420LL11522","stop_code":"11522","stop_name":"Terryglass","wheelchair_boarding":"2","location_type":"","parent_station":"","naptan_name":"Terryglass","source_vintage":"current downloaded TFI static GTFS feed"}},{"type":"Feature","geometry":{"type":"Point","coordinates":[-8.123337,53.092341]},"properties":{"gtfs_stop_id":"8420LL11543","naptan_atco_code":"8420LL11543","stop_code":"11543","stop_name":"Lorrha","wheelchair_boarding":"2","location_type":"","parent_station":"","naptan_name":"Lorrha","source_vintage":"current downloaded TFI static GTFS feed"}},{"type":"Feature","geometry":{"type":"Point","coordinates":[-8.203099,53.054591]},"properties":{"gtfs_stop_id":"8420LL11544","naptan_atco_code":"8420LL11544","stop_code":"11544","stop_name":"Terryglass","wheelchair_boarding":"2","location_type":"","parent_station":"","naptan_name":"Terryglass","source_vintage":"current downloaded TFI static GTFS feed"}},{"type":"Feature","geometry":{"type":"Point","coordinates":[-8.265585,53.001068]},"properties":{"gtfs_stop_id":"8420LL11545","naptan_atco_code":"8420LL11545","stop_code":"11545","stop_name":"Coolbawn Quay","wheelchair_boarding":"2","location_type":"","parent_station":"","naptan_name":"Coolbawn Quay","source_vintage":"current downloaded TFI static GTFS feed"}},{"type":"Feature","geometry":{"type":"Point","coordinates":[-8.27526,52.92488]},"properties":{"gtfs_stop_id":"8420LL11546","naptan_atco_code":"8420LL11546","stop_code":"11546","stop_name":"Dromineer","wheelchair_boarding":"1","location_type":"","parent_station":"","naptan_name":"Dromineer","source_vintage":"current downloaded TFI static GTFS feed"}},{"type":"Feature","geometry":{"type":"Point","coordinates":[-8.24456,52.891533]},"properties":{"gtfs_stop_id":"8420LL11547","naptan_atco_code":"8420LL11547","stop_code":"11547","stop_name":"Ballycommon","wheelchair_boarding":"2","location_type":"","parent_station":"","naptan_name":"Ballycommon","source_vintage":"current downloaded TFI static GTFS feed"}},{"type":"Feature","geometry":{"type":"Point","coordinates":[-8.243604,52.891011]},"properties":{"gtfs_stop_id":"8420LL11548","naptan_atco_code":"8420LL11548","stop_code":"11548","stop_name":"Ballycommon","wheelchair_boarding":"2","location_type":"","parent_station":"","naptan_name":"Ballycommon","source_vintage":"current downloaded TFI static GTFS feed"}},{"type":"Feature","geometry":{"type":"Point","coordinates":[-8.209502683,52.86720545]},"properties":{"gtfs_stop_id":"8420LL11549","naptan_atco_code":"8420LL11549","stop_code":"11549","stop_name":"Saint Conlan's Road","wheelchair_boarding":"1","location_type":"","parent_station":"","naptan_name":"Saint Conlan's Road","source_vintage":"current downloaded TFI static GTFS feed"}},{"type":"Feature","geometry":{"type":"Point","coordinates":[-8.208971447,52.86714391]},"properties":{"gtfs_stop_id":"8420LL11550","naptan_atco_code":"8420LL11550","stop_code":"11550","stop_name":"Saint Conlan's Road","wheelchair_boarding":"2","location_type":"","parent_station":"","naptan_name":"Saint Conlan's Road","source_vintage":"current downloaded TFI static GTFS feed"}},{"type":"Feature","geometry":{"type":"Point","coordinates":[-8.03621,52.94219]},"properties":{"gtfs_stop_id":"8420LL11866","naptan_atco_code":"8420LL11866","stop_code":"11866","stop_name":"Cloughjordan","wheelchair_boarding":"1","location_type":"","parent_station":"","naptan_name":"Cloughjordan","source_vintage":"current downloaded TFI static GTFS feed"}},{"type":"Feature","geometry":{"type":"Point","coordinates":[-7.91152,52.71843]},"properties":{"gtfs_stop_id":"8420LL11870","naptan_atco_code":"8420LL11870","stop_code":"11870","stop_name":"Bouladuff","wheelchair_boarding":"1","location_type":"","parent_station":"","naptan_name":"Bouladuff","source_vintage":"current downloaded TFI static GTFS feed"}},{"type":"Feature","geometry":{"type":"Point","coordinates":[-7.90874,52.68833]},"properties":{"gtfs_stop_id":"8420LL12093","naptan_atco_code":"8420LL12093","stop_code":"12093","stop_name":"Ballycahill","wheelchair_boarding":"1","location_type":"","parent_station":"","naptan_name":"Ballycahill","source_vintage":"current downloaded TFI static GTFS feed"}},{"type":"Feature","geometry":{"type":"Point","coordinates":[-7.78781,52.9393]},"properties":{"gtfs_stop_id":"8420LL12119","naptan_atco_code":"8420LL12119","stop_code":"12119","stop_name":"Roscrea South","wheelchair_boarding":"1","location_type":"","parent_station":"","naptan_name":"Roscrea South","source_vintage":"current downloaded TFI static GTFS feed"}},{"type":"Feature","geometry":{"type":"Point","coordinates":[-7.78803,52.93928]},"properties":{"gtfs_stop_id":"8420LL12120","naptan_atco_code":"8420LL12120","stop_code":"12120","stop_name":"Roscrea South","wheelchair_boarding":"1","location_type":"","parent_station":"","naptan_name":"Roscrea South","source_vintage":"current downloaded TFI static GTFS feed"}},{"type":"Feature","geometry":{"type":"Point","coordinates":[-8.053224,52.80178]},"properties":{"gtfs_stop_id":"8420PB002877","naptan_atco_code":"8420PB002877","stop_code":"13802","stop_name":"Latteragh","wheelchair_boarding":"2","location_type":"","parent_station":"","naptan_name":"Latteragh","source_vintage":"current downloaded TFI static GTFS feed"}},{"type":"Feature","geometry":{"type":"Point","coordinates":[-8.052898,52.801789]},"properties":{"gtfs_stop_id":"8420PB002879","naptan_atco_code":"8420PB002879","stop_code":"13801","stop_name":"Latteragh","wheelchair_boarding":"2","location_type":"","parent_station":"","naptan_name":"Latteragh","source_vintage":"current downloaded TFI static GTFS feed"}},{"type":"Feature","geometry":{"type":"Point","coordinates":[-7.814231,52.679106]},"properties":{"gtfs_stop_id":"8420PB002885","naptan_atco_code":"8420PB002885","stop_code":"12321","stop_name":"Thurles","wheelchair_boarding":"1","location_type":"","parent_station":"","naptan_name":"Thurles","source_vintage":"current downloaded TFI static GTFS feed"}},{"type":"Feature","geometry":{"type":"Point","coordinates":[-8.02745,52.77295]},"properties":{"gtfs_stop_id":"8420PB14399","naptan_atco_code":"8420PB14399","stop_code":"14399","stop_name":"Currabaha","wheelchair_boarding":"1","location_type":"","parent_station":"","naptan_name":"Currabaha","source_vintage":"current downloaded TFI static GTFS feed"}},{"type":"Feature","geometry":{"type":"Point","coordinates":[-8.12683,52.83531]},"properties":{"gtfs_stop_id":"8420PB14403","naptan_atco_code":"8420PB14403","stop_code":"14403","stop_name":"Kilkeary","wheelchair_boarding":"2","location_type":"","parent_station":"","naptan_name":"Kilkeary","source_vintage":"current downloaded TFI static GTFS feed"}},{"type":"Feature","geometry":{"type":"Point","coordinates":[-7.71384,52.73396]},"properties":{"gtfs_stop_id":"8420PB14831","naptan_atco_code":"8420PB14831","stop_code":"14831","stop_name":"Moyne","wheelchair_boarding":"2","location_type":"","parent_station":"","naptan_name":"Moyne","source_vintage":"current downloaded TFI static GTFS feed"}},{"type":"Feature","geometry":{"type":"Point","coordinates":[-7.86696,52.63738]},"properties":{"gtfs_stop_id":"8420PB14836","naptan_atco_code":"8420PB14836","stop_code":"14836","stop_name":"Holycross","wheelchair_boarding":"1","location_type":"","parent_station":"","naptan_name":"Holycross","source_vintage":"current downloaded TFI static GTFS feed"}},{"type":"Feature","geometry":{"type":"Point","coordinates":[-7.8216,52.67685]},"properties":{"gtfs_stop_id":"843000001","naptan_atco_code":"843000001","stop_code":"11859","stop_name":"Thurles Station","wheelchair_boarding":"0","location_type":"","parent_station":"","naptan_name":"Thurles Station","source_vintage":"current downloaded TFI static GTFS feed"}},{"type":"Feature","geometry":{"type":"Point","coordinates":[-7.752931,52.411928]},"properties":{"gtfs_stop_id":"843000003","naptan_atco_code":"843000003","stop_code":"13964","stop_name":"Ballyclerahan","wheelchair_boarding":"2","location_type":"","parent_station":"","naptan_name":"Ballyclerahan","source_vintage":"current downloaded TFI static GTFS feed"}},{"type":"Feature","geometry":{"type":"Point","coordinates":[-7.753005,52.411857]},"properties":{"gtfs_stop_id":"843000004","naptan_atco_code":"843000004","stop_code":"13963","stop_name":"Ballyclerahan","wheelchair_boarding":"2","location_type":"","parent_station":"","naptan_name":"Ballyclerahan","source_vintage":"current downloaded TFI static GTFS feed"}},{"type":"Feature","geometry":{"type":"Point","coordinates":[-7.58075,52.36148]},"properties":{"gtfs_stop_id":"843000007","naptan_atco_code":"843000007","stop_code":"15052","stop_name":"Kilsheelan","wheelchair_boarding":"1","location_type":"","parent_station":"","naptan_name":"Kilsheelan","source_vintage":"current downloaded TFI static GTFS feed"}},{"type":"Feature","geometry":{"type":"Point","coordinates":[-7.58081,52.36145]},"properties":{"gtfs_stop_id":"843000008","naptan_atco_code":"843000008","stop_code":"15051","stop_name":"Kilsheelan","wheelchair_boarding":"2","location_type":"","parent_station":"","naptan_name":"Kilsheelan","source_vintage":"current downloaded TFI static GTFS feed"}},{"type":"Feature","geometry":{"type":"Point","coordinates":[-7.735266,52.636991]},"properties":{"gtfs_stop_id":"843000009","naptan_atco_code":"843000009","stop_code":"13962","stop_name":"St Bridgets Terrace","wheelchair_boarding":"1","location_type":"","parent_station":"","naptan_name":"Saint Bridget's Terrace","source_vintage":"current downloaded TFI static GTFS feed"}},{"type":"Feature","geometry":{"type":"Point","coordinates":[-7.63993,52.61533]},"properties":{"gtfs_stop_id":"843000013","naptan_atco_code":"843000013","stop_code":"12858","stop_name":"Glengoole","wheelchair_boarding":"2","location_type":"","parent_station":"","naptan_name":"Glengoole","source_vintage":"current downloaded TFI static GTFS feed"}},{"type":"Feature","geometry":{"type":"Point","coordinates":[-7.64013,52.61536]},"properties":{"gtfs_stop_id":"843000014","naptan_atco_code":"843000014","stop_code":"12859","stop_name":"Glengoole","wheelchair_boarding":"2","location_type":"","parent_station":"","naptan_name":"Glengoole","source_vintage":"current downloaded TFI static GTFS feed"}},{"type":"Feature","geometry":{"type":"Point","coordinates":[-7.602762,52.675629]},"properties":{"gtfs_stop_id":"843000016","naptan_atco_code":"843000016","stop_code":"13961","stop_name":"Gortnahoe","wheelchair_boarding":"1","location_type":"","parent_station":"","naptan_name":"Gortnahoe","source_vintage":"current downloaded TFI static GTFS feed"}},{"type":"Feature","geometry":{"type":"Point","coordinates":[-7.911263,52.718243]},"properties":{"gtfs_stop_id":"843000017","naptan_atco_code":"843000017","stop_code":"11865","stop_name":"Bouladuff","wheelchair_boarding":"1","location_type":"","parent_station":"","naptan_name":"Bouladuff","source_vintage":"current downloaded TFI static GTFS feed"}},{"type":"Feature","geometry":{"type":"Point","coordinates":[-7.587527,52.372448]},"properties":{"gtfs_stop_id":"843000018","naptan_atco_code":"843000018","stop_code":"11863","stop_name":"Seskin","wheelchair_boarding":"2","location_type":"","parent_station":"","naptan_name":"Seskin","source_vintage":"current downloaded TFI static GTFS feed"}},{"type":"Feature","geometry":{"type":"Point","coordinates":[-7.41106,52.34799]},"properties":{"gtfs_stop_id":"843000019","naptan_atco_code":"843000019","stop_code":"15048","stop_name":"Carrick-on-Suir","wheelchair_boarding":"1","location_type":"","parent_station":"","naptan_name":"Carrick-on-Suir","source_vintage":"current downloaded TFI static GTFS feed"}},{"type":"Feature","geometry":{"type":"Point","coordinates":[-8.16628,52.47418]},"properties":{"gtfs_stop_id":"843000020","naptan_atco_code":"843000020","stop_code":"12860","stop_name":"Upr Church St","wheelchair_boarding":"1","location_type":"","parent_station":"","naptan_name":"Upper Church Street","source_vintage":"current downloaded TFI static GTFS feed"}},{"type":"Feature","geometry":{"type":"Point","coordinates":[-7.922788,52.37859]},"properties":{"gtfs_stop_id":"843000021","naptan_atco_code":"843000021","stop_code":"12861","stop_name":"Cahir Stn","wheelchair_boarding":"1","location_type":"","parent_station":"","naptan_name":"Cahir Station","source_vintage":"current downloaded TFI static GTFS feed"}},{"type":"Feature","geometry":{"type":"Point","coordinates":[-7.92589,52.37418]},"properties":{"gtfs_stop_id":"843000022","naptan_atco_code":"843000022","stop_code":"15049","stop_name":"Cahir Castle","wheelchair_boarding":"1","location_type":"","parent_station":"","naptan_name":"Cahir Castle","source_vintage":"current downloaded TFI static GTFS feed"}},{"type":"Feature","geometry":{"type":"Point","coordinates":[-7.932561,52.384142]},"properties":{"gtfs_stop_id":"843000023","naptan_atco_code":"843000023","stop_code":"12862","stop_name":"Abbey Cres","wheelchair_boarding":"1","location_type":"","parent_station":"","naptan_name":"Abbey Crescent","source_vintage":"current downloaded TFI static GTFS feed"}},{"type":"Feature","geometry":{"type":"Point","coordinates":[-7.9324,52.3842]},"properties":{"gtfs_stop_id":"843000024","naptan_atco_code":"843000024","stop_code":"12863","stop_name":"Abbey Cres","wheelchair_boarding":"1","location_type":"","parent_station":"","naptan_name":"Abbey Crescent","source_vintage":"current downloaded TFI static GTFS feed"}},{"type":"Feature","geometry":{"type":"Point","coordinates":[-7.92292,52.378698]},"properties":{"gtfs_stop_id":"843000028","naptan_atco_code":"843000028","stop_code":"12864","stop_name":"Cahir Stn","wheelchair_boarding":"1","location_type":"","parent_station":"","naptan_name":"Cahir Station","source_vintage":"current downloaded TFI static GTFS feed"}},{"type":"Feature","geometry":{"type":"Point","coordinates":[-7.603042,52.675693]},"properties":{"gtfs_stop_id":"843000029","naptan_atco_code":"843000029","stop_code":"13960","stop_name":"Gortnahoe","wheelchair_boarding":"1","location_type":"","parent_station":"","naptan_name":"Gortnahoe","source_vintage":"current downloaded TFI static GTFS feed"}},{"type":"Feature","geometry":{"type":"Point","coordinates":[-7.58759970879114,52.3725474277289]},"properties":{"gtfs_stop_id":"843000030","naptan_atco_code":"843000030","stop_code":"11864","stop_name":"Seskin","wheelchair_boarding":"1","location_type":"","parent_station":"","naptan_name":"Seskin","source_vintage":"current downloaded TFI static GTFS feed"}},{"type":"Feature","geometry":{"type":"Point","coordinates":[-7.69588,52.46613]},"properties":{"gtfs_stop_id":"843000032","naptan_atco_code":"843000032","stop_code":"12006","stop_name":"Fethard","wheelchair_boarding":"2","location_type":"","parent_station":"","naptan_name":"Fethard","source_vintage":"current downloaded TFI static GTFS feed"}},{"type":"Feature","geometry":{"type":"Point","coordinates":[-7.695851,52.466031]},"properties":{"gtfs_stop_id":"843000033","naptan_atco_code":"843000033","stop_code":"12007","stop_name":"Fethard","wheelchair_boarding":"2","location_type":"","parent_station":"","naptan_name":"Fethard","source_vintage":"current downloaded TFI static GTFS feed"}},{"type":"Feature","geometry":{"type":"Point","coordinates":[-7.72355,52.78798]},"properties":{"gtfs_stop_id":"843000034","naptan_atco_code":"843000034","stop_code":"12023","stop_name":"Templetouhy","wheelchair_boarding":"2","location_type":"","parent_station":"","naptan_name":"Templetouhy","source_vintage":"current downloaded TFI static GTFS feed"}},{"type":"Feature","geometry":{"type":"Point","coordinates":[-7.69342,52.35785]},"properties":{"gtfs_stop_id":"843000035","naptan_atco_code":"843000035","stop_code":"11503","stop_name":"Father Matthew Trce","wheelchair_boarding":"1","location_type":"","parent_station":"","naptan_name":"Father Matthew Terrace","source_vintage":"current downloaded TFI static GTFS feed"}},{"type":"Feature","geometry":{"type":"Point","coordinates":[-7.729093,52.351104]},"properties":{"gtfs_stop_id":"843000036","naptan_atco_code":"843000036","stop_code":"11501","stop_name":"Marlfield Rd","wheelchair_boarding":"1","location_type":"","parent_station":"","naptan_name":"Marlfield Road","source_vintage":"current downloaded TFI static GTFS feed"}},{"type":"Feature","geometry":{"type":"Point","coordinates":[-7.702124,52.35425]},"properties":{"gtfs_stop_id":"843000040","naptan_atco_code":"843000040","stop_code":"13958","stop_name":"Gladstone Street","wheelchair_boarding":"1","location_type":"","parent_station":"","naptan_name":"Gladstone Street","source_vintage":"current downloaded TFI static GTFS feed"}},{"type":"Feature","geometry":{"type":"Point","coordinates":[-7.702036,52.354258]},"properties":{"gtfs_stop_id":"843000041","naptan_atco_code":"843000041","stop_code":"13957","stop_name":"Gladstone Street","wheelchair_boarding":"2","location_type":"","parent_station":"","naptan_name":"Gladstone Street","source_vintage":"current downloaded TFI static GTFS feed"}},{"type":"Feature","geometry":{"type":"Point","coordinates":[-7.6939,52.35804]},"properties":{"gtfs_stop_id":"843000046","naptan_atco_code":"843000046","stop_code":"11502","stop_name":"Father Matthew Trce","wheelchair_boarding":"1","location_type":"","parent_station":"","naptan_name":"Father Matthew Terrace","source_vintage":"current downloaded TFI static GTFS feed"}},{"type":"Feature","geometry":{"type":"Point","coordinates":[-7.729241,52.35107]},"properties":{"gtfs_stop_id":"843000047","naptan_atco_code":"843000047","stop_code":"11500","stop_name":"Marlfield Rd","wheelchair_boarding":"1","location_type":"","parent_station":"","naptan_name":"Marlfield Road","source_vintage":"current downloaded TFI static GTFS feed"}},{"type":"Feature","geometry":{"type":"Point","coordinates":[-7.746357,52.347814]},"properties":{"gtfs_stop_id":"843000048","naptan_atco_code":"843000048","stop_code":"11498","stop_name":"Marlfield","wheelchair_boarding":"2","location_type":"","parent_station":"","naptan_name":"Marlfield","source_vintage":"current downloaded TFI static GTFS feed"}},{"type":"Feature","geometry":{"type":"Point","coordinates":[-7.74564087474166,52.347906429852]},"properties":{"gtfs_stop_id":"843000060","naptan_atco_code":"843000060","stop_code":"11499","stop_name":"Marlfield","wheelchair_boarding":"1","location_type":"","parent_station":"","naptan_name":"Marlfield","source_vintage":"current downloaded TFI static GTFS feed"}},{"type":"Feature","geometry":{"type":"Point","coordinates":[-7.66676,52.58988]},"properties":{"gtfs_stop_id":"843000069","naptan_atco_code":"843000069","stop_code":"14606","stop_name":"Ballynonty","wheelchair_boarding":"1","location_type":"","parent_station":"","naptan_name":"Ballynonty","source_vintage":"current downloaded TFI static GTFS feed"}},{"type":"Feature","geometry":{"type":"Point","coordinates":[-7.66682,52.58992]},"properties":{"gtfs_stop_id":"843000071","naptan_atco_code":"843000071","stop_code":"14605","stop_name":"Ballynonty","wheelchair_boarding":"1","location_type":"","parent_station":"","naptan_name":"Ballynonty","source_vintage":"current downloaded TFI static GTFS feed"}},{"type":"Feature","geometry":{"type":"Point","coordinates":[-7.609104,52.637684]},"properties":{"gtfs_stop_id":"843000072","naptan_atco_code":"843000072","stop_code":"13956","stop_name":"Ballysloe","wheelchair_boarding":"2","location_type":"","parent_station":"","naptan_name":"Ballysloe","source_vintage":"current downloaded TFI static GTFS feed"}},{"type":"Feature","geometry":{"type":"Point","coordinates":[-7.706272,52.348516]},"properties":{"gtfs_stop_id":"843000078","naptan_atco_code":"843000078","stop_code":"11986","stop_name":"Oldbridge","wheelchair_boarding":"2","location_type":"","parent_station":"","naptan_name":"Oldbridge","source_vintage":"current downloaded TFI static GTFS feed"}},{"type":"Feature","geometry":{"type":"Point","coordinates":[-7.70300324999911,52.4179166683367]},"properties":{"gtfs_stop_id":"843000082","naptan_atco_code":"843000082","stop_code":"13955","stop_name":"Lisronagh","wheelchair_boarding":"2","location_type":"","parent_station":"","naptan_name":"Lisronagh","source_vintage":"current downloaded TFI static GTFS feed"}},{"type":"Feature","geometry":{"type":"Point","coordinates":[-7.703252,52.41807]},"properties":{"gtfs_stop_id":"843000083","naptan_atco_code":"843000083","stop_code":"13954","stop_name":"Lisronagh","wheelchair_boarding":"1","location_type":"","parent_station":"","naptan_name":"Lisronagh","source_vintage":"current downloaded TFI static GTFS feed"}},{"type":"Feature","geometry":{"type":"Point","coordinates":[-7.63150414558756,52.6954321396871]},"properties":{"gtfs_stop_id":"843000088","naptan_atco_code":"843000088","stop_code":"13953","stop_name":"Longfordpass","wheelchair_boarding":"2","location_type":"","parent_station":"","naptan_name":"Longfordpass","source_vintage":"current downloaded TFI static GTFS feed"}},{"type":"Feature","geometry":{"type":"Point","coordinates":[-7.673474,52.568374]},"properties":{"gtfs_stop_id":"843000147","naptan_atco_code":"843000147","stop_code":"11852","stop_name":"Killenaule","wheelchair_boarding":"2","location_type":"","parent_station":"","naptan_name":"Killenaule","source_vintage":"current downloaded TFI static GTFS feed"}},{"type":"Feature","geometry":{"type":"Point","coordinates":[-7.673415,52.568392]},"properties":{"gtfs_stop_id":"843000148","naptan_atco_code":"843000148","stop_code":"11853","stop_name":"Killenaule","wheelchair_boarding":"2","location_type":"","parent_station":"","naptan_name":"Killenaule","source_vintage":"current downloaded TFI static GTFS feed"}},{"type":"Feature","geometry":{"type":"Point","coordinates":[-7.88245,52.44049]},"properties":{"gtfs_stop_id":"843000149","naptan_atco_code":"843000149","stop_code":"12866","stop_name":"New Inn","wheelchair_boarding":"1","location_type":"","parent_station":"","naptan_name":"New Inn","source_vintage":"current downloaded TFI static GTFS feed"}},{"type":"Feature","geometry":{"type":"Point","coordinates":[-7.820105,52.400832]},"properties":{"gtfs_stop_id":"843000152","naptan_atco_code":"843000152","stop_code":"13952","stop_name":"Poulnamucky","wheelchair_boarding":"2","location_type":"","parent_station":"","naptan_name":"Poulnamucky","source_vintage":"current downloaded TFI static GTFS feed"}},{"type":"Feature","geometry":{"type":"Point","coordinates":[-7.54668,52.62727]},"properties":{"gtfs_stop_id":"843000161","naptan_atco_code":"843000161","stop_code":"11857","stop_name":"The Commons","wheelchair_boarding":"2","location_type":"","parent_station":"","naptan_name":"The Commons","source_vintage":"current downloaded TFI static GTFS feed"}},{"type":"Feature","geometry":{"type":"Point","coordinates":[-7.54674,52.62708]},"properties":{"gtfs_stop_id":"843000162","naptan_atco_code":"843000162","stop_code":"11856","stop_name":"The Commons","wheelchair_boarding":"2","location_type":"","parent_station":"","naptan_name":"The Commons","source_vintage":"current downloaded TFI static GTFS feed"}},{"type":"Feature","geometry":{"type":"Point","coordinates":[-7.541766,52.586453]},"properties":{"gtfs_stop_id":"843000165","naptan_atco_code":"843000165","stop_code":"11848","stop_name":"Ballingarry","wheelchair_boarding":"1","location_type":"","parent_station":"","naptan_name":"Ballingarry","source_vintage":"current downloaded TFI static GTFS feed"}},{"type":"Feature","geometry":{"type":"Point","coordinates":[-7.541885,52.586355]},"properties":{"gtfs_stop_id":"843000185","naptan_atco_code":"843000185","stop_code":"11849","stop_name":"Ballingarry","wheelchair_boarding":"2","location_type":"","parent_station":"","naptan_name":"Ballingarry","source_vintage":"current downloaded TFI static GTFS feed"}},{"type":"Feature","geometry":{"type":"Point","coordinates":[-7.92569,52.37453]},"properties":{"gtfs_stop_id":"8430B155341","naptan_atco_code":"8430B155341","stop_code":"155341","stop_name":"Cahir","wheelchair_boarding":"1","location_type":"","parent_station":"","naptan_name":"Cahir","source_vintage":"current downloaded TFI static GTFS feed"}},{"type":"Feature","geometry":{"type":"Point","coordinates":[-7.92597,52.37469]},"properties":{"gtfs_stop_id":"8430B1553901","naptan_atco_code":"8430B1553901","stop_code":"155391","stop_name":"Cahir","wheelchair_boarding":"1","location_type":"","parent_station":"","naptan_name":"Cahir","source_vintage":"current downloaded TFI static GTFS feed"}},{"type":"Feature","geometry":{"type":"Point","coordinates":[-7.88694,52.51727]},"properties":{"gtfs_stop_id":"8430B155401","naptan_atco_code":"8430B155401","stop_code":"155401","stop_name":"Cashel","wheelchair_boarding":"1","location_type":"","parent_station":"","naptan_name":"Cashel","source_vintage":"current downloaded TFI static GTFS feed"}},{"type":"Feature","geometry":{"type":"Point","coordinates":[-7.881583,52.309381]},"properties":{"gtfs_stop_id":"8430B2501001","naptan_atco_code":"8430B2501001","stop_code":"250101","stop_name":"Ardfinnan","wheelchair_boarding":"1","location_type":"","parent_station":"","naptan_name":"Ardfinnan","source_vintage":"current downloaded TFI static GTFS feed"}},{"type":"Feature","geometry":{"type":"Point","coordinates":[-7.885088,52.309222]},"properties":{"gtfs_stop_id":"8430B250131","naptan_atco_code":"8430B250131","stop_code":"250131","stop_name":"Ardfinnan","wheelchair_boarding":"1","location_type":"","parent_station":"","naptan_name":"Ardfinnan","source_vintage":"current downloaded TFI static GTFS feed"}},{"type":"Feature","geometry":{"type":"Point","coordinates":[-7.88707,52.51705]},"properties":{"gtfs_stop_id":"8430B255231","naptan_atco_code":"8430B255231","stop_code":"255231","stop_name":"Cashel","wheelchair_boarding":"1","location_type":"","parent_station":"","naptan_name":"Cashel","source_vintage":"current downloaded TFI static GTFS feed"}},{"type":"Feature","geometry":{"type":"Point","coordinates":[-8.09922115449948,52.270127251702]},"properties":{"gtfs_stop_id":"8430B2560701","naptan_atco_code":"8430B2560701","stop_code":"256071","stop_name":"Ballyporeen","wheelchair_boarding":"2","location_type":"","parent_station":"","naptan_name":"Ballyporeen","source_vintage":"current downloaded TFI static GTFS feed"}},{"type":"Feature","geometry":{"type":"Point","coordinates":[-8.09948464280023,52.2700191671775]},"properties":{"gtfs_stop_id":"8430B256081","naptan_atco_code":"8430B256081","stop_code":"256081","stop_name":"Ballyporeen","wheelchair_boarding":"2","location_type":"","parent_station":"","naptan_name":"Ballyporeen","source_vintage":"current downloaded TFI static GTFS feed"}},{"type":"Feature","geometry":{"type":"Point","coordinates":[-8.22237035866695,52.5102015064791]},"properties":{"gtfs_stop_id":"8430B331821","naptan_atco_code":"8430B331821","stop_code":"331821","stop_name":"Monard","wheelchair_boarding":"1","location_type":"","parent_station":"","naptan_name":"Monard","source_vintage":"current downloaded TFI static GTFS feed"}},{"type":"Feature","geometry":{"type":"Point","coordinates":[-8.20620011464524,52.498644965625]},"properties":{"gtfs_stop_id":"8430B331831","naptan_atco_code":"8430B331831","stop_code":"331831","stop_name":"Limerick Junction","wheelchair_boarding":"1","location_type":"","parent_station":"","naptan_name":"Limerick Junction","source_vintage":"current downloaded TFI static GTFS feed"}},{"type":"Feature","geometry":{"type":"Point","coordinates":[-8.171252,52.47605]},"properties":{"gtfs_stop_id":"8430B331841","naptan_atco_code":"8430B331841","stop_code":"331841","stop_name":"Davitt Street","wheelchair_boarding":"1","location_type":"","parent_station":"","naptan_name":"Davitt Street","source_vintage":"current downloaded TFI static GTFS feed"}},{"type":"Feature","geometry":{"type":"Point","coordinates":[-8.158333,52.472341]},"properties":{"gtfs_stop_id":"8430B331851","naptan_atco_code":"8430B331851","stop_code":"331851","stop_name":"Tipperary","wheelchair_boarding":"1","location_type":"","parent_station":"","naptan_name":"Tipperary","source_vintage":"current downloaded TFI static GTFS feed"}},{"type":"Feature","geometry":{"type":"Point","coordinates":[-8.06456532746084,52.4482750255874]},"properties":{"gtfs_stop_id":"8430B331861","naptan_atco_code":"8430B331861","stop_code":"331861","stop_name":"Bansha","wheelchair_boarding":"1","location_type":"","parent_station":"","naptan_name":"Bansha","source_vintage":"current downloaded TFI static GTFS feed"}},{"type":"Feature","geometry":{"type":"Point","coordinates":[-7.71165,52.35416]},"properties":{"gtfs_stop_id":"8430B331871","naptan_atco_code":"8430B331871","stop_code":"331871","stop_name":"Tipperary Hospl","wheelchair_boarding":"1","location_type":"","parent_station":"","naptan_name":"Tipperary University Hospital","source_vintage":"current downloaded TFI static GTFS feed"}},{"type":"Feature","geometry":{"type":"Point","coordinates":[-7.711767,52.354047]},"properties":{"gtfs_stop_id":"8430B331881","naptan_atco_code":"8430B331881","stop_code":"331881","stop_name":"Tipperary Hospl","wheelchair_boarding":"1","location_type":"","parent_station":"","naptan_name":"Tipperary University Hospital","source_vintage":"current downloaded TFI static GTFS feed"}},{"type":"Feature","geometry":{"type":"Point","coordinates":[-7.69337,52.355]},"properties":{"gtfs_stop_id":"8430B331901","naptan_atco_code":"8430B331901","stop_code":"331901","stop_name":"Clonmel Showgs","wheelchair_boarding":"1","location_type":"","parent_station":"","naptan_name":"Clonmel Showgrounds","source_vintage":"current downloaded TFI static GTFS feed"}},{"type":"Feature","geometry":{"type":"Point","coordinates":[-7.692635,52.355043]},"properties":{"gtfs_stop_id":"8430B331911","naptan_atco_code":"8430B331911","stop_code":"331911","stop_name":"Clonmel Showgs","wheelchair_boarding":"1","location_type":"","parent_station":"","naptan_name":"Clonmel Showgrounds","source_vintage":"current downloaded TFI static GTFS feed"}},{"type":"Feature","geometry":{"type":"Point","coordinates":[-7.580981,52.361199]},"properties":{"gtfs_stop_id":"8430B331921","naptan_atco_code":"8430B331921","stop_code":"331921","stop_name":"Kilsheelan","wheelchair_boarding":"1","location_type":"","parent_station":"","naptan_name":"Kilsheelan","source_vintage":"current downloaded TFI static GTFS feed"}},{"type":"Feature","geometry":{"type":"Point","coordinates":[-7.423052,52.348498]},"properties":{"gtfs_stop_id":"8430B331931","naptan_atco_code":"8430B331931","stop_code":"331931","stop_name":"S Treacy Pk","wheelchair_boarding":"1","location_type":"","parent_station":"","naptan_name":"Sean Treacy Park","source_vintage":"current downloaded TFI static GTFS feed"}},{"type":"Feature","geometry":{"type":"Point","coordinates":[-7.423288,52.3484]},"properties":{"gtfs_stop_id":"8430B331941","naptan_atco_code":"8430B331941","stop_code":"331941","stop_name":"S Treacy Pk","wheelchair_boarding":"1","location_type":"","parent_station":"","naptan_name":"Sean Treacy Park","source_vintage":"current downloaded TFI static GTFS feed"}},{"type":"Feature","geometry":{"type":"Point","coordinates":[-7.408739,52.348]},"properties":{"gtfs_stop_id":"8430B331951","naptan_atco_code":"8430B331951","stop_code":"331951","stop_name":"Carrick-on-Suir","wheelchair_boarding":"1","location_type":"","parent_station":"","naptan_name":"Carrick-on-Suir","source_vintage":"current downloaded TFI static GTFS feed"}},{"type":"Feature","geometry":{"type":"Point","coordinates":[-7.397704,52.349712]},"properties":{"gtfs_stop_id":"8430B331961","naptan_atco_code":"8430B331961","stop_code":"331961","stop_name":"Dunbane","wheelchair_boarding":"1","location_type":"","parent_station":"","naptan_name":"Dunbane","source_vintage":"current downloaded TFI static GTFS feed"}},{"type":"Feature","geometry":{"type":"Point","coordinates":[-7.396225,52.34992]},"properties":{"gtfs_stop_id":"8430B331971","naptan_atco_code":"8430B331971","stop_code":"331971","stop_name":"Dunbane","wheelchair_boarding":"1","location_type":"","parent_station":"","naptan_name":"Dunbane","source_vintage":"current downloaded TFI static GTFS feed"}},{"type":"Feature","geometry":{"type":"Point","coordinates":[-7.70641,52.3554]},"properties":{"gtfs_stop_id":"8430B332421","naptan_atco_code":"8430B332421","stop_code":"332421","stop_name":"Queen Street","wheelchair_boarding":"1","location_type":"","parent_station":"","naptan_name":"Queen Street","source_vintage":"current downloaded TFI static GTFS feed"}},{"type":"Feature","geometry":{"type":"Point","coordinates":[-7.707154,52.355097]},"properties":{"gtfs_stop_id":"8430B332431","naptan_atco_code":"8430B332431","stop_code":"332431","stop_name":"Queen Street","wheelchair_boarding":"1","location_type":"","parent_station":"","naptan_name":"Queen Street","source_vintage":"current downloaded TFI static GTFS feed"}},{"type":"Feature","geometry":{"type":"Point","coordinates":[-8.16918,52.47489]},"properties":{"gtfs_stop_id":"8430B334781","naptan_atco_code":"8430B334781","stop_code":"334781","stop_name":"Davitt Street","wheelchair_boarding":"1","location_type":"","parent_station":"","naptan_name":"Davitt Street","source_vintage":"current downloaded TFI static GTFS feed"}},{"type":"Feature","geometry":{"type":"Point","coordinates":[-8.167858,52.582125]},"properties":{"gtfs_stop_id":"8430B334831","naptan_atco_code":"8430B334831","stop_code":"334831","stop_name":"Cappawhite","wheelchair_boarding":"2","location_type":"","parent_station":"","naptan_name":"Cappawhite","source_vintage":"current downloaded TFI static GTFS feed"}},{"type":"Feature","geometry":{"type":"Point","coordinates":[-8.112689,52.565526]},"properties":{"gtfs_stop_id":"8430B3348501","naptan_atco_code":"8430B3348501","stop_code":"334851","stop_name":"Annacarty","wheelchair_boarding":"1","location_type":"","parent_station":"","naptan_name":"Annacarty","source_vintage":"current downloaded TFI static GTFS feed"}},{"type":"Feature","geometry":{"type":"Point","coordinates":[-8.04936033392942,52.5587384596857]},"properties":{"gtfs_stop_id":"8430B3348601","naptan_atco_code":"8430B3348601","stop_code":"334861","stop_name":"Dundrum","wheelchair_boarding":"1","location_type":"","parent_station":"","naptan_name":"Dundrum","source_vintage":"current downloaded TFI static GTFS feed"}},{"type":"Feature","geometry":{"type":"Point","coordinates":[-8.16779905772306,52.5820349049894]},"properties":{"gtfs_stop_id":"8430B335141","naptan_atco_code":"8430B335141","stop_code":"335141","stop_name":"Cappawhite","wheelchair_boarding":"2","location_type":"","parent_station":"","naptan_name":"Cappawhite","source_vintage":"current downloaded TFI static GTFS feed"}},{"type":"Feature","geometry":{"type":"Point","coordinates":[-8.11294,52.565562]},"properties":{"gtfs_stop_id":"8430B335151","naptan_atco_code":"8430B335151","stop_code":"335151","stop_name":"Annacarty","wheelchair_boarding":"2","location_type":"","parent_station":"","naptan_name":"Annacarty","source_vintage":"current downloaded TFI static GTFS feed"}},{"type":"Feature","geometry":{"type":"Point","coordinates":[-8.04943405186874,52.5587204526802]},"properties":{"gtfs_stop_id":"8430B335161","naptan_atco_code":"8430B335161","stop_code":"335161","stop_name":"Dundrum","wheelchair_boarding":"1","location_type":"","parent_station":"","naptan_name":"Dundrum","source_vintage":"current downloaded TFI static GTFS feed"}},{"type":"Feature","geometry":{"type":"Point","coordinates":[-8.20083,52.50013]},"properties":{"gtfs_stop_id":"8430B3372302","naptan_atco_code":"8430B3372302","stop_code":"337232","stop_name":"Limerick Junction","wheelchair_boarding":"2","location_type":"","parent_station":"","naptan_name":"Limerick Junction","source_vintage":"current downloaded TFI static GTFS feed"}},{"type":"Feature","geometry":{"type":"Point","coordinates":[-8.20657032221044,52.49907575506]},"properties":{"gtfs_stop_id":"8430B3372401","naptan_atco_code":"8430B3372401","stop_code":"337241","stop_name":"Limerick Junction","wheelchair_boarding":"1","location_type":"","parent_station":"","naptan_name":"Limerick Junction","source_vintage":"current downloaded TFI static GTFS feed"}},{"type":"Feature","geometry":{"type":"Point","coordinates":[-8.22216416619146,52.5102108819378]},"properties":{"gtfs_stop_id":"8430B3372501","naptan_atco_code":"8430B3372501","stop_code":"337251","stop_name":"Monard","wheelchair_boarding":"1","location_type":"","parent_station":"","naptan_name":"Monard","source_vintage":"current downloaded TFI static GTFS feed"}},{"type":"Feature","geometry":{"type":"Point","coordinates":[-7.646572,52.360298]},"properties":{"gtfs_stop_id":"8430B345651","naptan_atco_code":"8430B345651","stop_code":"345651","stop_name":"Annerville","wheelchair_boarding":"1","location_type":"","parent_station":"","naptan_name":"Annerville","source_vintage":"current downloaded TFI static GTFS feed"}},{"type":"Feature","geometry":{"type":"Point","coordinates":[-7.648145,52.360114]},"properties":{"gtfs_stop_id":"8430B345661","naptan_atco_code":"8430B345661","stop_code":"345661","stop_name":"Annerville","wheelchair_boarding":"2","location_type":"","parent_station":"","naptan_name":"Annerville","source_vintage":"current downloaded TFI static GTFS feed"}},{"type":"Feature","geometry":{"type":"Point","coordinates":[-7.469238,52.445592]},"properties":{"gtfs_stop_id":"8430B3510901","naptan_atco_code":"8430B3510901","stop_code":"351091","stop_name":"Grangemockler","wheelchair_boarding":"0","location_type":"","parent_station":"","naptan_name":"Grangemockler","source_vintage":"current downloaded TFI static GTFS feed"}},{"type":"Feature","geometry":{"type":"Point","coordinates":[-7.469371,52.445583]},"properties":{"gtfs_stop_id":"8430B3510902","naptan_atco_code":"8430B3510902","stop_code":"351092","stop_name":"Grangemockler","wheelchair_boarding":"1","location_type":"","parent_station":"","naptan_name":"Grangemockler","source_vintage":"current downloaded TFI static GTFS feed"}},{"type":"Feature","geometry":{"type":"Point","coordinates":[-7.408294,52.347901]},"properties":{"gtfs_stop_id":"8430B3511101","naptan_atco_code":"8430B3511101","stop_code":"351111","stop_name":"Carrick-on-Suir","wheelchair_boarding":"1","location_type":"","parent_station":"","naptan_name":"Carrick-on-Suir","source_vintage":"current downloaded TFI static GTFS feed"}},{"type":"Feature","geometry":{"type":"Point","coordinates":[-7.998725,52.275301]},"properties":{"gtfs_stop_id":"8430B351221","naptan_atco_code":"8430B351221","stop_code":"351221","stop_name":"Clogheen","wheelchair_boarding":"2","location_type":"","parent_station":"","naptan_name":"Clogheen","source_vintage":"current downloaded TFI static GTFS feed"}},{"type":"Feature","geometry":{"type":"Point","coordinates":[-7.99896,52.275176]},"properties":{"gtfs_stop_id":"8430B3512401","naptan_atco_code":"8430B3512401","stop_code":"351241","stop_name":"Clogheen","wheelchair_boarding":"2","location_type":"","parent_station":"","naptan_name":"Clogheen","source_vintage":"current downloaded TFI static GTFS feed"}},{"type":"Feature","geometry":{"type":"Point","coordinates":[-7.699656,52.360904]},"properties":{"gtfs_stop_id":"8430B3554801","naptan_atco_code":"8430B3554801","stop_code":"355481","stop_name":"Clonmel Stn","wheelchair_boarding":"1","location_type":"","parent_station":"","naptan_name":"Clonmel Station","source_vintage":"current downloaded TFI static GTFS feed"}},{"type":"Feature","geometry":{"type":"Point","coordinates":[-7.579836,52.361195]},"properties":{"gtfs_stop_id":"8430B3580601","naptan_atco_code":"8430B3580601","stop_code":"358061","stop_name":"Kilsheelan","wheelchair_boarding":"1","location_type":"","parent_station":"","naptan_name":"Kilsheelan","source_vintage":"current downloaded TFI static GTFS feed"}},{"type":"Feature","geometry":{"type":"Point","coordinates":[-8.06375566767772,52.4478799797938]},"properties":{"gtfs_stop_id":"8430B631201","naptan_atco_code":"8430B631201","stop_code":"631201","stop_name":"Bansha","wheelchair_boarding":"1","location_type":"","parent_station":"","naptan_name":"Bansha","source_vintage":"current downloaded TFI static GTFS feed"}},{"type":"Feature","geometry":{"type":"Point","coordinates":[-8.15946,52.47264]},"properties":{"gtfs_stop_id":"8430B6354701","naptan_atco_code":"8430B6354701","stop_code":"635471","stop_name":"Tipperary","wheelchair_boarding":"1","location_type":"","parent_station":"","naptan_name":"Tipperary","source_vintage":"current downloaded TFI static GTFS feed"}},{"type":"Feature","geometry":{"type":"Point","coordinates":[-8.161495,52.47272]},"properties":{"gtfs_stop_id":"8430B6354704","naptan_atco_code":"8430B6354704","stop_code":"635474","stop_name":"Tipperary","wheelchair_boarding":"2","location_type":"","parent_station":"","naptan_name":"Tipperary","source_vintage":"current downloaded TFI static GTFS feed"}},{"type":"Feature","geometry":{"type":"Point","coordinates":[-8.162103,52.470091]},"properties":{"gtfs_stop_id":"8430IR0099","naptan_atco_code":"8430IR0099","stop_code":"999041","stop_name":"Tipperary","wheelchair_boarding":"0","location_type":"","parent_station":"","naptan_name":"Tipperary","source_vintage":"current downloaded TFI static GTFS feed"}},{"type":"Feature","geometry":{"type":"Point","coordinates":[-8.197243,52.503684]},"properties":{"gtfs_stop_id":"8430IR0100","naptan_atco_code":"8430IR0100","stop_code":"999016","stop_name":"Limerick Junction","wheelchair_boarding":"0","location_type":"","parent_station":"","naptan_name":"Limerick Junction","source_vintage":"current downloaded TFI static GTFS feed"}},{"type":"Feature","geometry":{"type":"Point","coordinates":[-7.922795,52.377832]},"properties":{"gtfs_stop_id":"8430IR0102","naptan_atco_code":"8430IR0102","stop_code":"999042","stop_name":"Cahir","wheelchair_boarding":"0","location_type":"","parent_station":"","naptan_name":"Cahir","source_vintage":"current downloaded TFI static GTFS feed"}},{"type":"Feature","geometry":{"type":"Point","coordinates":[-7.404866,52.349096]},"properties":{"gtfs_stop_id":"8430IR0103","naptan_atco_code":"8430IR0103","stop_code":"999174","stop_name":"Carrick-on-Suir","wheelchair_boarding":"0","location_type":"","parent_station":"","naptan_name":"Carrick-on-Suir","source_vintage":"current downloaded TFI static GTFS feed"}},{"type":"Feature","geometry":{"type":"Point","coordinates":[-7.698633,52.360871]},"properties":{"gtfs_stop_id":"8430IR0105","naptan_atco_code":"8430IR0105","stop_code":"999043","stop_name":"Clonmel","wheelchair_boarding":"0","location_type":"","parent_station":"","naptan_name":"Clonmel","source_vintage":"current downloaded TFI static GTFS feed"}},{"type":"Feature","geometry":{"type":"Point","coordinates":[-7.69215,52.36202]},"properties":{"gtfs_stop_id":"8430LL10606","naptan_atco_code":"8430LL10606","stop_code":"106060","stop_name":"Tesco Clonmel","wheelchair_boarding":"1","location_type":"","parent_station":"","naptan_name":"Tesco Clonmel","source_vintage":"current downloaded TFI static GTFS feed"}},{"type":"Feature","geometry":{"type":"Point","coordinates":[-7.722074,52.356681]},"properties":{"gtfs_stop_id":"8430LL10608","naptan_atco_code":"8430LL10608","stop_code":"106080","stop_name":"Glenconnor Rd","wheelchair_boarding":"1","location_type":"","parent_station":"","naptan_name":"Glenconnor Road","source_vintage":"current downloaded TFI static GTFS feed"}},{"type":"Feature","geometry":{"type":"Point","coordinates":[-7.89099,52.51095]},"properties":{"gtfs_stop_id":"8430LL10696","naptan_atco_code":"8430LL10696","stop_code":"10696","stop_name":"Cashel South","wheelchair_boarding":"1","location_type":"","parent_station":"","naptan_name":"Cashel South","source_vintage":"current downloaded TFI static GTFS feed"}},{"type":"Feature","geometry":{"type":"Point","coordinates":[-7.97722,52.49928]},"properties":{"gtfs_stop_id":"8430LL10698","naptan_atco_code":"8430LL10698","stop_code":"10698","stop_name":"Golden","wheelchair_boarding":"1","location_type":"","parent_station":"","naptan_name":"Golden","source_vintage":"current downloaded TFI static GTFS feed"}},{"type":"Feature","geometry":{"type":"Point","coordinates":[-8.02564,52.49301]},"properties":{"gtfs_stop_id":"8430LL10699","naptan_atco_code":"8430LL10699","stop_code":"10699","stop_name":"Thomastown","wheelchair_boarding":"1","location_type":"","parent_station":"","naptan_name":"Thomastown","source_vintage":"current downloaded TFI static GTFS feed"}},{"type":"Feature","geometry":{"type":"Point","coordinates":[-8.06196,52.48783]},"properties":{"gtfs_stop_id":"8430LL10700","naptan_atco_code":"8430LL10700","stop_code":"10700","stop_name":"Kilfeakle","wheelchair_boarding":"2","location_type":"","parent_station":"","naptan_name":"Kilfeakle","source_vintage":"current downloaded TFI static GTFS feed"}},{"type":"Feature","geometry":{"type":"Point","coordinates":[-7.81222,52.67555]},"properties":{"gtfs_stop_id":"8430LL10708","naptan_atco_code":"8430LL10708","stop_code":"14588","stop_name":"Thurles SC","wheelchair_boarding":"2","location_type":"","parent_station":"","naptan_name":"Thurles Shopping Centre","source_vintage":"current downloaded TFI static GTFS feed"}},{"type":"Feature","geometry":{"type":"Point","coordinates":[-7.67459,52.56989]},"properties":{"gtfs_stop_id":"8430LL10709","naptan_atco_code":"8430LL10709","stop_code":"10709","stop_name":"Killenaule","wheelchair_boarding":"1","location_type":"","parent_station":"","naptan_name":"Killenaule","source_vintage":"current downloaded TFI static GTFS feed"}},{"type":"Feature","geometry":{"type":"Point","coordinates":[-7.664879,52.571703]},"properties":{"gtfs_stop_id":"8430LL10710","naptan_atco_code":"8430LL10710","stop_code":"10710","stop_name":"Castlequarter","wheelchair_boarding":"2","location_type":"","parent_station":"","naptan_name":"Castlequarter","source_vintage":"current downloaded TFI static GTFS feed"}},{"type":"Feature","geometry":{"type":"Point","coordinates":[-7.70617,52.3485]},"properties":{"gtfs_stop_id":"8430LL10923","naptan_atco_code":"8430LL10923","stop_code":"10923","stop_name":"Oldbridge","wheelchair_boarding":"2","location_type":"","parent_station":"","naptan_name":"Oldbridge","source_vintage":"current downloaded TFI static GTFS feed"}},{"type":"Feature","geometry":{"type":"Point","coordinates":[-7.718831,52.372844]},"properties":{"gtfs_stop_id":"8430LL11417","naptan_atco_code":"8430LL11417","stop_code":"11417","stop_name":"Ard Gaoithe Bus Pk","wheelchair_boarding":"1","location_type":"","parent_station":"","naptan_name":"Ard Gaoithe Business Park","source_vintage":"current downloaded TFI static GTFS feed"}},{"type":"Feature","geometry":{"type":"Point","coordinates":[-7.71275,52.36801]},"properties":{"gtfs_stop_id":"8430LL11418","naptan_atco_code":"8430LL11418","stop_code":"11418","stop_name":"Ard Na Sidhe","wheelchair_boarding":"1","location_type":"","parent_station":"","naptan_name":"Ard Na Sidhe","source_vintage":"current downloaded TFI static GTFS feed"}},{"type":"Feature","geometry":{"type":"Point","coordinates":[-7.71248,52.36796]},"properties":{"gtfs_stop_id":"8430LL11419","naptan_atco_code":"8430LL11419","stop_code":"11419","stop_name":"Ard Na Sidhe","wheelchair_boarding":"1","location_type":"","parent_station":"","naptan_name":"Ard Na Sidhe","source_vintage":"current downloaded TFI static GTFS feed"}},{"type":"Feature","geometry":{"type":"Point","coordinates":[-7.731384,52.354507]},"properties":{"gtfs_stop_id":"8430LL11420","naptan_atco_code":"8430LL11420","stop_code":"11420","stop_name":"Ash Court","wheelchair_boarding":"1","location_type":"","parent_station":"","naptan_name":"Ash Court","source_vintage":"current downloaded TFI static GTFS feed"}},{"type":"Feature","geometry":{"type":"Point","coordinates":[-7.731192,52.354351]},"properties":{"gtfs_stop_id":"8430LL11421","naptan_atco_code":"8430LL11421","stop_code":"11421","stop_name":"Ash Court","wheelchair_boarding":"1","location_type":"","parent_station":"","naptan_name":"Ash Court","source_vintage":"current downloaded TFI static GTFS feed"}},{"type":"Feature","geometry":{"type":"Point","coordinates":[-7.710458,52.361629]},"properties":{"gtfs_stop_id":"8430LL11422","naptan_atco_code":"8430LL11422","stop_code":"11422","stop_name":"Bianconi Drive","wheelchair_boarding":"1","location_type":"","parent_station":"","naptan_name":"Bianconi Drive","source_vintage":"current downloaded TFI static GTFS feed"}},{"type":"Feature","geometry":{"type":"Point","coordinates":[-7.710109,52.361727]},"properties":{"gtfs_stop_id":"8430LL11423","naptan_atco_code":"8430LL11423","stop_code":"11423","stop_name":"Bianconi Drive","wheelchair_boarding":"1","location_type":"","parent_station":"","naptan_name":"Bianconi Drive","source_vintage":"current downloaded TFI static GTFS feed"}},{"type":"Feature","geometry":{"type":"Point","coordinates":[-7.709825,52.364834]},"properties":{"gtfs_stop_id":"8430LL11424","naptan_atco_code":"8430LL11424","stop_code":"11424","stop_name":"Cashel Court","wheelchair_boarding":"1","location_type":"","parent_station":"","naptan_name":"Cashel Court","source_vintage":"current downloaded TFI static GTFS feed"}},{"type":"Feature","geometry":{"type":"Point","coordinates":[-7.709654,52.365083]},"properties":{"gtfs_stop_id":"8430LL11425","naptan_atco_code":"8430LL11425","stop_code":"11425","stop_name":"Cashel Court","wheelchair_boarding":"1","location_type":"","parent_station":"","naptan_name":"Cashel Court","source_vintage":"current downloaded TFI static GTFS feed"}},{"type":"Feature","geometry":{"type":"Point","coordinates":[-7.727193,52.353549]},"properties":{"gtfs_stop_id":"8430LL11426","naptan_atco_code":"8430LL11426","stop_code":"11426","stop_name":"Cherrymount","wheelchair_boarding":"2","location_type":"","parent_station":"","naptan_name":"Cherrymount","source_vintage":"current downloaded TFI static GTFS feed"}},{"type":"Feature","geometry":{"type":"Point","coordinates":[-7.727612,52.353734]},"properties":{"gtfs_stop_id":"8430LL11427","naptan_atco_code":"8430LL11427","stop_code":"11427","stop_name":"Cherrymount","wheelchair_boarding":"1","location_type":"","parent_station":"","naptan_name":"Cherrymount","source_vintage":"current downloaded TFI static GTFS feed"}},{"type":"Feature","geometry":{"type":"Point","coordinates":[-7.718734,52.3532]},"properties":{"gtfs_stop_id":"8430LL11428","naptan_atco_code":"8430LL11428","stop_code":"11428","stop_name":"Connolly Park","wheelchair_boarding":"1","location_type":"","parent_station":"","naptan_name":"Connolly Park","source_vintage":"current downloaded TFI static GTFS feed"}},{"type":"Feature","geometry":{"type":"Point","coordinates":[-7.717622,52.353365]},"properties":{"gtfs_stop_id":"8430LL11429","naptan_atco_code":"8430LL11429","stop_code":"11429","stop_name":"Connolly Park","wheelchair_boarding":"1","location_type":"","parent_station":"","naptan_name":"Connolly Park","source_vintage":"current downloaded TFI static GTFS feed"}},{"type":"Feature","geometry":{"type":"Point","coordinates":[-7.700215,52.371354]},"properties":{"gtfs_stop_id":"8430LL11430","naptan_atco_code":"8430LL11430","stop_code":"11430","stop_name":"Crann Ard","wheelchair_boarding":"1","location_type":"","parent_station":"","naptan_name":"Crann Ard","source_vintage":"current downloaded TFI static GTFS feed"}},{"type":"Feature","geometry":{"type":"Point","coordinates":[-7.700035,52.371415]},"properties":{"gtfs_stop_id":"8430LL11431","naptan_atco_code":"8430LL11431","stop_code":"11431","stop_name":"Crann Ard","wheelchair_boarding":"1","location_type":"","parent_station":"","naptan_name":"Crann Ard","source_vintage":"current downloaded TFI static GTFS feed"}},{"type":"Feature","geometry":{"type":"Point","coordinates":[-7.686573,52.356471]},"properties":{"gtfs_stop_id":"8430LL11432","naptan_atco_code":"8430LL11432","stop_code":"11432","stop_name":"Davis Rd","wheelchair_boarding":"1","location_type":"","parent_station":"","naptan_name":"Davis Road","source_vintage":"current downloaded TFI static GTFS feed"}},{"type":"Feature","geometry":{"type":"Point","coordinates":[-7.685009,52.356813]},"properties":{"gtfs_stop_id":"8430LL11433","naptan_atco_code":"8430LL11433","stop_code":"11433","stop_name":"Davis Rd","wheelchair_boarding":"1","location_type":"","parent_station":"","naptan_name":"Davis Road","source_vintage":"current downloaded TFI static GTFS feed"}},{"type":"Feature","geometry":{"type":"Point","coordinates":[-7.700201,52.363906]},"properties":{"gtfs_stop_id":"8430LL11434","naptan_atco_code":"8430LL11434","stop_code":"11434","stop_name":"Fairfields","wheelchair_boarding":"1","location_type":"","parent_station":"","naptan_name":"Fairfields","source_vintage":"current downloaded TFI static GTFS feed"}},{"type":"Feature","geometry":{"type":"Point","coordinates":[-7.70021,52.36414]},"properties":{"gtfs_stop_id":"8430LL11435","naptan_atco_code":"8430LL11435","stop_code":"11435","stop_name":"Fairfields","wheelchair_boarding":"1","location_type":"","parent_station":"","naptan_name":"Fairfields","source_vintage":"current downloaded TFI static GTFS feed"}},{"type":"Feature","geometry":{"type":"Point","coordinates":[-7.711163,52.357127]},"properties":{"gtfs_stop_id":"8430LL11436","naptan_atco_code":"8430LL11436","stop_code":"11436","stop_name":"Hospl Heywood Rd","wheelchair_boarding":"2","location_type":"","parent_station":"","naptan_name":"Hospital Heywood Road","source_vintage":"current downloaded TFI static GTFS feed"}},{"type":"Feature","geometry":{"type":"Point","coordinates":[-7.710832,52.356976]},"properties":{"gtfs_stop_id":"8430LL11437","naptan_atco_code":"8430LL11437","stop_code":"11437","stop_name":"Hospl Heywood Rd","wheelchair_boarding":"1","location_type":"","parent_station":"","naptan_name":"Hospital Heywood Road","source_vintage":"current downloaded TFI static GTFS feed"}},{"type":"Feature","geometry":{"type":"Point","coordinates":[-7.715604,52.361626]},"properties":{"gtfs_stop_id":"8430LL11438","naptan_atco_code":"8430LL11438","stop_code":"11438","stop_name":"Honeyview Estate","wheelchair_boarding":"1","location_type":"","parent_station":"","naptan_name":"Honeyview Estate","source_vintage":"current downloaded TFI static GTFS feed"}},{"type":"Feature","geometry":{"type":"Point","coordinates":[-7.715339,52.36151]},"properties":{"gtfs_stop_id":"8430LL11439","naptan_atco_code":"8430LL11439","stop_code":"11439","stop_name":"Honeyview Estate","wheelchair_boarding":"1","location_type":"","parent_station":"","naptan_name":"Honeyview Estate","source_vintage":"current downloaded TFI static GTFS feed"}},{"type":"Feature","geometry":{"type":"Point","coordinates":[-7.714629,52.360521]},"properties":{"gtfs_stop_id":"8430LL11440","naptan_atco_code":"8430LL11440","stop_code":"11440","stop_name":"Mountain View","wheelchair_boarding":"1","location_type":"","parent_station":"","naptan_name":"Mountain View","source_vintage":"current downloaded TFI static GTFS feed"}},{"type":"Feature","geometry":{"type":"Point","coordinates":[-7.714194,52.360264]},"properties":{"gtfs_stop_id":"8430LL11441","naptan_atco_code":"8430LL11441","stop_code":"11441","stop_name":"Mountain View","wheelchair_boarding":"2","location_type":"","parent_station":"","naptan_name":"Mountain View","source_vintage":"current downloaded TFI static GTFS feed"}},{"type":"Feature","geometry":{"type":"Point","coordinates":[-7.699421,52.366178]},"properties":{"gtfs_stop_id":"8430LL11442","naptan_atco_code":"8430LL11442","stop_code":"11442","stop_name":"Northview Close","wheelchair_boarding":"1","location_type":"","parent_station":"","naptan_name":"Northview Close","source_vintage":"current downloaded TFI static GTFS feed"}},{"type":"Feature","geometry":{"type":"Point","coordinates":[-7.699832,52.36693]},"properties":{"gtfs_stop_id":"8430LL11443","naptan_atco_code":"8430LL11443","stop_code":"11443","stop_name":"Northview Close","wheelchair_boarding":"1","location_type":"","parent_station":"","naptan_name":"Northview Close","source_vintage":"current downloaded TFI static GTFS feed"}},{"type":"Feature","geometry":{"type":"Point","coordinates":[-7.70185,52.352863]},"properties":{"gtfs_stop_id":"8430LL11444","naptan_atco_code":"8430LL11444","stop_code":"11444","stop_name":"O'Connell Street","wheelchair_boarding":"1","location_type":"","parent_station":"","naptan_name":"O'Connell Street","source_vintage":"current downloaded TFI static GTFS feed"}},{"type":"Feature","geometry":{"type":"Point","coordinates":[-7.702298,52.352869]},"properties":{"gtfs_stop_id":"8430LL11445","naptan_atco_code":"8430LL11445","stop_code":"11445","stop_name":"O'Connell Street","wheelchair_boarding":"1","location_type":"","parent_station":"","naptan_name":"O'Connell Street","source_vintage":"current downloaded TFI static GTFS feed"}},{"type":"Feature","geometry":{"type":"Point","coordinates":[-7.696598,52.353539]},"properties":{"gtfs_stop_id":"8430LL11446","naptan_atco_code":"8430LL11446","stop_code":"11446","stop_name":"Parnell Street","wheelchair_boarding":"1","location_type":"","parent_station":"","naptan_name":"Parnell Street","source_vintage":"current downloaded TFI static GTFS feed"}},{"type":"Feature","geometry":{"type":"Point","coordinates":[-7.697191,52.353874]},"properties":{"gtfs_stop_id":"8430LL11447","naptan_atco_code":"8430LL11447","stop_code":"11447","stop_name":"Parnell Street","wheelchair_boarding":"1","location_type":"","parent_station":"","naptan_name":"Parnell Street","source_vintage":"current downloaded TFI static GTFS feed"}},{"type":"Feature","geometry":{"type":"Point","coordinates":[-7.736215,52.355715]},"properties":{"gtfs_stop_id":"8430LL11448","naptan_atco_code":"8430LL11448","stop_code":"11448","stop_name":"Poppyfield Rtl Pk","wheelchair_boarding":"1","location_type":"","parent_station":"","naptan_name":"Poppyfield Retail Park","source_vintage":"current downloaded TFI static GTFS feed"}},{"type":"Feature","geometry":{"type":"Point","coordinates":[-7.736219,52.355678]},"properties":{"gtfs_stop_id":"8430LL11449","naptan_atco_code":"8430LL11449","stop_code":"11449","stop_name":"Poppyfield Rtl Pk","wheelchair_boarding":"1","location_type":"","parent_station":"","naptan_name":"Poppyfield Retail Park","source_vintage":"current downloaded TFI static GTFS feed"}},{"type":"Feature","geometry":{"type":"Point","coordinates":[-7.687274,52.35922]},"properties":{"gtfs_stop_id":"8430LL11450","naptan_atco_code":"8430LL11450","stop_code":"11450","stop_name":"Powerstown Rd","wheelchair_boarding":"1","location_type":"","parent_station":"","naptan_name":"Powerstown Road","source_vintage":"current downloaded TFI static GTFS feed"}},{"type":"Feature","geometry":{"type":"Point","coordinates":[-7.686634,52.359276]},"properties":{"gtfs_stop_id":"8430LL11451","naptan_atco_code":"8430LL11451","stop_code":"11451","stop_name":"Powerstown Rd","wheelchair_boarding":"1","location_type":"","parent_station":"","naptan_name":"Powerstown Road","source_vintage":"current downloaded TFI static GTFS feed"}},{"type":"Feature","geometry":{"type":"Point","coordinates":[-7.720476,52.354673]},"properties":{"gtfs_stop_id":"8430LL11452","naptan_atco_code":"8430LL11452","stop_code":"11452","stop_name":"Saint Luke's Campus","wheelchair_boarding":"1","location_type":"","parent_station":"","naptan_name":"Saint Luke's Campus","source_vintage":"current downloaded TFI static GTFS feed"}},{"type":"Feature","geometry":{"type":"Point","coordinates":[-7.680777,52.358296]},"properties":{"gtfs_stop_id":"8430LL11453","naptan_atco_code":"8430LL11453","stop_code":"11453","stop_name":"Silversprings Rd","wheelchair_boarding":"1","location_type":"","parent_station":"","naptan_name":"Silversprings Road","source_vintage":"current downloaded TFI static GTFS feed"}},{"type":"Feature","geometry":{"type":"Point","coordinates":[-7.680586,52.358199]},"properties":{"gtfs_stop_id":"8430LL11454","naptan_atco_code":"8430LL11454","stop_code":"11454","stop_name":"Silversprings Rd","wheelchair_boarding":"1","location_type":"","parent_station":"","naptan_name":"Silversprings Road","source_vintage":"current downloaded TFI static GTFS feed"}},{"type":"Feature","geometry":{"type":"Point","coordinates":[-7.682475,52.361119]},"properties":{"gtfs_stop_id":"8430LL11455","naptan_atco_code":"8430LL11455","stop_code":"11455","stop_name":"Tivoli Heights","wheelchair_boarding":"2","location_type":"","parent_station":"","naptan_name":"Tivoli Heights","source_vintage":"current downloaded TFI static GTFS feed"}},{"type":"Feature","geometry":{"type":"Point","coordinates":[-7.683192,52.361139]},"properties":{"gtfs_stop_id":"8430LL11456","naptan_atco_code":"8430LL11456","stop_code":"11456","stop_name":"Tivoli Heights","wheelchair_boarding":"1","location_type":"","parent_station":"","naptan_name":"Tivoli Heights","source_vintage":"current downloaded TFI static GTFS feed"}},{"type":"Feature","geometry":{"type":"Point","coordinates":[-7.688165,52.361389]},"properties":{"gtfs_stop_id":"8430LL11457","naptan_atco_code":"8430LL11457","stop_code":"11457","stop_name":"Tivoli Road","wheelchair_boarding":"1","location_type":"","parent_station":"","naptan_name":"Tivoli Road","source_vintage":"current downloaded TFI static GTFS feed"}},{"type":"Feature","geometry":{"type":"Point","coordinates":[-7.688327,52.361425]},"properties":{"gtfs_stop_id":"8430LL11458","naptan_atco_code":"8430LL11458","stop_code":"11458","stop_name":"Tivoli Road","wheelchair_boarding":"1","location_type":"","parent_station":"","naptan_name":"Tivoli Road","source_vintage":"current downloaded TFI static GTFS feed"}},{"type":"Feature","geometry":{"type":"Point","coordinates":[-7.717532,52.370812]},"properties":{"gtfs_stop_id":"8430LL12520","naptan_atco_code":"8430LL12520","stop_code":"12520","stop_name":"Parknascaddane","wheelchair_boarding":"1","location_type":"","parent_station":"","naptan_name":"Parknascaddane","source_vintage":"current downloaded TFI static GTFS feed"}},{"type":"Feature","geometry":{"type":"Point","coordinates":[-7.716787,52.370337]},"properties":{"gtfs_stop_id":"8430LL12521","naptan_atco_code":"8430LL12521","stop_code":"12521","stop_name":"Parknascaddane","wheelchair_boarding":"1","location_type":"","parent_station":"","naptan_name":"Parknascaddane","source_vintage":"current downloaded TFI static GTFS feed"}},{"type":"Feature","geometry":{"type":"Point","coordinates":[-7.97728,52.49915]},"properties":{"gtfs_stop_id":"8430LL12898","naptan_atco_code":"8430LL12898","stop_code":"12898","stop_name":"Golden","wheelchair_boarding":"2","location_type":"","parent_station":"","naptan_name":"Golden","source_vintage":"current downloaded TFI static GTFS feed"}},{"type":"Feature","geometry":{"type":"Point","coordinates":[-7.69803,52.35093]},"properties":{"gtfs_stop_id":"8430LL13788","naptan_atco_code":"8430LL13788","stop_code":"13788","stop_name":"Raheen Road","wheelchair_boarding":"1","location_type":"","parent_station":"","naptan_name":"Raheen Road","source_vintage":"current downloaded TFI static GTFS feed"}},{"type":"Feature","geometry":{"type":"Point","coordinates":[-7.69817,52.35078]},"properties":{"gtfs_stop_id":"8430LL13789","naptan_atco_code":"8430LL13789","stop_code":"13789","stop_name":"Raheen Road","wheelchair_boarding":"2","location_type":"","parent_station":"","naptan_name":"Raheen Road","source_vintage":"current downloaded TFI static GTFS feed"}},{"type":"Feature","geometry":{"type":"Point","coordinates":[-7.893652,52.572057]},"properties":{"gtfs_stop_id":"8430PB002893","naptan_atco_code":"8430PB002893","stop_code":"13800","stop_name":"Boherlahan","wheelchair_boarding":"1","location_type":"","parent_station":"","naptan_name":"Boherlahan","source_vintage":"current downloaded TFI static GTFS feed"}},{"type":"Feature","geometry":{"type":"Point","coordinates":[-7.66723,52.58968]},"properties":{"gtfs_stop_id":"8430PB002918","naptan_atco_code":"8430PB002918","stop_code":"11850","stop_name":"Ballynonty","wheelchair_boarding":"1","location_type":"","parent_station":"","naptan_name":"Ballynonty","source_vintage":"current downloaded TFI static GTFS feed"}},{"type":"Feature","geometry":{"type":"Point","coordinates":[-7.66759,52.58909]},"properties":{"gtfs_stop_id":"8430PB002919","naptan_atco_code":"8430PB002919","stop_code":"11851","stop_name":"Ballynonty","wheelchair_boarding":"1","location_type":"","parent_station":"","naptan_name":"Ballynonty","source_vintage":"current downloaded TFI static GTFS feed"}},{"type":"Feature","geometry":{"type":"Point","coordinates":[-7.69442,52.36167]},"properties":{"gtfs_stop_id":"8430PB12969","naptan_atco_code":"8430PB12969","stop_code":"12969","stop_name":"Supermacs Clonmel","wheelchair_boarding":"2","location_type":"","parent_station":"","naptan_name":"Supermacs Clonmel","source_vintage":"current downloaded TFI static GTFS feed"}},{"type":"Feature","geometry":{"type":"Point","coordinates":[-7.82001,52.40095]},"properties":{"gtfs_stop_id":"8430PB14350","naptan_atco_code":"8430PB14350","stop_code":"14350","stop_name":"Poulnamucky","wheelchair_boarding":"2","location_type":"","parent_station":"","naptan_name":"Poulnamucky","source_vintage":"current downloaded TFI static GTFS feed"}},{"type":"Feature","geometry":{"type":"Point","coordinates":[-7.8823,52.44097]},"properties":{"gtfs_stop_id":"8430PB14351","naptan_atco_code":"8430PB14351","stop_code":"14351","stop_name":"New Inn","wheelchair_boarding":"1","location_type":"","parent_station":"","naptan_name":"New Inn","source_vintage":"current downloaded TFI static GTFS feed"}},{"type":"Feature","geometry":{"type":"Point","coordinates":[-7.60914,52.63778]},"properties":{"gtfs_stop_id":"8430PB14391","naptan_atco_code":"8430PB14391","stop_code":"14391","stop_name":"Ballysloe","wheelchair_boarding":"2","location_type":"","parent_station":"","naptan_name":"Ballysloe","source_vintage":"current downloaded TFI static GTFS feed"}},{"type":"Feature","geometry":{"type":"Point","coordinates":[-7.89384,52.57212]},"properties":{"gtfs_stop_id":"8430PB14392","naptan_atco_code":"8430PB14392","stop_code":"14392","stop_name":"Boherlahan","wheelchair_boarding":"1","location_type":"","parent_station":"","naptan_name":"Boherlahan","source_vintage":"current downloaded TFI static GTFS feed"}},{"type":"Feature","geometry":{"type":"Point","coordinates":[-7.63179,52.69587]},"properties":{"gtfs_stop_id":"8430PB14404","naptan_atco_code":"8430PB14404","stop_code":"14404","stop_name":"Longfordpass","wheelchair_boarding":"2","location_type":"","parent_station":"","naptan_name":"Longfordpass","source_vintage":"current downloaded TFI static GTFS feed"}},{"type":"Feature","geometry":{"type":"Point","coordinates":[-7.73576,52.63712]},"properties":{"gtfs_stop_id":"8430PB14408","naptan_atco_code":"8430PB14408","stop_code":"14408","stop_name":"Saint Bridget's Terrace","wheelchair_boarding":"1","location_type":"","parent_station":"","naptan_name":"Saint Bridget's Terrace","source_vintage":"current downloaded TFI static GTFS feed"}},{"type":"Feature","geometry":{"type":"Point","coordinates":[-7.41097,52.34804]},"properties":{"gtfs_stop_id":"8430PB15053","naptan_atco_code":"8430PB15053","stop_code":"15053","stop_name":"Carrick-on-Suir","wheelchair_boarding":"1","location_type":"","parent_station":"","naptan_name":"Carrick-on-Suir","source_vintage":"current downloaded TFI static GTFS feed"}}]}
