{"type":"FeatureCollection","name":"tipperary_initial_screening_candidates","metadata":{"county":"Tipperary","selection":"Top 10 Small Areas by estimated older no-car population × CSO 2026 all-person median GP distance.","warning":"Exploratory screening only. The demographic term is ecological; the distance applies to all persons. This is not a validated deprivation or public-transport accessibility score.","crs":"OGC:CRS84 / WGS 84 longitude-latitude"},"features":[{"type":"Feature","geometry":{"type":"Polygon","coordinates":[[[-7.86268424381708,52.638267463774],[-7.86282120231517,52.6382617855935],[-7.8630420501609,52.6382521632358],[-7.86374707509344,52.6382214640546],[-7.86460764845396,52.6381986951639],[-7.86496183268375,52.6381943266937],[-7.86521409972358,52.6382108561452],[-7.86521646166809,52.6382110107293],[-7.86570234799238,52.638287529071],[-7.86607383632929,52.6383258160051],[-7.86627075618548,52.638309078032],[-7.86652282054223,52.638290154859],[-7.86658765057734,52.6382852844632],[-7.86676458433684,52.6383061289977],[-7.86720672088166,52.638462854891],[-7.86721525970958,52.6384548237868],[-7.86740286637012,52.6385356581099],[-7.86744591666604,52.6385516366232],[-7.86747978607313,52.638564212779],[-7.86750369392077,52.6385730837152],[-7.86752823637273,52.6385821890443],[-7.86756808279637,52.6385969829069],[-7.86767355632723,52.6386415554314],[-7.86779779513023,52.6387003588413],[-7.86781783036198,52.6387098365777],[-7.86801130925106,52.6388328536129],[-7.86824817292545,52.6389697915665],[-7.86829383227787,52.6389447388175],[-7.86830183100089,52.6389369497115],[-7.86898165837371,52.6388724216322],[-7.86969806105516,52.6385359239718],[-7.87037910074885,52.6380579389819],[-7.87148747331757,52.6382223505205],[-7.87116385431677,52.6387986526708],[-7.87005550064366,52.6386233581634],[-7.8694105743656,52.6389816976393],[-7.86931985142367,52.639416808653],[-7.87130412370551,52.6397562678956],[-7.87157361590697,52.6393431101474],[-7.8719852298838,52.6392565138787],[-7.87230637178707,52.639528867148],[-7.87339693381042,52.6396823606896],[-7.8736666566031,52.6391821567688],[-7.87461407152122,52.6393572472822],[-7.87557990365506,52.6393473844558],[-7.87525821806497,52.6392600045908],[-7.87550956771865,52.6389229813552],[-7.87629706299805,52.6387279609783],[-7.87652843413852,52.6391307715633],[-7.87728058273949,52.6387833853569],[-7.87683431458313,52.6384782747017],[-7.87837371017322,52.6380120137627],[-7.87876588008664,52.6384802666621],[-7.88043050711994,52.6379923462042],[-7.8800204397525,52.6375240806605],[-7.88055744797585,52.6373505389202],[-7.88100331875416,52.6378079585932],[-7.88232774275181,52.6374502327346],[-7.88204238154886,52.6371561822015],[-7.88224042331681,52.6366667672072],[-7.88259731933928,52.6369608881867],[-7.88340294983387,52.6366461559646],[-7.8832966002923,52.6362870027031],[-7.88463864271942,52.6360054300139],[-7.88440692674676,52.6357114373215],[-7.88510547590588,52.6352986663631],[-7.88574846261312,52.6356148158527],[-7.88610011103314,52.6353634801685],[-7.88617362374099,52.6354094732612],[-7.88667953782157,52.6352561822739],[-7.88702745552003,52.6350029860306],[-7.88668062956838,52.6348336361641],[-7.88688982150655,52.634509882874],[-7.88730595237307,52.6347356385353],[-7.88751474187954,52.6345668173362],[-7.88869420671845,52.6350468187786],[-7.8900385441126,52.6344142527753],[-7.8890442846747,52.6339344382363],[-7.88865001415953,52.6342157671221],[-7.88818729431422,52.6341026513463],[-7.88851250904361,52.6336663254405],[-7.88918357662759,52.6337796340962],[-7.89124128837397,52.6348519951244],[-7.8913310904181,52.6349324636054],[-7.89220693197119,52.6346749238563],[-7.89179840063735,52.6342468532965],[-7.89265565429689,52.6339659351808],[-7.89270247233173,52.6337547035282],[-7.89395312566933,52.6335304702695],[-7.89450920135357,52.6333337776956],[-7.89515645718916,52.6337287300747],[-7.89557339452563,52.6336305042399],[-7.89596584331291,52.6340956520156],[-7.89383451154786,52.6347134976316],[-7.89355745610165,52.6344033810314],[-7.88992028155609,52.6354141717329],[-7.89033499264131,52.6362173969076],[-7.88959350772383,52.6364702367508],[-7.88903965240351,52.6357654736844],[-7.88848359300984,52.63593397032],[-7.88852925041414,52.636187541705],[-7.88813560446576,52.6362153409554],[-7.88866683658755,52.6367088129839],[-7.88806036877303,52.6369188891049],[-7.88897544883004,52.6378661100949],[-7.88840687857459,52.6380762881699],[-7.88808793539592,52.6377983343158],[-7.88785538190252,52.6375585570565],[-7.8876477834439,52.6373594917121],[-7.88693795985979,52.6366388050634],[-7.88673029919139,52.6364207876961],[-7.88619321236706,52.6365183061965],[-7.88642469098231,52.6369102176934],[-7.88263029303545,52.638005426414],[-7.88238046243406,52.6377984535901],[-7.88191508213283,52.6379394341278],[-7.88209293394327,52.6383095396847],[-7.88177071348919,52.638418021159],[-7.8819667155977,52.6386902233373],[-7.8815729817493,52.638787753029],[-7.88098496217239,52.6379820244082],[-7.88028689580981,52.6381880463168],[-7.88046458659237,52.6386125558602],[-7.88012423744079,52.638808056229],[-7.87998151541643,52.638677348363],[-7.87933708849353,52.6388834189753],[-7.87914152165041,52.6384588895252],[-7.87881923415587,52.6385891237724],[-7.87905041768106,52.6390680909189],[-7.87862078264026,52.6392090949783],[-7.87830014881199,52.6387409151512],[-7.87769136237339,52.6389905342452],[-7.87804812571739,52.6393281904061],[-7.87573942194951,52.6398589244874],[-7.87560311832399,52.6394831106585],[-7.87548628589221,52.6395146239373],[-7.87501330796017,52.6396415669455],[-7.8744491833687,52.6398038242724],[-7.87422144237435,52.6398813739511],[-7.8739777663114,52.6399818795898],[-7.8737492421646,52.6400896362155],[-7.87372019231029,52.6401058016484],[-7.87375329379767,52.6401505917973],[-7.87412829770898,52.6403577157689],[-7.87350079365374,52.6408793001],[-7.8737864349024,52.6410645688371],[-7.8731762988302,52.6417602531448],[-7.87310267617309,52.6424782708407],[-7.87342453957614,52.6425112559072],[-7.87331630865978,52.6428266676673],[-7.87342230952445,52.6432837516212],[-7.87369073637477,52.6432405172393],[-7.87408296541702,52.6436870244373],[-7.87522884794365,52.6432965475034],[-7.8759596831693,52.6441894960397],[-7.87468807497458,52.6447539302673],[-7.87554395389973,52.6457122940281],[-7.87480956010132,52.6460596885176],[-7.87479030387781,52.6465383994339],[-7.87398424360308,52.6469183529323],[-7.87348481471833,52.6464173296197],[-7.87459431559027,52.6460208646748],[-7.87447695093232,52.6458561944546],[-7.8742935673839,52.6456073956489],[-7.87413972780236,52.6453986829435],[-7.87413672829184,52.6453883273815],[-7.87391037544938,52.6450833873175],[-7.87360435850069,52.6446644443636],[-7.87356235753962,52.6446060845191],[-7.87328957918295,52.6442270604253],[-7.87328270628218,52.6442307795009],[-7.87325534776659,52.6441929682857],[-7.87297320401153,52.6437403360728],[-7.87283938526794,52.6435230873889],[-7.87277025664485,52.6433865861161],[-7.87272437592603,52.6434026864874],[-7.87202666083995,52.6434454567514],[-7.87206392730207,52.6429341246378],[-7.87165339216081,52.6426399141375],[-7.87129473497868,52.6429550525504],[-7.87177719937379,52.6431187797211],[-7.87147232602835,52.6433904551314],[-7.87098976522053,52.6432593683484],[-7.86930350740756,52.6449004380545],[-7.8679451735901,52.644529003168],[-7.86852047223045,52.6435613008419],[-7.87007504643347,52.6438855346213],[-7.87010398158364,52.643852029415],[-7.87016503784831,52.6437963806083],[-7.87016627373253,52.643794684129],[-7.87017012446768,52.6437911749384],[-7.87049589248413,52.6434942550641],[-7.87043372578748,52.6434899366828],[-7.87039601562714,52.643483433971],[-7.86953569708197,52.6433350893896],[-7.86974084434236,52.6430887013783],[-7.86998589754126,52.6428049487269],[-7.87024080576801,52.6425097852932],[-7.87049351320509,52.6422332015894],[-7.87054092638882,52.6422003734838],[-7.87062565053899,52.6421391813131],[-7.87115900889322,52.6417809253647],[-7.86909407877484,52.6408742208721],[-7.86905276292376,52.6408523873986],[-7.86916224719393,52.640666793669],[-7.86926241116439,52.6405101785659],[-7.86916025278363,52.640486467801],[-7.86837291924372,52.6403323224747],[-7.86832223685636,52.6403237787912],[-7.86796016681616,52.6402686937614],[-7.867948927819,52.6402872109116],[-7.86779329500198,52.6402616507503],[-7.86772769072297,52.6402430757262],[-7.86755765418915,52.6402282191716],[-7.86590926160574,52.6400768021895],[-7.8659085413195,52.6400939567833],[-7.86589233758802,52.6401891304267],[-7.86583245076153,52.6403400251955],[-7.86581973036476,52.6403976598662],[-7.86581563987328,52.6404162514196],[-7.86574510982098,52.6405927588918],[-7.86573256677338,52.6406397007207],[-7.86572494706737,52.6406682173217],[-7.86531275621175,52.6408380704474],[-7.86504969140282,52.6407681374722],[-7.86485810630384,52.640660993317],[-7.86570191524793,52.6388939109164],[-7.86355139353112,52.6384834442984],[-7.86324277809567,52.6388740974875],[-7.86257262269014,52.6387033184548],[-7.86268424381708,52.638267463774]]]},"properties":{"sa_code":"217087003","sa_guid_2022":"4c07d11e-13ac-851d-e053-ca3ca8c0ca7f","ed_code":"217087","ed_name":"HOLYCROSS","census_vintage":2022,"population_total":310,"population_65_plus":112,"households_no_car":31,"households_car_availability_total":152,"no_car_household_share":0.203947,"older_no_car_population_estimate":22.8,"older_no_car_estimate_method":"ecological proxy: population_65_plus × no-car-household share; not an observed age-by-car cross-tabulation","urban_rural_category":"5. Rural areas with moderate urban influence","legacy_administrative_area":"NORTH TIPPERARY","county":"Tipperary","pobal_ed_index_relative_weighted":4.0,"pobal_ed_category":"Marginally Above Average","pobal_geography_level":"Electoral Division (not Small Area)","cso_gp_person_median_distance_km_2026":6.1,"cso_gp_dwelling_median_distance_km_2026":6.0,"cso_health_distance_measure":"published median distance to nearest GP; not transit journey time","screening_exposure_person_km":139.3}},{"type":"Feature","geometry":{"type":"Polygon","coordinates":[[[-7.95633077557351,52.7520507243535],[-7.95600052796619,52.751972830624],[-7.95544996549508,52.7518423645077],[-7.95534454371721,52.7518127818697],[-7.95527102856058,52.7517833549782],[-7.95518427375056,52.7517367383072],[-7.95493865202884,52.7516047758021],[-7.95480075196732,52.7515274459662],[-7.95450616710133,52.7513622448689],[-7.95399511063402,52.7510736911667],[-7.95366725980872,52.7508836956131],[-7.95337824099396,52.7507158873979],[-7.95334062586394,52.7506942478832],[-7.95291663286624,52.7504504022308],[-7.95261607014983,52.7502790104052],[-7.95248331343514,52.750206076759],[-7.95240749071934,52.7501644219088],[-7.95207783338256,52.7499999196902],[-7.95193711597057,52.7499345661468],[-7.95185748239617,52.7498975758822],[-7.95167736413974,52.7498200814443],[-7.95167616488944,52.7498196046005],[-7.95148027263411,52.7497419416543],[-7.95145246787216,52.7497309111937],[-7.95124910717718,52.7496568129778],[-7.95091114428911,52.749544838879],[-7.95092374694365,52.7495429665349],[-7.95098851050973,52.7495313801301],[-7.9510010188092,52.7495291077803],[-7.95108008460715,52.7495084117706],[-7.95115465652784,52.7494822870034],[-7.95122372546595,52.7494510844963],[-7.95128635778453,52.7494152281014],[-7.95134170717936,52.749375201926],[-7.95138902356929,52.749331547639],[-7.95142766791872,52.7492848545905],[-7.95145711816641,52.7492357553187],[-7.95146684996613,52.7492140689588],[-7.9516622625045,52.7487312925784],[-7.95201328032818,52.7479132031567],[-7.95213616018009,52.7476308702409],[-7.95213923689686,52.7476237432285],[-7.95213923763942,52.7476217137751],[-7.95231084728531,52.7475948688127],[-7.95285702837569,52.7474723492289],[-7.95308081426838,52.747387457952],[-7.95358757472537,52.7471564901256],[-7.95356864739934,52.746932281096],[-7.95411515413571,52.7469537976289],[-7.95409729831221,52.7469942530695],[-7.95386792617133,52.7475298059648],[-7.95380614696708,52.7476948875943],[-7.95379906679419,52.7477162201647],[-7.95378906902538,52.7477681165355],[-7.95378906854987,52.7478203664268],[-7.95379906466959,52.7478722633945],[-7.95381892041584,52.7479231054327],[-7.95384836994222,52.7479722048634],[-7.95388701258827,52.7480188973227],[-7.95393432767784,52.7480625525521],[-7.95398967451274,52.7481025788932],[-7.95405230568988,52.7481384349775],[-7.95412137301784,52.7481696369199],[-7.95419594232371,52.748195762819],[-7.95423080266999,52.7482057060363],[-7.95509806599741,52.748436562907],[-7.95532275551893,52.7484969282627],[-7.95561289970107,52.7485748790349],[-7.95565941155258,52.7485862480665],[-7.95574190172394,52.7486012337323],[-7.95582669966371,52.748610307103],[-7.9559126605212,52.7486133455136],[-7.95599862158762,52.7486103071863],[-7.95608342006981,52.7486012339334],[-7.9561659093882,52.7485862484671],[-7.95624497399249,52.7485655526069],[-7.95631954417532,52.7485394272851],[-7.95638861089282,52.7485082253609],[-7.95645124206127,52.7484723689301],[-7.9565065899699,52.748432343035],[-7.95655390609984,52.7483886884794],[-7.95659255001689,52.7483419955393],[-7.95662199826565,52.7482928958764],[-7.95662537192809,52.7482858506466],[-7.95664189400167,52.7482502540701],[-7.95666423023961,52.7482035353705],[-7.9567079036442,52.7481122313052],[-7.95674870786648,52.7480269300512],[-7.9567549805064,52.7480164731927],[-7.95675660144287,52.7480159048536],[-7.95678694084485,52.748007319943],[-7.95686151123165,52.7479811942783],[-7.95693057815952,52.7479499929347],[-7.95699320808253,52.747914136214],[-7.95704855478702,52.7478741100621],[-7.95709586977039,52.7478304552859],[-7.9571345126131,52.7477837630633],[-7.95716396135713,52.7477346632616],[-7.95718297881221,52.7476866562036],[-7.95719992029469,52.7476304604734],[-7.95720427818624,52.7476194717185],[-7.95720445027848,52.7476191850685],[-7.95724261417609,52.7476151012761],[-7.95728479310975,52.7476098163446],[-7.95736728014307,52.7475948309386],[-7.95744634238288,52.7475741351725],[-7.95752091163496,52.7475480099899],[-7.95758997740691,52.7475168082598],[-7.95765260764862,52.7474809511886],[-7.95770795319907,52.7474409256246],[-7.95775526853523,52.7473972705825],[-7.95779391028969,52.7473505781415],[-7.9578009945882,52.7473397584067],[-7.95780332266918,52.747336945143],[-7.95780836014047,52.7473367671781],[-7.95781818862811,52.7473370205354],[-7.95815604421744,52.74735446695],[-7.95821882009453,52.747356084419],[-7.95830477852543,52.7473530462169],[-7.95838957556795,52.747343973111],[-7.95847206172061,52.7473289869359],[-7.95855112295442,52.7473082922299],[-7.95862569109219,52.7472821663514],[-7.95863428675356,52.7472782830082],[-7.95869693749108,52.7472508092465],[-7.95871714710302,52.7472385595675],[-7.9587171105363,52.7472380715151],[-7.95872096795263,52.7472358897118],[-7.95873257725781,52.7472293119576],[-7.95875738608812,52.7472151081182],[-7.95878417892659,52.7471969098689],[-7.9587883214576,52.7471939363339],[-7.95878925951133,52.7471934000859],[-7.95881033295133,52.7471838793985],[-7.95884411326691,52.747167669874],[-7.95890674345815,52.7471318139363],[-7.95891206243685,52.7471283554613],[-7.95903687891564,52.747046359443],[-7.95905001307065,52.7470388402587],[-7.95905680768556,52.7470364599284],[-7.9590666656248,52.7470336699105],[-7.95914123298465,52.7470075446052],[-7.95917655227412,52.7469925362908],[-7.95917998101349,52.7469909870687],[-7.9592137269621,52.7469747936047],[-7.95927635657341,52.7469389374706],[-7.95930498238913,52.7469194176213],[-7.95931640054276,52.7469111599171],[-7.95931812403997,52.7469101206153],[-7.95950342038406,52.7468054370566],[-7.95953746185566,52.7467849159568],[-7.95959280627832,52.7467448895086],[-7.95964012045709,52.7467012346083],[-7.9596605749922,52.7466782138251],[-7.95967084603626,52.7466658015174],[-7.95974774373205,52.7465849469761],[-7.95977780381225,52.746549858764],[-7.95986986208068,52.7464297665798],[-7.95989244924462,52.7464034047985],[-7.95989141130031,52.7464030772903],[-7.95991543754428,52.746374046603],[-7.95993134156155,52.746349751556],[-7.95994020462526,52.7463349722507],[-7.95995602492433,52.7463131101801],[-7.95998334262544,52.746275369576],[-7.95998918007132,52.7462683754112],[-7.96000849265659,52.7462433498931],[-7.96002439064029,52.7462190656165],[-7.96003910989872,52.7461945238884],[-7.96017266917717,52.7460212104628],[-7.96018333685651,52.7460087910524],[-7.96018418183749,52.7460079500742],[-7.96032729526488,52.7458727849665],[-7.96033045987601,52.7458700105799],[-7.9603539245729,52.7458520014014],[-7.96040123702279,52.7458083470893],[-7.96040703540627,52.7458018220556],[-7.96043970800905,52.7457689176896],[-7.96053814637245,52.745674871163],[-7.96054134506176,52.7456720509441],[-7.96054590972782,52.74566875033],[-7.96056020063762,52.745670280319],[-7.96077024359743,52.745703720023],[-7.96078231076358,52.7457060078234],[-7.96078624207497,52.7457070364332],[-7.96079742802408,52.7457109561325],[-7.96096764201298,52.7457846694103],[-7.96097350459041,52.7457874243146],[-7.96098832104873,52.7457959074177],[-7.96106938940997,52.7458518806582],[-7.96107469699017,52.7458558604179],[-7.96107817465286,52.7458590684203],[-7.96108277839399,52.7458667446471],[-7.96110975553717,52.7459289763088],[-7.9611116895009,52.7459343274038],[-7.96111485916607,52.745950781582],[-7.96111872818988,52.7459918716575],[-7.96111871686836,52.7460045912443],[-7.961111829853,52.7460129135236],[-7.96110590322915,52.7460188363642],[-7.96108187630629,52.7460447494125],[-7.96107386422074,52.7460541013268],[-7.96105094061215,52.7460833950572],[-7.96102149142822,52.7461324940391],[-7.96100163508363,52.7461833353145],[-7.96099163733694,52.7462352323044],[-7.96099038470181,52.7462613613384],[-7.96099038430599,52.7462734140305],[-7.96099019741057,52.746273725847],[-7.96098136202302,52.74628446251],[-7.96071468780683,52.7465677224019],[-7.96049515610912,52.7468074333387],[-7.96026605895139,52.7470498531856],[-7.96024400574186,52.7470736401985],[-7.96020949873431,52.7471159271909],[-7.96018004938908,52.7471650259555],[-7.96016019159437,52.7472158679795],[-7.96015019409214,52.7472677648898],[-7.96015019382045,52.7473200147845],[-7.96016018849642,52.7473719121177],[-7.96018004401375,52.747422753993],[-7.96020949294693,52.747471853645],[-7.96024813602534,52.7475185458328],[-7.96029545100581,52.7475622003252],[-7.9603507971097,52.7476022272958],[-7.96041342686525,52.7476380836185],[-7.9604304332501,52.7476462439572],[-7.96043400866235,52.7476479276729],[-7.96043488943505,52.7476484816175],[-7.96043910069174,52.7476496819995],[-7.96041774649483,52.7476945781093],[-7.96041805155238,52.7476946402271],[-7.96041763064461,52.7476949330902],[-7.96041726394995,52.7476958757919],[-7.96041291285855,52.7477018791137],[-7.9603953238092,52.7477417091332],[-7.96012612755448,52.7483075848078],[-7.9601083303893,52.7483541735633],[-7.96009833256422,52.7484060704591],[-7.96009833222894,52.7484583212425],[-7.96010832710385,52.7485102176713],[-7.96012818307755,52.7485610595456],[-7.96015763271922,52.7486101592011],[-7.96019627674779,52.7486568522957],[-7.96024359290889,52.7487005068007],[-7.96029894040788,52.7487405328892],[-7.96036157175255,52.7487763892326],[-7.96043064015113,52.7488075910927],[-7.96050521135614,52.7488337166178],[-7.96054644118373,52.7488453336332],[-7.96066779508233,52.748876786417],[-7.96098790076298,52.7489547088002],[-7.96099663609773,52.7489570979429],[-7.96100113895094,52.7489586758896],[-7.96100113931839,52.7489814888124],[-7.96100239129383,52.7490076069736],[-7.9610123873675,52.7490595042204],[-7.961032244643,52.7491103459389],[-7.96104119118615,52.7491267310039],[-7.96104195225993,52.74912867712],[-7.96104131389444,52.74913031],[-7.96103623159653,52.7491390112511],[-7.96089702090135,52.7493443051066],[-7.9608897181343,52.7493531287525],[-7.96085275228302,52.7493660797125],[-7.96085335751916,52.7493667171497],[-7.96081578120347,52.7493798809084],[-7.96074671182748,52.7494110827081],[-7.96068407839656,52.7494469387038],[-7.96062872858782,52.7494869638438],[-7.96058141089741,52.7495306182181],[-7.96054276426845,52.7495773106494],[-7.96053295304342,52.7495918011667],[-7.96050397117458,52.7496368232653],[-7.96047501446463,52.7496818031221],[-7.96046926852095,52.7496887461067],[-7.96046583476044,52.7496891134635],[-7.96043961028622,52.7496905050252],[-7.96035480911453,52.7496995777946],[-7.96027231765024,52.749714563474],[-7.96019325139472,52.7497352584188],[-7.96011867852569,52.7497613834732],[-7.96004960804849,52.7497925848648],[-7.95998697497943,52.7498284404904],[-7.95993162404757,52.7498684662011],[-7.95988430524706,52.7499121202943],[-7.95984565901559,52.7499588133945],[-7.95981620734287,52.7500079120446],[-7.9597963478304,52.7500587539829],[-7.95978635072457,52.7501106508378],[-7.95978635001579,52.7501629007072],[-7.95979634490901,52.7502147971473],[-7.95981620277461,52.7502656390597],[-7.95984565321384,52.7503147387786],[-7.95988429841687,52.7503614310628],[-7.95993161611182,52.7504050856799],[-7.95998696696532,52.7504451119033],[-7.9600496004974,52.7504809684015],[-7.96011867136796,52.7505121704347],[-7.96019324529607,52.7505382961489],[-7.96021370027529,52.7505440839852],[-7.9602283774924,52.7505476759509],[-7.96025280394581,52.7505498987399],[-7.96021358344952,52.7505796461031],[-7.96016541996942,52.750572830644],[-7.95988860696165,52.7505279249314],[-7.95982594903573,52.7505186588431],[-7.95982190877898,52.7505180705693],[-7.95973710778773,52.7505089973608],[-7.9596511429344,52.7505059590255],[-7.95956517839218,52.7505089973016],[-7.95948037544906,52.7505180703431],[-7.95939788213902,52.750533055412],[-7.95931881398672,52.7505537506695],[-7.95924424067839,52.7505798751707],[-7.95919694942751,52.7506004068962],[-7.95915553958474,52.750619920509],[-7.95914716424779,52.7506235558995],[-7.95912744095547,52.750630587477],[-7.9590876506074,52.7506431738028],[-7.95906708453763,52.7506485567111],[-7.95905687106958,52.7506505107363],[-7.95894535699463,52.7506686428957],[-7.95891176429324,52.750673100914],[-7.95865011533393,52.750700166733],[-7.95860378866614,52.7507058875089],[-7.95852129618128,52.7507208728669],[-7.95844222727301,52.7507415684381],[-7.95836765311904,52.750767693286],[-7.95829858128006,52.7507988945514],[-7.95823594532958,52.7508347501445],[-7.95818059447928,52.7508747759306],[-7.95813327431854,52.7509184302166],[-7.95809462680557,52.7509651227383],[-7.95806517396667,52.7510142209453],[-7.9580453149194,52.7510650634811],[-7.95803531698324,52.7511169601795],[-7.95803421026343,52.7511341517126],[-7.95803362277814,52.7511520552656],[-7.95801825770397,52.7512753781583],[-7.95801145507068,52.7513331162766],[-7.95798937266716,52.7514407035852],[-7.95797747845747,52.7514711546386],[-7.95796877066523,52.751496744403],[-7.95795877253902,52.7515486410912],[-7.95795877112324,52.7516008918467],[-7.95796876861668,52.7516527884294],[-7.95798862648878,52.7517036306355],[-7.95801807732406,52.7517527298977],[-7.95805672480787,52.751799421868],[-7.95810404371408,52.7518430772039],[-7.95815939619606,52.751883103372],[-7.9582220317709,52.7519189599283],[-7.95825433841191,52.7519344995766],[-7.95829564373987,52.7519532555294],[-7.95833240896913,52.7519689171606],[-7.95836802250772,52.7519822703014],[-7.95837680355862,52.7519853580062],[-7.95837780306639,52.7519857322506],[-7.95840878780782,52.7519988977068],[-7.95848336325233,52.7520250226921],[-7.95856243518678,52.752045718754],[-7.95858006797685,52.7520492634209],[-7.95858557253874,52.7520507042944],[-7.95860367373017,52.7520570452353],[-7.95864559000215,52.7520738257539],[-7.95865554196167,52.7520777847669],[-7.95873497656805,52.752108331502],[-7.95873504023948,52.7521083566901],[-7.95876918924491,52.752121475517],[-7.95881183949741,52.7521407413668],[-7.95884711997248,52.7521557309315],[-7.95892169742755,52.7521818565399],[-7.95900076837335,52.75220255141],[-7.95908326355702,52.7522175374398],[-7.95916806921078,52.7522266111142],[-7.95925403741796,52.7522296489007],[-7.95928979770292,52.7522291246048],[-7.95932931068321,52.7522279652465],[-7.95941648685883,52.7522254632309],[-7.95946845278285,52.7522245669354],[-7.95947116126005,52.7522270251336],[-7.95948930585276,52.7522490739844],[-7.95950523311348,52.7522629826967],[-7.95947599232769,52.7522647082614],[-7.95946041789867,52.7523669934322],[-7.95945972619997,52.7523780931657],[-7.95945594305713,52.7524162991372],[-7.95945416363593,52.7524342652007],[-7.95951693110418,52.7524448922768],[-7.95952809984196,52.7524131780366],[-7.95960384119975,52.7524102198937],[-7.95964080680912,52.7524023231857],[-7.95970073700795,52.7523895089391],[-7.95971633869298,52.7524176641211],[-7.95971637869623,52.7524176551469],[-7.95971636810333,52.7524178978147],[-7.9597166077108,52.7524182906642],[-7.9597172800784,52.752420048912],[-7.95972240636197,52.7524285998763],[-7.95979584556355,52.7525610613571],[-7.95981775909328,52.7525957671965],[-7.95985640628279,52.7526424603709],[-7.95990372642003,52.7526861149827],[-7.95995908013785,52.7527261412041],[-7.96002171691739,52.7527619977038],[-7.96009079137558,52.7527931988431],[-7.9601653691813,52.7528193245655],[-7.96024444186926,52.7528400204022],[-7.96032693868418,52.7528550055659],[-7.96041174435248,52.7528640792488],[-7.96049771390066,52.7528671170326],[-7.96058368450064,52.7528640789821],[-7.96066849028856,52.7528550060546],[-7.96075098754946,52.7528400201087],[-7.96079103305293,52.7528303669413],[-7.96081049462197,52.7528252727792],[-7.96086180534017,52.7528157446446],[-7.96089836032073,52.7528083192708],[-7.96097743180667,52.7527876238678],[-7.96105200933063,52.7527614982878],[-7.96112108378776,52.7527302972278],[-7.96118372157104,52.7526944401234],[-7.96123907493865,52.7526544138481],[-7.96128639387661,52.7526107592346],[-7.96132504239665,52.7525640665855],[-7.96135449409856,52.752514967582],[-7.96136093732478,52.7525003770408],[-7.96136233922011,52.7524980388642],[-7.961365283736,52.7524967087256],[-7.96137669631999,52.7524926077002],[-7.96156504335281,52.7524320010241],[-7.96176769725976,52.7523667968914],[-7.96199875338078,52.7522924617896],[-7.96221865151344,52.7522217088278],[-7.96226322847529,52.7522073667559],[-7.96232325554773,52.7521857979674],[-7.96239232966755,52.7521545961642],[-7.96245496557993,52.7521187401823],[-7.96251031705277,52.7520787133096],[-7.96255763705801,52.7520350590841],[-7.96259628370934,52.7519883660159],[-7.96262573507494,52.7519392666921],[-7.96264559363063,52.7518884251952],[-7.96265559070955,52.7518365281154],[-7.962655589468,52.7517842782607],[-7.96265424451453,52.7517772987867],[-7.96265089858939,52.7517613919694],[-7.96264825684446,52.7517517427014],[-7.96342519955561,52.7515585145452],[-7.96349086674355,52.7515305259959],[-7.96351989831575,52.7515585940369],[-7.96359455440689,52.7516328960016],[-7.96360132735389,52.7516410788036],[-7.96360365834095,52.7516470474385],[-7.96360392553007,52.7516481521249],[-7.96362378403476,52.7516989942858],[-7.96365323527622,52.7517480939458],[-7.96367026176441,52.7517703521314],[-7.96368131572261,52.7517837644607],[-7.96371688991924,52.7518248632143],[-7.96372599608138,52.7518364279444],[-7.96372628161365,52.7518368540549],[-7.96376841460569,52.7519034137266],[-7.96377668718959,52.751918126635],[-7.96380775362235,52.7519829797182],[-7.96383922878438,52.7520570157832],[-7.96384475322273,52.7520722329648],[-7.96385816220973,52.7521164886325],[-7.96387706401611,52.7521641065208],[-7.96390651585575,52.7522132061142],[-7.96394516263448,52.7522598988577],[-7.96399248199987,52.7523035536381],[-7.96404783453587,52.752343579751],[-7.96411047116082,52.7523794358913],[-7.96417954497075,52.7524106382464],[-7.96425412308769,52.7524367631974],[-7.96433319405714,52.7524574590056],[-7.96441569006948,52.7524724449217],[-7.96450049584432,52.7524815174797],[-7.96458646492225,52.7524845558957],[-7.96467243300254,52.7524815175774],[-7.96475724015983,52.7524724444233],[-7.96483252159807,52.7524590263645],[-7.9650488501423,52.7524127841023],[-7.96506088183246,52.7524101685931],[-7.96536214400221,52.7523400188502],[-7.96537173542012,52.7523380901658],[-7.9654508068965,52.7523173944762],[-7.96552538242096,52.7522912696768],[-7.96559445738187,52.7522600678078],[-7.96565709377917,52.752224211035],[-7.96571244541276,52.7521841844668],[-7.96574342461976,52.7521564147309],[-7.96574362305075,52.7521564929823],[-7.96580840847244,52.7520961026699],[-7.96582148973506,52.7520846945917],[-7.96595579149333,52.7519749118125],[-7.96610937624227,52.7518436058397],[-7.96615133198135,52.7518033631235],[-7.96615431777147,52.7518001328504],[-7.96616395887133,52.7517912376486],[-7.96616616694953,52.7517899727918],[-7.96618975907538,52.751778653953],[-7.96625239577401,52.751742797762],[-7.96630774773237,52.7517027718118],[-7.96635061320607,52.751663733652],[-7.96636851956509,52.7516454206321],[-7.96650345105426,52.7515105865212],[-7.96651788557543,52.7514975852048],[-7.96651822350476,52.7514973228555],[-7.96653751601609,52.7514831005628],[-7.96653875351132,52.7514822650436],[-7.96653900428276,52.7514816934883],[-7.96653923525308,52.7514818328648],[-7.96659385061556,52.751441564799],[-7.96700816568669,52.7517080890451],[-7.96696096644345,52.7517355247435],[-7.96700724997981,52.7517633639487],[-7.96679468034558,52.7518893949109],[-7.966445163822,52.7521711908658],[-7.96629541701063,52.7523676852879],[-7.96623059545767,52.7525019719899],[-7.96624600742637,52.7526660941397],[-7.96626036287825,52.7527023461386],[-7.96630817506423,52.7528231741257],[-7.96633032616493,52.7529697089886],[-7.96627238356737,52.7529997747914],[-7.96624848037542,52.7530121711965],[-7.96606349139357,52.7531104542524],[-7.96572709441075,52.7532291856198],[-7.96488192290633,52.7535273702744],[-7.96458077063091,52.7536336157315],[-7.96437360534321,52.7537067056262],[-7.96337537640259,52.754058796375],[-7.96327498509783,52.7540942043406],[-7.96305145915253,52.7541873207215],[-7.96302159930986,52.7541997595578],[-7.96299395237466,52.7542229485178],[-7.96295775189681,52.7542533070867],[-7.96220440103345,52.7539698180865],[-7.9620442524634,52.7539016931496],[-7.96169654741674,52.7537537945414],[-7.96125048700909,52.7535524661374],[-7.96081556057247,52.7533619700601],[-7.96038809590221,52.7531801661036],[-7.95997487376279,52.7530268298609],[-7.95969208873748,52.75294854],[-7.95929962678205,52.7528561818837],[-7.9590115347767,52.7527845126071],[-7.95897359254135,52.7527750712582],[-7.95879789285149,52.7527298914604],[-7.95855889608963,52.7526704705606],[-7.95811175150927,52.7525604732478],[-7.95772757613743,52.7524688318756],[-7.95736759717324,52.75237179627],[-7.95709199681349,52.7522720128812],[-7.9570239813622,52.7522514690439],[-7.95667675258699,52.7521465985684],[-7.95651676254641,52.7520982753821],[-7.95633077557351,52.7520507243535]]]},"properties":{"sa_code":"217031002","sa_guid_2022":"4c07d11e-13ae-851d-e053-ca3ca8c0ca7f","ed_code":"217031","ed_name":"BORRISOLEIGH","census_vintage":2022,"population_total":255,"population_65_plus":61,"households_no_car":24,"households_car_availability_total":116,"no_car_household_share":0.206897,"older_no_car_population_estimate":12.6,"older_no_car_estimate_method":"ecological proxy: population_65_plus × no-car-household share; not an observed age-by-car cross-tabulation","urban_rural_category":"6. Highly rural/remote areas","legacy_administrative_area":"NORTH TIPPERARY","county":"Tipperary","pobal_ed_index_relative_weighted":-1.7,"pobal_ed_category":"Marginally Below Average","pobal_geography_level":"Electoral Division (not Small Area)","cso_gp_person_median_distance_km_2026":10.2,"cso_gp_dwelling_median_distance_km_2026":10.2,"cso_health_distance_measure":"published median distance to nearest GP; not transit journey time","screening_exposure_person_km":128.7}},{"type":"Feature","geometry":{"type":"Polygon","coordinates":[[[-7.88250900415069,52.3108364715722],[-7.88250025191834,52.3107894260019],[-7.88248328985908,52.3107264446265],[-7.88246170517531,52.310686810794],[-7.88241067651893,52.3106569541146],[-7.88238108811297,52.3106105439524],[-7.8823285907155,52.3105815846256],[-7.88224975373707,52.3105475744466],[-7.88210944586185,52.3105007481896],[-7.8820679910818,52.3104664336262],[-7.88200733120957,52.3104464185617],[-7.88194078477112,52.3104286447103],[-7.88178594419844,52.3103709634006],[-7.88160471932897,52.3103087072607],[-7.8814849459934,52.3102610559186],[-7.88126114566539,52.3102058125076],[-7.88087413481252,52.3101198342747],[-7.88068028405915,52.3100745882172],[-7.88061793828949,52.310076601572],[-7.880489661043,52.3100725079309],[-7.88040896486894,52.3100762463798],[-7.88030998045257,52.3100749686335],[-7.88024555087255,52.3100666249171],[-7.88018190082671,52.3100520079763],[-7.88011454079315,52.3100427533764],[-7.87997195653559,52.3100040029352],[-7.87989005639438,52.3099812147134],[-7.8798351615067,52.3099720085817],[-7.87979281213912,52.3099547794635],[-7.87971914742623,52.3099505787533],[-7.87971480278964,52.3099898720951],[-7.8797039485953,52.3100393787435],[-7.87969757236849,52.310081555327],[-7.87968099177514,52.3101336628084],[-7.87965902732422,52.3102242895548],[-7.87965539187683,52.3102242948398],[-7.87960866779524,52.3102243640805],[-7.87956127059566,52.3102244326166],[-7.87948867879557,52.3102246012725],[-7.87937512341293,52.3102156227015],[-7.87929599601061,52.310208584769],[-7.87921609262962,52.3102064806818],[-7.87914576169334,52.3102003684705],[-7.87907838208848,52.3101929109619],[-7.87900287695609,52.3101912696467],[-7.8789295519654,52.3101914372081],[-7.87875294081886,52.3101813147747],[-7.87869863840354,52.3101860499019],[-7.87854757433781,52.3101863710748],[-7.87839056233961,52.3101951980502],[-7.8782180468995,52.3102156489552],[-7.87806246233629,52.3102172798663],[-7.8780611131259,52.310217293754],[-7.87801727532144,52.3102188844028],[-7.8778483919509,52.3102250108339],[-7.87767459119412,52.3102274825966],[-7.87744360402311,52.3102274948553],[-7.87736465160045,52.3102251666886],[-7.87739902154764,52.3101461529147],[-7.87743601377475,52.3101010051633],[-7.87746517114548,52.3100519024183],[-7.87748483191264,52.3100010559333],[-7.87749472730189,52.3099491557517],[-7.87749472636643,52.3098969010463],[-7.87748858989294,52.309859444054],[-7.8774615893388,52.3097440961559],[-7.87745887171059,52.3097298465475],[-7.87750867136874,52.3097230777153],[-7.87750872671009,52.3097232170946],[-7.87751815568857,52.3097217887098],[-7.87751876743767,52.3097217057509],[-7.8775195068789,52.309721583375],[-7.87755316335046,52.3097164858273],[-7.87756647367306,52.3097141437349],[-7.87757704260625,52.3097125313635],[-7.87765068446748,52.3096987401858],[-7.87768098415741,52.3096915106455],[-7.87768229170376,52.3096911776269],[-7.87768695011425,52.3096903231488],[-7.87772937058779,52.309688807558],[-7.87772931075434,52.3096881693118],[-7.87777353076359,52.3096865899516],[-7.87785748790919,52.3096775166007],[-7.87793915892101,52.3096625299833],[-7.87801743895721,52.3096418330024],[-7.87806308100544,52.3096265160637],[-7.87807440617684,52.3096223885444],[-7.87807851755577,52.3096210085572],[-7.8780859609072,52.3096190405647],[-7.878096477164,52.3096179044836],[-7.87815232172064,52.3096104827601],[-7.87816870932162,52.3096078911969],[-7.87816857674414,52.3096075737657],[-7.87823771021626,52.3095948876532],[-7.87831598999173,52.3095741913729],[-7.87838982064285,52.3095480640966],[-7.87845820251586,52.3095168598502],[-7.87852021203706,52.3094810001532],[-7.87857501051978,52.3094409713308],[-7.87862185739458,52.3093973128416],[-7.87866011754122,52.3093506172842],[-7.87868927453014,52.3093015142312],[-7.87870893355886,52.3092506684337],[-7.87871883028336,52.3091987672461],[-7.87871882936915,52.3091465134335],[-7.87870893185569,52.3090946125951],[-7.87868927077188,52.3090437668677],[-7.87866011116324,52.3089946641398],[-7.87862185011433,52.3089479690635],[-7.8785994713389,52.3089257291624],[-7.87859282620256,52.3089195364392],[-7.87860204138419,52.3089082716197],[-7.87875655641663,52.3087435603313],[-7.87881427416644,52.3086753464159],[-7.8788313944299,52.3086593904934],[-7.87896623470122,52.3085498275333],[-7.87921826728463,52.3083507922031],[-7.87924104717775,52.3083323315156],[-7.8793199685526,52.3082682953114],[-7.87943934955079,52.3081714329583],[-7.87980613278881,52.3078758518513],[-7.87981742722298,52.3078676873913],[-7.87981847882267,52.30786707904],[-7.87983223047903,52.3078655919484],[-7.8798495807006,52.3078646514218],[-7.87987009199051,52.3078633608587],[-7.87995404672423,52.3078542869129],[-7.88003571366945,52.3078393006366],[-7.88011399097697,52.3078186031577],[-7.88015151916688,52.3078061993391],[-7.88018678927222,52.3077937177146],[-7.88019917232787,52.3077923801992],[-7.88027992628288,52.3077885206075],[-7.880308044846,52.3077868421835],[-7.8803919993459,52.3077777679262],[-7.88047366600288,52.3077627813467],[-7.8805519429692,52.307742084476],[-7.88062577072072,52.3077159566918],[-7.88069414966037,52.3076847529378],[-7.88075615774505,52.3076488929551],[-7.880810953412,52.3076088639807],[-7.88085779761351,52.3075652063878],[-7.8808960567591,52.3075185100923],[-7.88092521153222,52.3074694073702],[-7.88094487158423,52.3074185611872],[-7.88095476674625,52.3073666606946],[-7.88095476613129,52.3073144059682],[-7.88094486933589,52.3072625071003],[-7.88090822992845,52.307135207188],[-7.88088294176715,52.3070538976564],[-7.88086513068695,52.3070092292491],[-7.88083597293841,52.3069601261448],[-7.88079771428477,52.3069134308609],[-7.88075086922271,52.306869773104],[-7.88069607258761,52.3068297440506],[-7.88063406638412,52.306793885548],[-7.88056568807656,52.3067626820138],[-7.88049186180524,52.3067365550345],[-7.88041358666831,52.30671585886],[-7.88033192061447,52.3067008722986],[-7.88024796871621,52.3066917978061],[-7.88016286704632,52.3066887596731],[-7.88007776363198,52.3066917986119],[-7.87999381259152,52.3067008717515],[-7.87993866166065,52.3067102923006],[-7.8798894106524,52.3067199902764],[-7.87966905304956,52.3067608830715],[-7.87966806573441,52.3067610465556],[-7.87965917688274,52.306762007361],[-7.87965420510567,52.3067536339885],[-7.87963970041946,52.3067214663933],[-7.87962892280156,52.3066927191287],[-7.87962830228773,52.3066928065839],[-7.8796153962894,52.3066599871494],[-7.8795925395638,52.3066201186645],[-7.87958712301783,52.3066119246059],[-7.87955513376541,52.306569901245],[-7.87946843210864,52.3064698362493],[-7.87946281957287,52.3064630918322],[-7.87946215035114,52.3064622174657],[-7.87945684875288,52.3064532891564],[-7.87945611141215,52.3064494206458],[-7.8794597277304,52.3064450064808],[-7.87946202578257,52.3064427527084],[-7.8794666694853,52.3064385364401],[-7.87946644831353,52.3064384445315],[-7.87949802927577,52.3064082636554],[-7.87953628592172,52.3063615668894],[-7.87956544143658,52.3063124644938],[-7.87958509959863,52.3062616185247],[-7.87959499609284,52.3062097172377],[-7.87959499414143,52.3061574633979],[-7.87958509773051,52.3061055626077],[-7.8795778155487,52.3060834991637],[-7.87953339317065,52.3059643290653],[-7.87953216427017,52.3059578821471],[-7.87953334434735,52.3059574653846],[-7.87954869944686,52.3059533364384],[-7.87976196146269,52.3059039388982],[-7.87979277010397,52.3058982850177],[-7.8798958469048,52.3058853493282],[-7.87996969400947,52.3058781769496],[-7.88002402238649,52.3058716013139],[-7.88010568712534,52.3058566149834],[-7.88017967710501,52.3058372254272],[-7.88093230600925,52.3056092781624],[-7.88098504919264,52.3055916194434],[-7.8809948114487,52.3055880248838],[-7.88102016864646,52.3055782511467],[-7.88108854401589,52.305547046252],[-7.88115054879061,52.3055111869461],[-7.88120534145996,52.3054711577724],[-7.88125218448064,52.3054275000071],[-7.88129044136526,52.3053808035655],[-7.88131959576061,52.3053317007286],[-7.8813392529414,52.3052808553579],[-7.88134914863048,52.3052289539155],[-7.88134914754482,52.3051767000686],[-7.88133925076567,52.3051247994172],[-7.88131959135176,52.3050739540954],[-7.88129043583447,52.305024851089],[-7.88128320604129,52.305015295321],[-7.8812812105743,52.3050119334076],[-7.88128692583294,52.3050099104432],[-7.88129228777631,52.3050084102551],[-7.88134473679611,52.3049951554521],[-7.88152745329439,52.3049490237167],[-7.8819840164448,52.3048419241478],[-7.88244682573345,52.3047335679403],[-7.88279726107567,52.3046429074235],[-7.88280728374491,52.3046410675307],[-7.88281199220207,52.3046454559022],[-7.88281303890976,52.3046466560089],[-7.88296057165299,52.3048295280607],[-7.88311597697328,52.3050223624953],[-7.88311946891942,52.3050282453397],[-7.88311336333714,52.3050304064297],[-7.88310894204539,52.3050316478631],[-7.88258930265189,52.3051637544761],[-7.8825581998339,52.3051706348275],[-7.88255630276319,52.3051710554017],[-7.88247803127026,52.3051917518152],[-7.88240420734665,52.3052178789723],[-7.88233583048052,52.3052490828305],[-7.88227382703127,52.3052849418622],[-7.8822190326246,52.3053249706317],[-7.88217218919873,52.3053686278815],[-7.88213393032155,52.3054153237076],[-7.88210477530773,52.305464425845],[-7.88208511598935,52.305515271339],[-7.88207521816373,52.3055671728381],[-7.88207521717079,52.305619426679],[-7.88208511345363,52.3056713272636],[-7.8821047710731,52.3057221733494],[-7.88211031581946,52.3057330253259],[-7.88214434458353,52.3057967833683],[-7.88214681832213,52.3058017483962],[-7.88219455230325,52.3059011811349],[-7.88219459925015,52.3059011721932],[-7.88219586438202,52.3059040578697],[-7.88222501854461,52.3059531606433],[-7.88226327640335,52.3059998572692],[-7.88231011910214,52.306043515329],[-7.88236491328946,52.3060835445353],[-7.88242691843019,52.3061194039302],[-7.88249529558653,52.3061506081868],[-7.88256911912759,52.3061767357115],[-7.88264739431676,52.3061974322572],[-7.88272905875778,52.3062124190153],[-7.88281300879077,52.3062214926423],[-7.88289810974207,52.3062245315624],[-7.88298321206338,52.3062214932873],[-7.88302050287059,52.3062182233478],[-7.88307240565531,52.3062128357855],[-7.88318707093467,52.3062009864183],[-7.88332388858091,52.3061868478754],[-7.88338230209938,52.306180834715],[-7.88338453880923,52.3061806391758],[-7.88341203836391,52.30617916434],[-7.88349598918408,52.3061700905684],[-7.88353716319208,52.3061633277632],[-7.88356110713868,52.3061589344114],[-7.88357552720373,52.3061572929403],[-7.88391572396277,52.3061291089901],[-7.88396365189545,52.3061273979271],[-7.88400613086032,52.3061251197117],[-7.88409008145511,52.3061160464166],[-7.88417174527059,52.3061010590729],[-7.8842500190437,52.3060803624411],[-7.88432384331556,52.3060542350333],[-7.88439222149111,52.3060230309287],[-7.88439765371269,52.3060198893657],[-7.88439455677964,52.3060553559165],[-7.88441881355098,52.3060822526187],[-7.8844414766242,52.3061073824122],[-7.88447582215291,52.3061454823699],[-7.88445928581898,52.3061889436456],[-7.8845510656695,52.3062056711245],[-7.88452040626912,52.3062668349679],[-7.88449270911349,52.3063222580381],[-7.88446499769295,52.3063775013171],[-7.88443523674891,52.3064370480827],[-7.88440165012814,52.306495970889],[-7.88444641533365,52.3065027650631],[-7.8844910486502,52.3065095321257],[-7.88446815974364,52.3065710720798],[-7.88444089969221,52.3066274753107],[-7.88439369686492,52.3066219551182],[-7.88436687331986,52.3066177042615],[-7.88434313441617,52.3066789647143],[-7.88433458566255,52.3067013916763],[-7.88432098526888,52.3067322449175],[-7.88429655905481,52.3067983584845],[-7.8842783470257,52.3068600737616],[-7.88428945618623,52.3068623767154],[-7.88428396508135,52.3068762496026],[-7.88424704867681,52.3068904062974],[-7.88421264228804,52.3069035946815],[-7.8841887056429,52.3069000027759],[-7.88418057009889,52.306921378475],[-7.88417983454046,52.3069222855938],[-7.88415753312945,52.3069495079122],[-7.88420018362643,52.3069576573707],[-7.88421450905867,52.3069749563262],[-7.88417169657216,52.3070344902259],[-7.88412641866968,52.3070778513543],[-7.88407772185535,52.307127644886],[-7.884031218609,52.3071740878351],[-7.88397974482066,52.307225901015],[-7.88396812972974,52.3072376016399],[-7.8840067778415,52.3072511223675],[-7.88397918643424,52.3072712205533],[-7.88394452549303,52.307291887052],[-7.88393955536462,52.3072971314609],[-7.88391105880635,52.3073324912376],[-7.88386946372157,52.3073748132172],[-7.88385776033352,52.3073810037854],[-7.88374206869492,52.3073558839344],[-7.88368761900115,52.3074015549019],[-7.88361166844151,52.3074652715735],[-7.88311866095374,52.3073942609098],[-7.88261000189826,52.3073756806118],[-7.8825694599112,52.3075404716781],[-7.88247462582503,52.3077072850688],[-7.88236208517688,52.3079594356656],[-7.88217441506707,52.3081686090604],[-7.88272583389696,52.3082187474117],[-7.88344772179645,52.3084715536988],[-7.88353911727281,52.3085972942486],[-7.88353269277505,52.3087431534822],[-7.88362635421591,52.3089389886038],[-7.88357020675493,52.3090776349922],[-7.88339753658704,52.3092097755587],[-7.8834243991978,52.3092667083335],[-7.88343513658507,52.309265604354],[-7.88383949755265,52.3092266599621],[-7.88417145454918,52.3092174401267],[-7.88418487361805,52.3092170667779],[-7.88467912043601,52.3092033394804],[-7.88519971643177,52.3092076846546],[-7.88525984587436,52.309217225954],[-7.88534897002733,52.3092313615311],[-7.8857172673961,52.3092897752055],[-7.88583357207007,52.3092671017931],[-7.88597878035052,52.3092387934069],[-7.88599305614335,52.3092360117588],[-7.88622756825063,52.3092204180792],[-7.88632158424009,52.3092141716916],[-7.88665084166054,52.3091937336183],[-7.88670329922014,52.3091870605363],[-7.88680199448939,52.3091745083198],[-7.88683922130787,52.3091655644652],[-7.88696045418404,52.3091364229364],[-7.88708742422417,52.309105911525],[-7.88710966606934,52.3090845311387],[-7.88719082727537,52.3090065254803],[-7.88725814993768,52.3090650869815],[-7.8872602090008,52.3090684866037],[-7.88727702724783,52.3090923581613],[-7.88728974633359,52.3091077406512],[-7.88730144213033,52.3091218547834],[-7.88732131050393,52.3091457831754],[-7.88742298700823,52.3092354775917],[-7.88757283874528,52.3093419274201],[-7.88760284914707,52.3093451199341],[-7.88763938356695,52.309349001773],[-7.88766365457095,52.3093543820087],[-7.88781171374782,52.3093871779743],[-7.88787752022223,52.309396318849],[-7.88801456460311,52.3094124483953],[-7.88801284649479,52.3094075660054],[-7.88808315113358,52.3094182750306],[-7.88849289865336,52.3095456701712],[-7.88879268872796,52.3095750216195],[-7.88933563389003,52.3095753247726],[-7.88935129517233,52.3095755731446],[-7.88940141712483,52.3095763751173],[-7.88982911927913,52.3095325603042],[-7.88994050566691,52.3095174735536],[-7.89009198398506,52.3094969589928],[-7.89016952744288,52.3094864606274],[-7.89029132077954,52.309467356369],[-7.89049233379975,52.30943584041],[-7.89086191536398,52.3093630968694],[-7.89099786356318,52.30933633776],[-7.89117146304931,52.3093065660826],[-7.89149677259227,52.309250768044],[-7.89170471204829,52.3092165508418],[-7.89220419338842,52.3091297022934],[-7.89223406021205,52.3090954743314],[-7.8926855912408,52.3090004723559],[-7.89340588491366,52.3087553336985],[-7.89340644090866,52.3087558555338],[-7.89344297188991,52.3087428551517],[-7.89357841607242,52.3087230317467],[-7.89359252752386,52.3087212467568],[-7.8936688349256,52.3087116078773],[-7.89367780074308,52.30871528326],[-7.89367982244723,52.3087161120226],[-7.89377884084096,52.3087082103165],[-7.89383044009686,52.3087040950234],[-7.89390484685993,52.3086981575497],[-7.8939972942446,52.3086907890692],[-7.89404699512483,52.3086894494278],[-7.89430358010868,52.3086825244364],[-7.89456122377991,52.3086681932997],[-7.89471967737221,52.3086476520639],[-7.89472614329514,52.3086419231566],[-7.89473669021142,52.3086411847113],[-7.89461198672893,52.3087525202694],[-7.89449182266158,52.3088497010468],[-7.89427368985306,52.3090388525825],[-7.89426413541893,52.3090458316986],[-7.89424669726306,52.3090559164774],[-7.89421654840314,52.3090743959267],[-7.89416174982648,52.3091144239121],[-7.89413019494639,52.3091425773118],[-7.89406417047589,52.3092065657487],[-7.89405416551834,52.3092154931526],[-7.89405025160967,52.3092185358483],[-7.89400407980227,52.3092524593101],[-7.89395734751744,52.3092907704411],[-7.89395053553091,52.3092970230253],[-7.89394332261643,52.3093022919062],[-7.89393834296417,52.3093051718481],[-7.89392680174239,52.3093107658211],[-7.89386479025614,52.3093466237126],[-7.89380999102379,52.3093866524315],[-7.89376314444383,52.3094303106467],[-7.89372488252822,52.3094770056943],[-7.89369572446558,52.3095261088543],[-7.89369526736162,52.3095271520089],[-7.89369181456091,52.3095329680627],[-7.89368737725249,52.3095383832417],[-7.8936857017887,52.3095399232632],[-7.89336697032309,52.3098085928516],[-7.89303697147766,52.3100940634741],[-7.89284027128046,52.3102636134135],[-7.89283072957943,52.3102705825366],[-7.89282815023859,52.3102704912103],[-7.89279891910666,52.310267866109],[-7.89271380972964,52.3102648280273],[-7.89262870032811,52.3102678661161],[-7.89254474216196,52.3102769400754],[-7.89246307056191,52.3102919268998],[-7.89238478879387,52.3103126235599],[-7.89231095632017,52.3103387505869],[-7.8922425726655,52.3103699538546],[-7.89222502540276,52.3103792724126],[-7.89220227760583,52.3103917447843],[-7.89219323144025,52.3103963044888],[-7.89217058363907,52.310406846214],[-7.89214249145288,52.3104188966287],[-7.89212416137017,52.3104262693438],[-7.89208688845814,52.3104403014167],[-7.89206551256818,52.3104476210045],[-7.89205863747903,52.3104500910566],[-7.89201726892045,52.3104633859028],[-7.89199760946114,52.3104692338307],[-7.89195391547241,52.3104811288156],[-7.89189938094774,52.3104942857384],[-7.89183888995136,52.3105108528154],[-7.89176505682461,52.3105369803988],[-7.8916966724809,52.310568183349],[-7.89163466036231,52.3106040427594],[-7.8915798590299,52.3106440713335],[-7.89153301039462,52.3106877286543],[-7.89149474797826,52.3107344238692],[-7.89148143681816,52.3107546762328],[-7.89147990552617,52.3107571799232],[-7.89147522050932,52.3107629803976],[-7.89146691727361,52.3107707181664],[-7.89146285050951,52.3107737705226],[-7.89144823513006,52.3107822224698],[-7.89144725141843,52.3107826925636],[-7.8914374804018,52.3107861504518],[-7.89142958398035,52.3107882474043],[-7.89141853766384,52.310790274946],[-7.89140120171963,52.3107922059208],[-7.89124679679121,52.310804358353],[-7.89122124980249,52.3108069028476],[-7.89001114500913,52.3109040033505],[-7.8899940336736,52.3109046148149],[-7.88998513272009,52.310904297321],[-7.88998196431022,52.3109040040414],[-7.88943851517242,52.3108422300894],[-7.88940750675655,52.3108365401012],[-7.88936112048201,52.310826154488],[-7.88934157159368,52.3108209776724],[-7.88932406804798,52.3108148032477],[-7.88925377379614,52.3107865853607],[-7.88911129640257,52.310725572537],[-7.88897168597111,52.310660636055],[-7.88895503388962,52.3106523932211],[-7.88881171769901,52.3105770659452],[-7.88879128615055,52.3105666218403],[-7.88831563014029,52.3103236999825],[-7.88827122613706,52.3103027318452],[-7.88826961036746,52.3103020274156],[-7.88804478603053,52.3102039881178],[-7.88804470666787,52.3102040563553],[-7.88801597142953,52.310191593516],[-7.88794213947511,52.3101654667126],[-7.88786385775775,52.3101447700914],[-7.88778218581904,52.3101297832942],[-7.88769822738207,52.3101207096046],[-7.887613118633,52.3101176714437],[-7.88752800915878,52.3101207103518],[-7.88744405169337,52.3101297833836],[-7.8873623801045,52.3101447702778],[-7.8872840976799,52.3101654671539],[-7.88721026684574,52.3101915936926],[-7.88714188275998,52.3102227976046],[-7.88707987037606,52.3102586564247],[-7.88703998045887,52.3102868269245],[-7.88696808714037,52.3103420734387],[-7.88696214888325,52.3103462671878],[-7.88695807335518,52.3103486236703],[-7.8869493806431,52.3103489344437],[-7.88694360731291,52.3103488309436],[-7.88685849881672,52.3103518693704],[-7.88677453930899,52.310360942823],[-7.88669286706919,52.3103759292534],[-7.8866145853893,52.3103966265849],[-7.88654075377683,52.3104227527037],[-7.88647236886217,52.3104539571252],[-7.88641035708099,52.3104898155934],[-7.88635555704036,52.3105298444441],[-7.88630870778448,52.3105735014928],[-7.88627044583139,52.3106201977155],[-7.8862412861007,52.3106692999265],[-7.8862216233418,52.3107201451608],[-7.88621172625226,52.3107720460609],[-7.8862117242541,52.3108242998527],[-7.88622162212438,52.3108762009428],[-7.88624128237856,52.3109270471938],[-7.88627043990801,52.3109761498259],[-7.88630870194557,52.3110228460012],[-7.88633827673097,52.3110516637529],[-7.88633851376083,52.3110518770086],[-7.88637733041817,52.311089927649],[-7.88638153319197,52.3110940439337],[-7.88639195983819,52.3111067691048],[-7.88639238783182,52.3111074319694],[-7.88640845108101,52.3111347580985],[-7.88641232346557,52.3111447714242],[-7.88641356999772,52.311150505493],[-7.88641540512478,52.3111629122969],[-7.88641540664452,52.311170912969],[-7.88641004317293,52.3111733598767],[-7.88637658105894,52.311189576221],[-7.88631456817159,52.3112254346337],[-7.88630948061879,52.3112289388508],[-7.88629440083484,52.3112379047546],[-7.88629012728958,52.3112402295633],[-7.88624354691278,52.3112679250485],[-7.88619147482535,52.3113057219022],[-7.88618126558045,52.3113140183457],[-7.88616237568185,52.3113281372681],[-7.88610454656606,52.3113679446574],[-7.88608121606053,52.3113825985957],[-7.88602666296381,52.3114138673273],[-7.88596583274068,52.3114481033724],[-7.88591993068913,52.3114747585148],[-7.8859191905162,52.3114751631817],[-7.88590187537715,52.3114830644348],[-7.88586458643838,52.3114965147688],[-7.88582812663458,52.3115080351611],[-7.88572000787545,52.311537647519],[-7.88561474158841,52.311567749717],[-7.88559219642921,52.3115734769335],[-7.88555589460781,52.3115805525779],[-7.88554991585304,52.3115815678799],[-7.88553015903072,52.3115837032821],[-7.88547794989435,52.3115861442932],[-7.88543799860673,52.3115866718313],[-7.88539864615214,52.3115858750309],[-7.8853894989802,52.3115854553819],[-7.88538366379242,52.3115848250192],[-7.88537452426859,52.3115831478842],[-7.88537268639722,52.3115826966755],[-7.88530618696195,52.3115648492667],[-7.88526098316677,52.3115537980433],[-7.88508732602693,52.3115153867408],[-7.88487320295992,52.3114629127822],[-7.88472544191581,52.3114320738314],[-7.88470025331744,52.3114262184042],[-7.88460453543458,52.311401523396],[-7.88457810923123,52.3113939328507],[-7.88453044385627,52.3113787945643],[-7.88451129274182,52.3113719176117],[-7.88450121314573,52.3113674629401],[-7.88447873899159,52.3113566017232],[-7.88446194904634,52.3113468929951],[-7.88443007971638,52.3113295104058],[-7.88436169322637,52.3112983063923],[-7.88428786011315,52.3112721800051],[-7.88420957668123,52.3112514827624],[-7.88413276652769,52.3112372136958],[-7.88409208039868,52.3112311604702],[-7.88399309522798,52.3112179266011],[-7.88393936783537,52.3112094390113],[-7.88391935242497,52.3112056243968],[-7.88391109979116,52.311203574098],[-7.88378805885572,52.311169808235],[-7.88371899643609,52.3111533695041],[-7.8836798611152,52.3111454237843],[-7.88361839492385,52.3111347415239],[-7.88356354386185,52.3111281159736],[-7.88355701216435,52.311127484834],[-7.88354917758189,52.3111265288234],[-7.88352704428591,52.3111233870915],[-7.88344633344596,52.3111103038105],[-7.88342689279204,52.3111065678795],[-7.88341864018056,52.3111045247371],[-7.88333402687447,52.3110814468013],[-7.88331779586722,52.3110757032929],[-7.88331189113144,52.311073115062],[-7.88328491451185,52.3110602860795],[-7.88326569128742,52.3110491698728],[-7.88325474317592,52.3110415736515],[-7.88324031863942,52.3110309295854],[-7.88320666110987,52.3110045375133],[-7.88319489065861,52.3109956919696],[-7.88318830016849,52.3109895489983],[-7.88318433278358,52.3109847083589],[-7.8831818220386,52.3109808345255],[-7.8831435589248,52.3109341391325],[-7.88309671025103,52.3108904814359],[-7.88304190800836,52.3108504525965],[-7.88297989576613,52.3108145935491],[-7.88291151108534,52.3107833904922],[-7.88283767821704,52.3107572631959],[-7.88275939636621,52.310736566789],[-7.88269344719955,52.3107244648055],[-7.88250900415069,52.3108364715722]]]},"properties":{"sa_code":"217006005","sa_guid_2022":"4c07d11e-1430-851d-e053-ca3ca8c0ca7f","ed_code":"217006","ed_name":"ARDFINNAN","census_vintage":2022,"population_total":217,"population_65_plus":51,"households_no_car":18,"households_car_availability_total":89,"no_car_household_share":0.202247,"older_no_car_population_estimate":10.3,"older_no_car_estimate_method":"ecological proxy: population_65_plus × no-car-household share; not an observed age-by-car cross-tabulation","urban_rural_category":"6. Highly rural/remote areas","legacy_administrative_area":"SOUTH TIPPERARY","county":"Tipperary","pobal_ed_index_relative_weighted":-0.31,"pobal_ed_category":"Marginally Below Average","pobal_geography_level":"Electoral Division (not Small Area)","cso_gp_person_median_distance_km_2026":9.7,"cso_gp_dwelling_median_distance_km_2026":9.7,"cso_health_distance_measure":"published median distance to nearest GP; not transit journey time","screening_exposure_person_km":100.1}},{"type":"Feature","geometry":{"type":"Polygon","coordinates":[[[-7.7336108893788,52.6370057846491],[-7.73360622906396,52.6369971276864],[-7.73359795895436,52.6369574242412],[-7.733607682636,52.6369562974319],[-7.73360934817193,52.636755068152],[-7.73362453692478,52.6367062253847],[-7.7337928044882,52.6364712789026],[-7.73442683806238,52.636485734289],[-7.73439565559838,52.6362580335104],[-7.73430583897681,52.6362275065294],[-7.73430926958232,52.63618797587],[-7.73439325961321,52.6361682107384],[-7.73429937658437,52.6357237577779],[-7.73421900028362,52.6352814202286],[-7.7342139879342,52.635252854004],[-7.734155978044,52.6349224720586],[-7.73428368356074,52.6349074563819],[-7.73430035459237,52.6349112148118],[-7.73432190892738,52.6349160717409],[-7.73432315747894,52.6349243291506],[-7.73432315784053,52.6349167090964],[-7.73433576025109,52.6349153567907],[-7.73475090509634,52.6348939425992],[-7.73487223175588,52.6348854382198],[-7.73491892079973,52.6348828139128],[-7.73507394152406,52.6348702726758],[-7.73508571258419,52.6348695844448],[-7.73520203847624,52.634864242222],[-7.73523218952676,52.6348624787364],[-7.73523516911582,52.6348622633898],[-7.7352874527545,52.6348584137863],[-7.73539499098768,52.6348531497113],[-7.73540215558173,52.6348529769619],[-7.73540649799292,52.6348531304673],[-7.73540805771325,52.6348531860808],[-7.73540870945549,52.6348548602092],[-7.73540994009973,52.6348607321432],[-7.735410417037,52.6348629757226],[-7.73541637807499,52.6349095003097],[-7.73542606455765,52.6350359269447],[-7.73542651184118,52.6350411275207],[-7.73543448695582,52.6351458684985],[-7.7354366570318,52.635160829431],[-7.73544620425051,52.6352263555328],[-7.73543882412994,52.6353281285284],[-7.73545832583813,52.6353745323429],[-7.73553149335325,52.6354072593165],[-7.73556976741926,52.6354201616718],[-7.73567304102293,52.6354214167334],[-7.73581613976943,52.6354108405759],[-7.73599636880678,52.6353975193445],[-7.73600063542552,52.6353734588991],[-7.73601314177708,52.6353723704492],[-7.73602882312774,52.6353710050493],[-7.73613882462476,52.6353614261377],[-7.73614531950732,52.6354114410264],[-7.73614910349194,52.6354405796662],[-7.73615213942821,52.635463910371],[-7.73614435975418,52.6354643963773],[-7.73615124567637,52.6354646400067],[-7.73615256204441,52.6354668414107],[-7.7361756989232,52.6356271872959],[-7.73618857357028,52.6357164203834],[-7.7363220615193,52.6357198453442],[-7.73632173333626,52.6357474019204],[-7.73665722598609,52.6357474109986],[-7.73666170917727,52.6358422357114],[-7.73666595571531,52.6359321883833],[-7.73666806947622,52.6359767809086],[-7.73667032222545,52.6360243074359],[-7.73667439935355,52.636110493743],[-7.7366758759814,52.6361967371859],[-7.73667624089547,52.6362188818096],[-7.73806417465287,52.6362207258242],[-7.73806726241151,52.6361648127157],[-7.73807774418663,52.6360127044691],[-7.738085767454,52.6358962373165],[-7.73809017168637,52.635832374504],[-7.73809187807046,52.6358076297306],[-7.73809369285926,52.6357813068983],[-7.73810211977664,52.6356590793039],[-7.73811585152674,52.6354599528402],[-7.73812663846455,52.635298740369],[-7.73812743753753,52.6352861499015],[-7.73812793972432,52.6352782505309],[-7.73815683885968,52.6352773589685],[-7.73815804025459,52.6350761258648],[-7.7399616638703,52.6350717317544],[-7.7399583278404,52.6350954384579],[-7.73997547626723,52.6353053286676],[-7.73989956705334,52.635746833943],[-7.73988494974957,52.6358375629962],[-7.73987092322038,52.6360702862576],[-7.73981263853326,52.6364093935307],[-7.73976179609207,52.6366245002636],[-7.73974717434656,52.6366987011887],[-7.73973827088461,52.6367438833346],[-7.73960340648935,52.6367059694337],[-7.73930278106364,52.6366926541552],[-7.73893951386272,52.6366740041386],[-7.73893875803877,52.6364460660234],[-7.73871929399803,52.6364459597946],[-7.73805184522479,52.6364531146657],[-7.73805118725787,52.6364658186913],[-7.73801797484554,52.6364647350097],[-7.73801756259503,52.6364442180194],[-7.73669448228912,52.6364412853375],[-7.73669215815403,52.6364425519793],[-7.73669229672119,52.6364475244659],[-7.73671247109298,52.6371711479858],[-7.73690860022936,52.6372665601272],[-7.7370192360649,52.6373194935514],[-7.73707745538049,52.6373474946275],[-7.73713162930542,52.637375055275],[-7.73810902235959,52.6378505021604],[-7.73799681177419,52.638026086903],[-7.73792977938249,52.638204306087],[-7.73793420285449,52.6382038080467],[-7.73793296205467,52.6382045081662],[-7.73786973494699,52.6382561887887],[-7.73782632743533,52.6382194198035],[-7.73576314046119,52.6371630218048],[-7.73553719808366,52.6370459340021],[-7.73545725943676,52.6369890321013],[-7.73539531003623,52.6369526540402],[-7.73531522907859,52.6369193902447],[-7.73526355594992,52.636898791086],[-7.73514564510988,52.6368572006256],[-7.73501526252454,52.6368527476643],[-7.73498904420464,52.6368518531425],[-7.73492326471213,52.636855283243],[-7.73485895958131,52.6368641004365],[-7.73455662717481,52.6368992669131],[-7.73426564868942,52.6369331116746],[-7.73422976224862,52.6369370946779],[-7.7341831628243,52.6369433339016],[-7.7341823334096,52.6369429446568],[-7.73418033789385,52.6369440897493],[-7.73408855375475,52.6369527675797],[-7.7336108893788,52.6370057846491]]]},"properties":{"sa_code":"217121002/03/217121004","sa_guid_2022":"caabd760-ea04-4e8c-a7cc-72680e33e2a0","ed_code":"217121","ed_name":"LITTLETON","census_vintage":2022,"population_total":230,"population_65_plus":39,"households_no_car":22,"households_car_availability_total":87,"no_car_household_share":0.252874,"older_no_car_population_estimate":9.9,"older_no_car_estimate_method":"ecological proxy: population_65_plus × no-car-household share; not an observed age-by-car cross-tabulation","urban_rural_category":"6. Highly rural/remote areas","legacy_administrative_area":"NORTH TIPPERARY","county":"Tipperary","pobal_ed_index_relative_weighted":-12.25,"pobal_ed_category":"Disadvantaged","pobal_geography_level":"Electoral Division (not Small Area)","cso_gp_person_median_distance_km_2026":8.4,"cso_gp_dwelling_median_distance_km_2026":8.4,"cso_health_distance_measure":"published median distance to nearest GP; not transit journey time","screening_exposure_person_km":82.8}},{"type":"Feature","geometry":{"type":"Polygon","coordinates":[[[-7.99176518293273,52.2765239832663],[-7.99176509503884,52.2765238277581],[-7.99172026844474,52.2764487773694],[-7.99167518290637,52.2763800782584],[-7.99164280885457,52.2763309472184],[-7.99163627803104,52.2763213577639],[-7.99159804505498,52.2762746612961],[-7.99157230012392,52.2762506519256],[-7.99156722974338,52.2761976703138],[-7.99143721247712,52.2759902401196],[-7.99134599135061,52.2758521692316],[-7.99138158465657,52.2758456326592],[-7.99142203300121,52.2758374110743],[-7.99150025325527,52.275816714285],[-7.99157402711577,52.2757905862402],[-7.99164235805656,52.2757593819258],[-7.99170431988451,52.2757235228493],[-7.99175907725587,52.2756834934458],[-7.99180588714284,52.2756398347847],[-7.99184411934931,52.275593138279],[-7.99187325358121,52.2755440348978],[-7.99189289849586,52.2754931888755],[-7.99189854136045,52.2754700473217],[-7.99192617492889,52.2753323022599],[-7.99193042084303,52.2753035436584],[-7.99193042007549,52.2752512886755],[-7.99192670724619,52.2752252593548],[-7.99192621682637,52.2752226858971],[-7.99193019708327,52.2752123834837],[-7.99197814514983,52.275118474293],[-7.99198085699423,52.2751130435902],[-7.99200050159513,52.2750621975462],[-7.99200972233047,52.2750165722474],[-7.99201155678918,52.2750010095812],[-7.9920135382096,52.2749912058944],[-7.99201416712796,52.2749895772101],[-7.99202730376315,52.2749652361821],[-7.99206022708377,52.2748976525286],[-7.99207427526292,52.2748641719897],[-7.99208714142899,52.2748277521111],[-7.99208889469768,52.2748235788407],[-7.9920967570434,52.2748103284336],[-7.99211884619468,52.2747805310394],[-7.99212620952234,52.274771753304],[-7.99213754860181,52.2747610504835],[-7.99221815311787,52.2746930942268],[-7.99222429951727,52.2746882048556],[-7.99227428378895,52.2746498126072],[-7.99228006810312,52.2746457285842],[-7.99228450113097,52.2746431626403],[-7.99229662025693,52.2746376282768],[-7.99239039932367,52.2746016792215],[-7.99240535960605,52.2745965225493],[-7.9924206010567,52.2745923546348],[-7.99248810791545,52.2745761426886],[-7.99250243620152,52.2745735108502],[-7.99251254412233,52.2745724175838],[-7.9925130481949,52.2745723906501],[-7.99262623703294,52.274568449098],[-7.99265115914956,52.2745681018955],[-7.99274940833542,52.2745687875038],[-7.99277679634341,52.2745698624162],[-7.99277941335587,52.2745700980765],[-7.99278888058162,52.2745711323393],[-7.99279500107197,52.2745719111221],[-7.99285872216704,52.2745782357476],[-7.99294376412732,52.2745812744985],[-7.99302880412202,52.2745782360231],[-7.99311269623419,52.2745691625009],[-7.99319430186324,52.2745541752141],[-7.99327252049813,52.2745334781452],[-7.9933462926511,52.2745073507852],[-7.99341462037387,52.2744761463373],[-7.99343397722666,52.2744655795659],[-7.99343496784336,52.2744651274964],[-7.99346840568269,52.2744489085963],[-7.99353036714015,52.2744130494526],[-7.99358512125147,52.2743730200922],[-7.99363193089424,52.2743293615964],[-7.99367016151932,52.274282665388],[-7.99369929433925,52.2742335624442],[-7.99371893951556,52.2741827161068],[-7.99372882736622,52.2741308148899],[-7.99372882594889,52.2740785607955],[-7.99371893666398,52.2740266594254],[-7.99369929132276,52.2739758136897],[-7.99367015507745,52.2739267103238],[-7.99364459478581,52.2738940499162],[-7.99353850059018,52.2737714150273],[-7.99353495818327,52.2737668881943],[-7.99353305670646,52.2737636836684],[-7.99355392817742,52.2737541515423],[-7.99319978651821,52.273424399812],[-7.99311646257576,52.2733741740961],[-7.99298521578133,52.2732949951261],[-7.99264757776902,52.2730900803308],[-7.99232942869722,52.2728973902745],[-7.99201419773774,52.2727074770177],[-7.99173978200684,52.2728825193741],[-7.99166610255946,52.2728377601477],[-7.99163118948567,52.2728165356839],[-7.99145222936913,52.2727077612651],[-7.99133799716084,52.2726383252871],[-7.99161431729216,52.2724658906755],[-7.99142111773066,52.2723506703916],[-7.99115863726882,52.2721894321691],[-7.99103508964591,52.2721116807733],[-7.9909246399312,52.2720421727669],[-7.98957610446107,52.2720867885179],[-7.98954736064219,52.2718204548474],[-7.98953969839186,52.2718167688579],[-7.98945445607516,52.2718168826219],[-7.98793345826596,52.271836350042],[-7.98792526065749,52.2716410411997],[-7.98791885176175,52.2715010346733],[-7.98788545939178,52.2715016604518],[-7.98774951512042,52.2715082889758],[-7.98751438658495,52.2715289380462],[-7.98719855079832,52.2715600855579],[-7.98689808730544,52.2715823352531],[-7.98659558634355,52.2716063007681],[-7.98631578160172,52.2716291805243],[-7.9862872090944,52.2716316940076],[-7.98633092936034,52.2719234049299],[-7.98636378063845,52.2722547451405],[-7.98577136018854,52.2722866655395],[-7.98546385985786,52.2723029872719],[-7.98543600842715,52.2719368706787],[-7.98542623758773,52.2717960456498],[-7.98541833275977,52.2717735732651],[-7.98541863072642,52.2717585713892],[-7.98542083554694,52.2717372687657],[-7.98512564034098,52.2717727277892],[-7.9849302186042,52.2717878037988],[-7.9848004234745,52.2718045957774],[-7.98457759317542,52.2718445570046],[-7.98433924497884,52.2718866730093],[-7.98419302899721,52.2719310390536],[-7.98376755901808,52.2720842992575],[-7.98331967926031,52.2722465343355],[-7.98282915840117,52.2724068739197],[-7.98255547378865,52.2724983104081],[-7.9825582466424,52.2725266247894],[-7.98254813129119,52.2725397376076],[-7.98254021560265,52.2725482755718],[-7.98252630860384,52.2725528576816],[-7.98246666902768,52.2725630059171],[-7.98243664638603,52.2725622823706],[-7.98241540118361,52.2725600320682],[-7.98240133751173,52.2725531986657],[-7.98239197828485,52.2725438491656],[-7.9820706727843,52.272631601096],[-7.98174683116344,52.2727156970096],[-7.98171036124474,52.2723982971379],[-7.98168801134264,52.2723392073572],[-7.98152138149223,52.2717819174484],[-7.98142130165142,52.2714788613037],[-7.98219992936149,52.271407279463],[-7.98228536119124,52.2717127506783],[-7.98236451296536,52.271969691625],[-7.98250058890316,52.2723785117137],[-7.98256299629563,52.2723715098665],[-7.98260253387132,52.2723952455035],[-7.9826331604541,52.2723875198478],[-7.98277806144348,52.272341438731],[-7.98325041281503,52.2721811866671],[-7.98331355782655,52.2721598118154],[-7.98338945226279,52.2721332163687],[-7.98324357276051,52.2716691342072],[-7.98322674361153,52.2716138611391],[-7.98341441655011,52.2715924049797],[-7.98341036321084,52.2715781845023],[-7.98340682687772,52.2715527733352],[-7.98362780274271,52.2715341349319],[-7.98361189725481,52.2714761385107],[-7.98358655632226,52.2713772068543],[-7.98357545732399,52.2713178538213],[-7.98381814700775,52.271297285538],[-7.98427023637611,52.2712557924912],[-7.98426344657625,52.271231082023],[-7.98464725404887,52.2711964456765],[-7.98480221090731,52.271719312516],[-7.98480308767247,52.2717262338229],[-7.98488073192063,52.2717196821381],[-7.98504671581558,52.2717084675686],[-7.9853692970691,52.2716685178564],[-7.98533556757042,52.271313815948],[-7.98531304755617,52.2710914989846],[-7.98531148490882,52.2710760204819],[-7.98531062501644,52.2710710452044],[-7.98584393112267,52.2710428655742],[-7.98588237624444,52.2715877506512],[-7.98585762760473,52.2715959605406],[-7.98589789928663,52.2715906423292],[-7.98600991968637,52.2715758514891],[-7.98634524302039,52.2715471363238],[-7.98668920736829,52.2715294771142],[-7.9869370833786,52.2715097299541],[-7.98704958494932,52.2715011133242],[-7.98704299798866,52.2714788299514],[-7.9868327765968,52.271009342969],[-7.98741422784845,52.2708965369639],[-7.98764729313228,52.2708544141934],[-7.9876442085083,52.2708821885364],[-7.98760592081575,52.2711002830592],[-7.98765518975173,52.2714373773597],[-7.98765679843767,52.271448343576],[-7.987657926745,52.2714480021285],[-7.98769621592351,52.2714363928994],[-7.98775759401702,52.2714348712227],[-7.98793411151856,52.2714216851903],[-7.9880394469262,52.2714163027678],[-7.98816908961208,52.2714129001733],[-7.98838617557192,52.2714111240105],[-7.98878156370289,52.2714061286391],[-7.98922615506731,52.27139458378],[-7.98955385014974,52.2713902088267],[-7.98966732060657,52.2713890637795],[-7.98986969786479,52.2714034630169],[-7.98987017115104,52.271403359689],[-7.98996345098992,52.2713829995677],[-7.99007952288633,52.2714573807552],[-7.9904376914339,52.2716726594405],[-7.99080161936549,52.2718996405897],[-7.99107615553071,52.2720615906219],[-7.99109354484773,52.2720764500295],[-7.99144955509114,52.2722899187588],[-7.9918025487766,52.2725119073547],[-7.99222414462535,52.2727597774944],[-7.99258326009929,52.2729575219907],[-7.99298566732064,52.2732192395587],[-7.99350253898591,52.2735344260573],[-7.99370188400059,52.2736616231939],[-7.99370359236739,52.2736627126986],[-7.99370776218903,52.2736653735348],[-7.99373121496164,52.2736797681642],[-7.99378852318743,52.2737149425312],[-7.99416536871577,52.2739462374103],[-7.99432830536995,52.2740462412819],[-7.99459282696311,52.2742358583726],[-7.99462196931267,52.2742567311391],[-7.99484715420674,52.2744087017683],[-7.99496250863369,52.2744909430756],[-7.99512950927464,52.2746327985349],[-7.99513765545806,52.2746416975441],[-7.99522972514523,52.274742220355],[-7.99523335871176,52.2747461934448],[-7.99534071071634,52.2748604063583],[-7.99549994492355,52.27502981091],[-7.99555003643849,52.275110575006],[-7.99564045877312,52.27514411469],[-7.99573125640153,52.275238336075],[-7.99589443161561,52.2754467595562],[-7.99613844475872,52.275735129706],[-7.99637992888264,52.2759880304138],[-7.99639176839661,52.2759954283586],[-7.99644624779518,52.2760294696761],[-7.99650842005624,52.2760683200738],[-7.99617525035921,52.276292906821],[-7.99603135778305,52.2763804416249],[-7.99591589562038,52.2764388722935],[-7.99574540609951,52.2765195295785],[-7.99556213890103,52.2765895436863],[-7.99528870114348,52.2767064562312],[-7.99513582775645,52.2768009539122],[-7.9950174594376,52.2766979688902],[-7.99497030102057,52.276589322214],[-7.99498845738983,52.2765866264191],[-7.9949799601431,52.2765692781448],[-7.99499095074566,52.2765670314724],[-7.99498333401711,52.2765382767578],[-7.99495565236728,52.276543938369],[-7.99490029170279,52.2764044425858],[-7.99487992890685,52.2763531619901],[-7.9948575223588,52.2762984809304],[-7.99469042056431,52.2762712849495],[-7.99469974197835,52.2762696503498],[-7.99467633137275,52.2762195111276],[-7.9946480571266,52.2761583786751],[-7.99463400783901,52.2761287697314],[-7.99462221470478,52.2761035113501],[-7.99460782856431,52.2760726979211],[-7.99458958954843,52.2760336058526],[-7.99442076129132,52.2760644557131],[-7.99440880714737,52.276038864726],[-7.99427740579701,52.2760567456599],[-7.9940501074492,52.2761007513898],[-7.99399540427461,52.2761090360704],[-7.99394360262971,52.2761163860647],[-7.99391219931555,52.2761203484035],[-7.99390034511044,52.2761159883417],[-7.99389749061653,52.2760943797035],[-7.99366322256025,52.2761990570864],[-7.99366922794236,52.2762174839498],[-7.99340287699796,52.2762552123202],[-7.99337268975675,52.276259426263],[-7.99327950453499,52.2762750520967],[-7.9932152170758,52.2762859785055],[-7.99308224577666,52.2763089365531],[-7.99299909854247,52.2763220459571],[-7.99298092745014,52.2763251009877],[-7.99289462941858,52.2763393786432],[-7.99274209467009,52.276364744062],[-7.99273522188339,52.2763658851861],[-7.99259398556194,52.2763877995023],[-7.99246220102979,52.2764081682215],[-7.9924474882825,52.2764104413862],[-7.99238317128026,52.2764204055644],[-7.99225368786997,52.2764369001314],[-7.99217014493599,52.2764475370726],[-7.99200244162125,52.2764791925183],[-7.99176518293273,52.2765239832663]]]},"properties":{"sa_code":"217048005","sa_guid_2022":"4c07d11e-1419-851d-e053-ca3ca8c0ca7f","ed_code":"217048","ed_name":"CLOGHEEN","census_vintage":2022,"population_total":163,"population_65_plus":49,"households_no_car":16,"households_car_availability_total":75,"no_car_household_share":0.213333,"older_no_car_population_estimate":10.5,"older_no_car_estimate_method":"ecological proxy: population_65_plus × no-car-household share; not an observed age-by-car cross-tabulation","urban_rural_category":"6. Highly rural/remote areas","legacy_administrative_area":"SOUTH TIPPERARY","county":"Tipperary","pobal_ed_index_relative_weighted":-4.3,"pobal_ed_category":"Marginally Below Average","pobal_geography_level":"Electoral Division (not Small Area)","cso_gp_person_median_distance_km_2026":7.7,"cso_gp_dwelling_median_distance_km_2026":7.7,"cso_health_distance_measure":"published median distance to nearest GP; not transit journey time","screening_exposure_person_km":80.5}},{"type":"Feature","geometry":{"type":"Polygon","coordinates":[[[-7.71838342008513,52.7888797923724],[-7.71833605916062,52.7888361385583],[-7.71828065882802,52.7887961128899],[-7.71821796872156,52.7887602573029],[-7.71814883668326,52.7887290564446],[-7.71807419842593,52.7887029313585],[-7.71799506124384,52.7886822367499],[-7.71791249518263,52.7886672510792],[-7.71782761968681,52.7886581783278],[-7.71774157992817,52.7886551407525],[-7.7177021252923,52.7886558360298],[-7.71770181112867,52.7886558155092],[-7.7176785707544,52.7886356958487],[-7.71762317128025,52.7885956698731],[-7.71756048200311,52.7885598139387],[-7.71749135075377,52.7885286126974],[-7.71741671174608,52.7885024880932],[-7.71737764760087,52.7884914452222],[-7.71735043453526,52.788484328577],[-7.71731036070543,52.7884746763884],[-7.71726708336937,52.7884668213047],[-7.71722779675059,52.7884596911439],[-7.71718350739929,52.7884549568799],[-7.71718368782652,52.788454338949],[-7.71713059691268,52.7884486642361],[-7.71671125795409,52.7883728521285],[-7.71634957449039,52.7883070108196],[-7.71634009728762,52.7883051043222],[-7.71632861537504,52.7883023391904],[-7.71628483491846,52.7882943935659],[-7.71624605059775,52.7882873541585],[-7.71623194407239,52.7882855875779],[-7.71622337079214,52.788284201829],[-7.71585656511074,52.7882181499329],[-7.71585583370212,52.7882180034779],[-7.7158465511781,52.7882155761145],[-7.71583965500976,52.7882116319307],[-7.71583691414858,52.7882097639931],[-7.71577422392613,52.7881739080072],[-7.71570509307498,52.7881427075199],[-7.71563045579513,52.7881165826915],[-7.71555131935321,52.7880958873495],[-7.71546875522971,52.788080902676],[-7.71538387990108,52.7880718290734],[-7.71529784146413,52.7880687915253],[-7.71521180191299,52.7880718296681],[-7.71512692673473,52.7880809022593],[-7.71509363720326,52.788086310293],[-7.71509179315561,52.7880865071924],[-7.71507488061594,52.7880846995834],[-7.71465854289267,52.7880211980124],[-7.71459858783296,52.788013634399],[-7.71432696296435,52.7879864137607],[-7.71432310707719,52.7879859434038],[-7.71431562041323,52.7879845852986],[-7.71431562024312,52.7879624303591],[-7.71431436669297,52.7879363024887],[-7.714304360218,52.7878844061805],[-7.71428448376717,52.7878335646439],[-7.7142550071275,52.7877844660906],[-7.71421632625628,52.7877377738685],[-7.71416896776789,52.7876941201808],[-7.71411356825421,52.7876540943533],[-7.71405088023711,52.7876182392543],[-7.71398175001932,52.7875870377594],[-7.71390711323709,52.7875609127427],[-7.71390129190042,52.7875592674211],[-7.7138989588089,52.7875585355815],[-7.71283419858907,52.7872143857243],[-7.71282348488356,52.7872105291941],[-7.71281996998406,52.7872089433279],[-7.71281485541181,52.7872060180021],[-7.71280523279863,52.7871994623762],[-7.71274254502923,52.787163606582],[-7.71267341646367,52.7871324052237],[-7.71259877975677,52.7871062802794],[-7.71251964509207,52.7870855856094],[-7.712437082435,52.787070600622],[-7.71240657825717,52.7870673396211],[-7.71235220969274,52.7870615275494],[-7.71226617345613,52.7870584896034],[-7.71218013568359,52.7870615273486],[-7.71209526331447,52.7870706004748],[-7.71209380299073,52.787070837805],[-7.71208433069341,52.7870718502183],[-7.71207676610969,52.7870663852535],[-7.71207360477682,52.7870635706909],[-7.71205555916986,52.7870482125804],[-7.71200016092318,52.7870081875598],[-7.71193747409151,52.7869723313404],[-7.7118683449179,52.7869411304085],[-7.71186754339594,52.7869408309659],[-7.71185924997518,52.7869370871799],[-7.71185609992773,52.7869348119073],[-7.71184976570565,52.7869291440946],[-7.71182510832574,52.7869048234302],[-7.71178819068174,52.7868717925597],[-7.71016078317304,52.7863828844344],[-7.70985047713579,52.7861157310591],[-7.70984416912844,52.7861097450338],[-7.70984347204541,52.7861089038679],[-7.70982301170701,52.7860858980748],[-7.70977565346787,52.7860422444134],[-7.70972025710905,52.7860022183227],[-7.7096575721044,52.7859663626915],[-7.70962376327144,52.7859501549369],[-7.70959175871646,52.7859357096036],[-7.70957246903148,52.7859179276496],[-7.70954773927073,52.7858965156826],[-7.70949234330004,52.7858564903839],[-7.70948719142518,52.785853213399],[-7.7094503517934,52.7858300119504],[-7.70943908909773,52.7858218737741],[-7.70944382949936,52.7858161511591],[-7.70947044194736,52.7857912553745],[-7.70949034891669,52.7857715399192],[-7.70952902521119,52.785724847659],[-7.70955675092116,52.7856792376793],[-7.70956385887025,52.7856652565634],[-7.70956560765072,52.7856617672821],[-7.70958548159727,52.7856109260469],[-7.70959135010863,52.7855804843179],[-7.70959548512606,52.785559028852],[-7.70959668654717,52.7855339917548],[-7.70960162751414,52.7855304222045],[-7.70960539898313,52.7855281683037],[-7.70961298296496,52.7855239527059],[-7.7098248242275,52.7854060906832],[-7.71011286646429,52.7852295640779],[-7.71012250087915,52.7852241796485],[-7.71012531850745,52.7852229075661],[-7.71013569664485,52.7852256211716],[-7.71042138589763,52.7853227749682],[-7.71042436438555,52.7853238445958],[-7.71043038740453,52.7853258608788],[-7.71054930962117,52.7853672325001],[-7.71055371874644,52.7853687343325],[-7.71058247861479,52.7853779765402],[-7.71066160926655,52.7853986716036],[-7.71074416815245,52.7854136569264],[-7.7108290373567,52.7854227302479],[-7.71091507175158,52.7854257683369],[-7.71095849757571,52.7854242347451],[-7.71095856685963,52.785424964724],[-7.71100129132909,52.7854234563716],[-7.71101409949082,52.7854268058636],[-7.7113238209911,52.7855281602837],[-7.71151350654552,52.7855901790886],[-7.71191948611266,52.7857144143038],[-7.71204017714092,52.7857561185724],[-7.71204095203018,52.7857564071639],[-7.71205615059203,52.7857632675892],[-7.71206139454885,52.785766097093],[-7.71213052199601,52.7857972988151],[-7.71220515618449,52.7858234240561],[-7.7122842869292,52.7858441189333],[-7.71236684720753,52.7858591049255],[-7.71245171761416,52.7858681779862],[-7.71253775151668,52.785871215795],[-7.7126237869171,52.7858681777866],[-7.71270865683119,52.7858591051759],[-7.71279121746854,52.7858441192288],[-7.71287034821703,52.7858234239582],[-7.71294498282289,52.7857972990088],[-7.71301410941009,52.7857660969603],[-7.71307679421789,52.7857302406878],[-7.71313218907266,52.7856902143914],[-7.71317954475346,52.7856465600328],[-7.71321822143338,52.785599867473],[-7.71321897764603,52.7855987134684],[-7.71322346199256,52.785593301062],[-7.71322464497009,52.7855926244426],[-7.71323874065699,52.7855861926772],[-7.71336888473906,52.7855331177281],[-7.71353268070908,52.7854663150105],[-7.71359540757518,52.7854376946496],[-7.71362428240029,52.7854211773364],[-7.71365809143334,52.7854018380667],[-7.71367745541844,52.7853886457488],[-7.71375809435458,52.7853410170615],[-7.71376246691216,52.7853386197749],[-7.71376465551375,52.7853376319013],[-7.71379847057531,52.7853214212622],[-7.71384711630832,52.7852935945824],[-7.71384715764434,52.7852936207467],[-7.71384927539687,52.7852923594713],[-7.71386115409948,52.7852855645709],[-7.71386439134209,52.7852833586796],[-7.71387738208885,52.7852756236379],[-7.71398719343565,52.7852150453912],[-7.71399715508579,52.785210549432],[-7.71401148228013,52.7852090173874],[-7.71405370641596,52.7852037318505],[-7.71407380414332,52.7852004664735],[-7.71407878557821,52.7851999338152],[-7.71408101889673,52.7852007157431],[-7.71411896150156,52.7852131195591],[-7.71419809204124,52.7852338149594],[-7.71428065033949,52.7852488005162],[-7.7143655199565,52.7852578731067],[-7.7144515527822,52.7852609113244],[-7.71453758683887,52.7852578737238],[-7.71462245516627,52.7852488006399],[-7.71470501398344,52.7852338151548],[-7.7147841456794,52.7852131195089],[-7.71485877809207,52.7851869942488],[-7.71492790381631,52.7851557928801],[-7.71499058765231,52.7851199364918],[-7.71504598145368,52.7850799101968],[-7.71509333603369,52.7850362559686],[-7.71513201308265,52.7849895636825],[-7.71516148669047,52.7849404648262],[-7.71518135971598,52.7848896226523],[-7.71518760485584,52.7848637743216],[-7.71518764934123,52.7848635452392],[-7.71519910261054,52.784861465986],[-7.71635670838266,52.7847242481607],[-7.71636345595587,52.7847236099768],[-7.71636905625521,52.7847234121494],[-7.71636484135692,52.7847341955351],[-7.71634626646904,52.7847711952899],[-7.71621301517502,52.7850439380154],[-7.71619375928055,52.7850935181496],[-7.71618375333801,52.7851454149921],[-7.71618375284548,52.7851976647183],[-7.71618751030344,52.7852237086906],[-7.71619196151641,52.7852467937378],[-7.71618428905046,52.7852560561985],[-7.71609331224885,52.7853486799345],[-7.71605362447732,52.7853854170128],[-7.71604294381462,52.7853931335532],[-7.71603631411667,52.7853970534497],[-7.71601038967018,52.7854111534992],[-7.71599945433758,52.7854160885982],[-7.71599423172643,52.7854179168019],[-7.71598585298317,52.7854202093113],[-7.71551891157015,52.7855340385773],[-7.71550631235374,52.7855363254287],[-7.71550088720993,52.7855344258809],[-7.71548807599366,52.7855289872008],[-7.71541344182841,52.7855028622273],[-7.71533431022146,52.7854821676369],[-7.71525175112295,52.785467181914],[-7.715166880918,52.785458109058],[-7.71508084765164,52.7854550713584],[-7.7149948147247,52.7854581093559],[-7.71490994458983,52.785467181803],[-7.71482738540053,52.7854821674296],[-7.71474825324228,52.7855028622039],[-7.71467362022251,52.7855289873922],[-7.71460449372452,52.7855601886098],[-7.71454180746136,52.7855960438878],[-7.71448641254687,52.7856360690437],[-7.71443905522452,52.7856797230198],[-7.7144003768199,52.7857264150727],[-7.71438445651779,52.7857507121445],[-7.71437113235608,52.7857729078221],[-7.71436697498177,52.7857743628278],[-7.71435706209568,52.7857770577784],[-7.71433324634841,52.7857827876976],[-7.71427397243307,52.7857989039346],[-7.71419933862905,52.7858250279234],[-7.714130211317,52.7858562297608],[-7.71406752571507,52.7858920856876],[-7.71401212998923,52.785932110619],[-7.71396477187041,52.7859757644026],[-7.71392849098511,52.7860195635111],[-7.71392609417736,52.786022456301],[-7.7139102753446,52.7860465953675],[-7.7139099800278,52.7860468687837],[-7.71388734545159,52.786069116558],[-7.71384866611019,52.7861158084267],[-7.71381919022666,52.786164906944],[-7.7137993150335,52.786215747977],[-7.71378930894524,52.7862676446105],[-7.71378930854423,52.7863198943299],[-7.71379931256603,52.7863717915891],[-7.71380803189458,52.786397392817],[-7.71381609454216,52.7864180177091],[-7.71381572318033,52.7864199393055],[-7.71381250320858,52.7864285373654],[-7.71380401224333,52.7864469823373],[-7.71378799695288,52.7864897310659],[-7.71377799078707,52.786541627696],[-7.71377799037125,52.7865938774129],[-7.71378031431966,52.7866059347688],[-7.71378799444118,52.7866457746707],[-7.7138078682945,52.7866966162956],[-7.71383734369989,52.7867457149672],[-7.71387602180674,52.7867924073155],[-7.71392238584094,52.7868351464682],[-7.71392337901997,52.7868360620237],[-7.71397877435773,52.7868760879366],[-7.71404146124518,52.7869119439755],[-7.71411058895522,52.7869431454342],[-7.71418522479822,52.7869692712231],[-7.71420309268298,52.7869745307807],[-7.71423072934384,52.7869823906651],[-7.71427293051336,52.7869971630823],[-7.71431088212837,52.7870095695496],[-7.71434313015148,52.7870184354598],[-7.71434296263359,52.7870186615492],[-7.7144529803985,52.7870487281056],[-7.71450405968445,52.7870613233861],[-7.71454499485552,52.7870695468411],[-7.71455299517523,52.7870709987421],[-7.71457168390723,52.7870758863258],[-7.71461174548984,52.7870855358189],[-7.71469430743377,52.7871005210882],[-7.71473651014946,52.7871058049168],[-7.714740150054,52.787106193851],[-7.71475725379917,52.7871106668525],[-7.71543054710586,52.7873200616664],[-7.71544635988786,52.787325651353],[-7.71547425521963,52.7873382418493],[-7.71550956366069,52.7873532309811],[-7.71558420104577,52.7873793558905],[-7.71559192895232,52.7873816752905],[-7.71569962125213,52.7874135200921],[-7.7157447993168,52.7874293336122],[-7.71578274136814,52.7874417368878],[-7.7158218234112,52.7874527848239],[-7.71586347416067,52.7874636771171],[-7.71613166996204,52.7875502334166],[-7.71646094945661,52.7876565015267],[-7.71647186772001,52.7876604283214],[-7.71648328945839,52.7876655840522],[-7.71648577726289,52.7876669255837],[-7.71653402443278,52.787688702353],[-7.71655490642721,52.7876981274125],[-7.71662954354199,52.7877242525598],[-7.71666860976957,52.7877352965831],[-7.7166717548058,52.787736336791],[-7.71693808386825,52.7878316624959],[-7.71718589905913,52.7879203608106],[-7.71736960019243,52.7879861092549],[-7.71737894084025,52.7879903252107],[-7.71738488442779,52.787993724173],[-7.71739145701998,52.7879982022708],[-7.71745414535233,52.7880340582966],[-7.71751025146103,52.7880593819905],[-7.71751594347684,52.7880519554362],[-7.71754382793872,52.7880155672777],[-7.717764386107,52.7881017997542],[-7.71786225710614,52.7881345683387],[-7.71809070418117,52.7882110600044],[-7.71815769562927,52.7882134247395],[-7.71824373524509,52.7882103871573],[-7.71832861002375,52.7882013141339],[-7.71841117464052,52.7881863278848],[-7.71849031141412,52.7881656324825],[-7.71856494813934,52.7881395076083],[-7.71863407886099,52.7881083059035],[-7.71869676686319,52.7880724493816],[-7.71875216545985,52.7880324240838],[-7.71879952399425,52.7879887693071],[-7.71883820266934,52.7879420767404],[-7.71886767855782,52.7878929778944],[-7.71888755306529,52.7878421360305],[-7.71889755641644,52.787790239879],[-7.71889755663465,52.7877379901783],[-7.7188945437433,52.7877159781999],[-7.71889350801292,52.787710144459],[-7.71889350779533,52.7877087980854],[-7.71890391914237,52.7877076848921],[-7.71911294688291,52.7876991767671],[-7.71911619842591,52.7876991107636],[-7.71912473567218,52.7876994122892],[-7.7191268207385,52.7877009190865],[-7.71913451915454,52.7877078561194],[-7.71919834430993,52.7877717720424],[-7.71921094648215,52.7877854462478],[-7.71924494145213,52.7878255601589],[-7.71924638091666,52.7878274096595],[-7.71924944501438,52.7878325129937],[-7.71925223511599,52.7878396478221],[-7.7192723942656,52.7879331506997],[-7.71927740086501,52.787952932117],[-7.7192972757747,52.7880037737055],[-7.71932675230091,52.7880528727959],[-7.71936543002087,52.7880995651341],[-7.71941278969184,52.7881432194384],[-7.71946818726752,52.7881832454747],[-7.71953087460007,52.7882191021956],[-7.71960000533482,52.7882503031469],[-7.71967464372452,52.7882764290731],[-7.71975378096054,52.7882971243606],[-7.71983634398819,52.7883121096428],[-7.71992122070494,52.7883211827587],[-7.72000725995098,52.7883242205506],[-7.72009329817328,52.7883211825228],[-7.72017817425876,52.7883121099776],[-7.72021471585169,52.7883062587957],[-7.72028418777211,52.788293835153],[-7.72033292642327,52.7882837578583],[-7.72034410223661,52.7882813529954],[-7.72042323974135,52.7882606581045],[-7.72049787695284,52.7882345329158],[-7.72056700792344,52.7882033309861],[-7.72062969595396,52.788167474344],[-7.72068509438363,52.7881274481457],[-7.72073245256074,52.7880837943968],[-7.72077113073024,52.7880371021003],[-7.72080060747414,52.7879880027791],[-7.72082048125008,52.7879371614916],[-7.72083048677736,52.7878852642866],[-7.72083048616292,52.7878330145871],[-7.72082755103003,52.7878114396493],[-7.72079255079349,52.7876127151524],[-7.72078037694587,52.787526274164],[-7.72077703961083,52.7875024603142],[-7.72077348088208,52.7874771045348],[-7.7207667278882,52.7874289778268],[-7.72076050489831,52.7873844402966],[-7.72075740215499,52.787355942554],[-7.7207518529507,52.7873078195756],[-7.72074868250353,52.7872804047035],[-7.72074868263768,52.7872701954566],[-7.72076082062033,52.7872688983185],[-7.72104977647043,52.7872546653582],[-7.72112756758005,52.7872508315477],[-7.72117450381318,52.787248614],[-7.72121386390055,52.7872467309571],[-7.72129654566066,52.7872419737938],[-7.72139611470134,52.7872362343087],[-7.72140960627892,52.7872358471517],[-7.7214565607297,52.7872375041778],[-7.72145662266096,52.7872368598976],[-7.72147623740888,52.7872375521606],[-7.72150124421049,52.7872384350337],[-7.72158728166162,52.7872353977201],[-7.72167215532652,52.7872263241014],[-7.72175471693896,52.7872113382156],[-7.72183385182883,52.7871906432755],[-7.72186488917063,52.787180626317],[-7.7222153951672,52.7870609424444],[-7.72321036406493,52.7867085582889],[-7.72321201304338,52.7867080156766],[-7.72321991286137,52.7867059498308],[-7.72322815890221,52.7867159050823],[-7.72323009963772,52.7867186787514],[-7.72323180545243,52.7867210941581],[-7.72327048320544,52.7867677870286],[-7.72331783941384,52.7868114406725],[-7.72337323591648,52.7868514666881],[-7.72343592306293,52.7868873231499],[-7.72350505150444,52.7869185254224],[-7.72357968699554,52.7869446497902],[-7.72365882069791,52.7869653451668],[-7.72374138253506,52.7869803313289],[-7.72382625598421,52.7869894043442],[-7.72391229138627,52.7869924419952],[-7.72399832817919,52.7869894047301],[-7.72408320234104,52.7869803311862],[-7.72416576265388,52.7869653454181],[-7.72424489743001,52.7869446506681],[-7.72427081419952,52.7869361778691],[-7.72427303119612,52.7869355979144],[-7.7242797723425,52.7869404678908],[-7.72434848345805,52.787002861775],[-7.72437037779194,52.7870216809647],[-7.72442577404609,52.7870617064857],[-7.72448846087325,52.7870975632871],[-7.7245575904026,52.7871287649469],[-7.72463222539768,52.7871548895484],[-7.72471135997741,52.7871755851222],[-7.72479392257656,52.7871905705526],[-7.72487879516822,52.7871996437109],[-7.72496483253779,52.7872026815015],[-7.72505086967495,52.7871996434738],[-7.72513574253606,52.7871905709718],[-7.72521830584741,52.7871755853777],[-7.72529743902604,52.7871548899229],[-7.72537207586487,52.7871287643638],[-7.72544120454568,52.7870975631837],[-7.72550389141629,52.7870617066591],[-7.72555928692103,52.7870216808732],[-7.72560664494632,52.7869780260753],[-7.72564532283728,52.7869313339844],[-7.72566123274492,52.7869070533641],[-7.72566623362442,52.7868987233443],[-7.72567322167282,52.7868902882669],[-7.72569144644691,52.7868665936059],[-7.72572092129665,52.7868174948522],[-7.72574079621422,52.7867666527394],[-7.72575080005107,52.7867147569089],[-7.72575079947283,52.7866625063062],[-7.72574079302148,52.7866106100657],[-7.72572532392766,52.7865690560478],[-7.7256780528266,52.786465564555],[-7.72555603663995,52.7862324973744],[-7.72554244391936,52.7862030722186],[-7.72553939976762,52.7861949357079],[-7.72553911263085,52.7861934493596],[-7.72555193858052,52.7861911215228],[-7.72640207410176,52.7860843070626],[-7.72641291891103,52.786083243643],[-7.72641717594605,52.7860830934748],[-7.72642236220061,52.7860917319272],[-7.72663068310958,52.7865457878854],[-7.72663382953056,52.7865542005286],[-7.72663416977155,52.7865559719099],[-7.7266234204679,52.7865621208695],[-7.72661680281153,52.7865654257187],[-7.72655411609723,52.7866012810355],[-7.7264987190798,52.786641306385],[-7.72645136083606,52.7866849606408],[-7.72641268254397,52.7867316529944],[-7.72638360407393,52.7867800868375],[-7.72638320557142,52.7867807510162],[-7.72636332991897,52.7868315923353],[-7.72635332381288,52.7868834891093],[-7.72635332363515,52.7869357388088],[-7.72636293763009,52.7869862814246],[-7.72645962737845,52.7873248088704],[-7.72664169470959,52.7881767723917],[-7.72664211501636,52.7881794903725],[-7.72664211509763,52.7881839716907],[-7.7266311490022,52.7881851445031],[-7.72646409942473,52.7881924531186],[-7.72645697931522,52.7881928609303],[-7.72643140565027,52.7881943254094],[-7.72634652961883,52.788203398831],[-7.72626396475101,52.7882183843066],[-7.72618482862608,52.7882390785993],[-7.72611019037545,52.788265203764],[-7.72604105884125,52.7882964044236],[-7.72597837063859,52.7883322603239],[-7.72592297088382,52.7883722862881],[-7.72587561017884,52.7884159402981],[-7.72583692973497,52.7884626315487],[-7.72580745241472,52.7885117303128],[-7.72578757529535,52.7885625715186],[-7.72577756958227,52.7886144682308],[-7.72577756870725,52.7886667179141],[-7.72578757269453,52.788718615026],[-7.72580744812447,52.7887694564097],[-7.7258277068319,52.7888032002821],[-7.72583692507575,52.7888185556674],[-7.72585514921215,52.7888422491688],[-7.72587301903597,52.7888638207278],[-7.72586084845878,52.7888693138189],[-7.72500370695204,52.7891971793138],[-7.72475954027719,52.7892932312023],[-7.72474325281263,52.7892988925884],[-7.72474240222453,52.7892967155676],[-7.72473870765212,52.7892816901804],[-7.72471883027238,52.7892308486166],[-7.72468935133313,52.7891817499778],[-7.72465067140501,52.7891350584861],[-7.72460330986934,52.7890914044839],[-7.72454790939826,52.7890513790524],[-7.72448521971411,52.7890155231892],[-7.72441608724542,52.7889843223921],[-7.72434144777119,52.7889581976553],[-7.7242623101309,52.7889375027356],[-7.72417974441101,52.7889225169356],[-7.72409486712707,52.788913444171],[-7.72400882644038,52.7889104066448],[-7.72392278585821,52.7889134439115],[-7.72383790938262,52.788922517336],[-7.72375534376816,52.7889375028624],[-7.72367620662417,52.7889581972773],[-7.72362201079703,52.7889764574129],[-7.72357768534807,52.7889928998143],[-7.72355469637874,52.7890014269162],[-7.72354648334683,52.7890041940015],[-7.72354173133469,52.7890054367293],[-7.72352062381761,52.7889933645718],[-7.72348841753312,52.7889759889124],[-7.7234192843597,52.788944787532],[-7.72334464406421,52.7889186630643],[-7.72326550697101,52.7888979674804],[-7.72318294165956,52.7888829827849],[-7.72309806466252,52.7888739093076],[-7.72301202412018,52.7888708719576],[-7.72292598354353,52.7888739094004],[-7.72284110693445,52.7888829830106],[-7.72275854253745,52.7888979678467],[-7.72270432208088,52.7889114253237],[-7.72259330099132,52.7889421414048],[-7.72258617502826,52.7889439106226],[-7.72257974969558,52.7889450765989],[-7.72257846256115,52.7889451221239],[-7.72253552408519,52.7889473999071],[-7.72245064725854,52.7889564723389],[-7.72236808110095,52.788971457798],[-7.722288943229,52.7889921530842],[-7.72221430283446,52.7890182775912],[-7.72217899251912,52.789033266574],[-7.72214571158551,52.7890482863625],[-7.72213143348857,52.7890533615968],[-7.72194674129848,52.7891114728286],[-7.72190237287788,52.7891266283495],[-7.72180498908577,52.7891626182357],[-7.72175432478987,52.7891800022969],[-7.72151431384305,52.789261922144],[-7.72148681741283,52.7892704427613],[-7.7212580922934,52.7893405094],[-7.72105924496343,52.7893988960793],[-7.72085276684516,52.7894643900042],[-7.72082639968169,52.7894724763178],[-7.72075369759963,52.7894980085744],[-7.72068456471233,52.7895292097047],[-7.72062187328861,52.7895650654627],[-7.72056647297005,52.7896050916191],[-7.72051911148696,52.7896487452845],[-7.72048043012976,52.7896954374803],[-7.72045095038781,52.7897445358035],[-7.7204310738674,52.7897953770084],[-7.72042106742409,52.7898472732629],[-7.72042106605659,52.7898995229404],[-7.72043107136415,52.7899514196034],[-7.7204509470332,52.7900022618799],[-7.7204804232365,52.7900513606636],[-7.72051910395738,52.7900980526141],[-7.72056646545926,52.790141707343],[-7.72058420487442,52.7901553081085],[-7.72058599711715,52.7901569588935],[-7.72058652370568,52.7901596933235],[-7.72058672428188,52.7901688829227],[-7.72058761621607,52.7901840150857],[-7.72058791298928,52.7901890660294],[-7.72059791856058,52.7902409626762],[-7.72060850308919,52.7902712234548],[-7.72067788986198,52.7904403915887],[-7.72070978680613,52.7905090750321],[-7.72071302602801,52.7905158271005],[-7.72074250435414,52.7905649258192],[-7.72078118580365,52.79061161858],[-7.72079020033006,52.7906208289162],[-7.72085427211143,52.7906845485566],[-7.72087179879867,52.7907008576999],[-7.72088159818554,52.790710217275],[-7.7208834195644,52.7907124172783],[-7.72153268550109,52.7912785507276],[-7.71968753751667,52.7911486542839],[-7.71922140685708,52.7909578908816],[-7.71926737717885,52.7909177289065],[-7.71948066170302,52.7907038922295],[-7.71952726692286,52.790652070882],[-7.71959367294658,52.7905782132808],[-7.71959976381727,52.7905710077733],[-7.719556826443,52.7905516292774],[-7.71948218274131,52.7905255050761],[-7.71946388804631,52.7905201239744],[-7.71940092462192,52.7905022484739],[-7.7191943371855,52.7904430613873],[-7.71909361730735,52.7904154470728],[-7.71898603767443,52.7903859829174],[-7.71887945427373,52.7903567816704],[-7.71878062902952,52.7903297063518],[-7.71877043109233,52.7903261364974],[-7.71877101246343,52.7903231170755],[-7.71877476967824,52.7902970838278],[-7.71877476857219,52.790244834146],[-7.71876476072238,52.790192937338],[-7.71874488395733,52.7901420965739],[-7.7187413709171,52.7901362443797],[-7.7187154052009,52.7900929973518],[-7.71867672344681,52.7900463057078],[-7.71862936096589,52.7900026520173],[-7.71857396036834,52.7899626264948],[-7.71854347927439,52.7899441480868],[-7.71854135369569,52.7899429323886],[-7.71853892676389,52.7899367232521],[-7.71851961237622,52.7898380866551],[-7.71851955701636,52.789837705441],[-7.71851955684427,52.7898315299224],[-7.71852110348148,52.7898289540921],[-7.71853119700413,52.7898158315763],[-7.71856067451215,52.7897667328244],[-7.71858055023933,52.7897158910298],[-7.71859055587632,52.7896639949251],[-7.71859055498815,52.7896117452381],[-7.71858562739855,52.7895799679658],[-7.7184957159243,52.7891605537468],[-7.71847901722396,52.7890596134695],[-7.71847145551625,52.7890264242481],[-7.71845157813733,52.7889755834225],[-7.71842210049491,52.7889264841194],[-7.71838342008513,52.7888797923724]]]},"properties":{"sa_code":"217158003","sa_guid_2022":"4c07d11e-0ecb-851d-e053-ca3ca8c0ca7f","ed_code":"217158","ed_name":"TEMPLETOUHY","census_vintage":2022,"population_total":249,"population_65_plus":56,"households_no_car":17,"households_car_availability_total":106,"no_car_household_share":0.160377,"older_no_car_population_estimate":9.0,"older_no_car_estimate_method":"ecological proxy: population_65_plus × no-car-household share; not an observed age-by-car cross-tabulation","urban_rural_category":"6. Highly rural/remote areas","legacy_administrative_area":"NORTH TIPPERARY","county":"Tipperary","pobal_ed_index_relative_weighted":-6.32,"pobal_ed_category":"Marginally Below Average","pobal_geography_level":"Electoral Division (not Small Area)","cso_gp_person_median_distance_km_2026":8.2,"cso_gp_dwelling_median_distance_km_2026":8.2,"cso_health_distance_measure":"published median distance to nearest GP; not transit journey time","screening_exposure_person_km":73.6}},{"type":"Feature","geometry":{"type":"Polygon","coordinates":[[[-7.95263610222686,52.7533357814961],[-7.95253117807462,52.7534968832323],[-7.95259582918525,52.7534383327109],[-7.95259938759494,52.7534353681494],[-7.95260327219894,52.7534321250955],[-7.95260339080281,52.7534320352646],[-7.95274614924729,52.7534706140491],[-7.95310796305228,52.753568401388],[-7.95310815590553,52.7535681408172],[-7.95313653007148,52.7535757826958],[-7.95307929976529,52.7536368413535],[-7.95307947747733,52.753636886363],[-7.9530796702345,52.7536367156705],[-7.95324871960106,52.7536789533027],[-7.95331657249299,52.7536995531625],[-7.95344858213305,52.7537341722249],[-7.95356428458291,52.7537806846422],[-7.95356404736766,52.7537808732938],[-7.95360767003217,52.7538114399883],[-7.95360784795552,52.7538112872648],[-7.95397768025946,52.7535017557042],[-7.95413123321091,52.7533907705572],[-7.95437767530044,52.7532126639139],[-7.95458726725427,52.7530562931984],[-7.95476641050476,52.7529488582197],[-7.9551006082795,52.7527484397479],[-7.95574370928548,52.7523911275749],[-7.9561061260674,52.7521815222268],[-7.95624240993862,52.7521021740834],[-7.9562566237441,52.7520939015338],[-7.95633077557351,52.7520507243535],[-7.95651676254641,52.7520982753821],[-7.95667675258699,52.7521465985684],[-7.9570239813622,52.7522514690439],[-7.95709199681349,52.7522720128812],[-7.95736759717324,52.75237179627],[-7.95772757613743,52.7524688318756],[-7.95811175150927,52.7525604732478],[-7.95855889608963,52.7526704705606],[-7.95879789285149,52.7527298914604],[-7.95897359254135,52.7527750712582],[-7.9590115347767,52.7527845126071],[-7.95929962678205,52.7528561818837],[-7.95969208873748,52.75294854],[-7.95997487376279,52.7530268298609],[-7.96038809590221,52.7531801661036],[-7.96081556057247,52.7533619700601],[-7.96125048700909,52.7535524661374],[-7.96169654741674,52.7537537945414],[-7.9620442524634,52.7539016931496],[-7.96220440103345,52.7539698180865],[-7.96295775189681,52.7542533070867],[-7.96299395237466,52.7542229485178],[-7.96302159930986,52.7541997595578],[-7.96305145915253,52.7541873207215],[-7.96327498509783,52.7540942043406],[-7.96337537640259,52.754058796375],[-7.96437360534321,52.7537067056262],[-7.96458077063091,52.7536336157315],[-7.96488192290633,52.7535273702744],[-7.96572709441075,52.7532291856198],[-7.96606349139357,52.7531104542524],[-7.96624848037542,52.7530121711965],[-7.96627238356737,52.7529997747914],[-7.96633032616493,52.7529697089886],[-7.96630817506423,52.7528231741257],[-7.96626036287825,52.7527023461386],[-7.96624600742637,52.7526660941397],[-7.96623059545767,52.7525019719899],[-7.96629541701063,52.7523676852879],[-7.966445163822,52.7521711908658],[-7.96679468034558,52.7518893949109],[-7.96700724997981,52.7517633639487],[-7.96696096644345,52.7517355247435],[-7.96700816568669,52.7517080890451],[-7.96659385061556,52.751441564799],[-7.96722357997265,52.7509634224591],[-7.96777045198644,52.7507540560525],[-7.96818074573343,52.7511044810436],[-7.96842187362046,52.7504987332449],[-7.96963831040434,52.7506071277135],[-7.97054003795474,52.7501660686806],[-7.97101745574081,52.7499336261046],[-7.97197580246291,52.749663168003],[-7.97244215281805,52.7494262519035],[-7.97203842771944,52.7490106399577],[-7.97185103622661,52.7488153484088],[-7.97250986857935,52.748696665765],[-7.9728430723212,52.7493232808722],[-7.97273696407107,52.7496439837907],[-7.97195075776639,52.7501022267289],[-7.9718770630782,52.7504100317667],[-7.97156293366517,52.7506096790963],[-7.97024483235838,52.7509924819031],[-7.96956470757221,52.7514046863368],[-7.96923368506522,52.7512626768],[-7.96869066959968,52.7515399872695],[-7.96762563450721,52.7520285728588],[-7.96785564330485,52.7522905299868],[-7.96730866244993,52.7526221150045],[-7.96707806290799,52.7531458412246],[-7.96742269754995,52.7540538390922],[-7.96609824269615,52.7549962900687],[-7.96684606602998,52.7555028314578],[-7.96710519509377,52.7553283070051],[-7.96857252882122,52.7557651958196],[-7.96837094629544,52.7559571985683],[-7.97196771518183,52.7566739489957],[-7.97188109877193,52.7571104203054],[-7.9710615762301,52.7573670547371],[-7.9711212521882,52.7573810102897],[-7.97133863049376,52.7575793433427],[-7.97167172073572,52.7575505706441],[-7.9716821360571,52.7575679331082],[-7.97172078699754,52.757614625972],[-7.97176811252846,52.7576582812063],[-7.97182347156931,52.7576983072499],[-7.97187413264842,52.7577273049955],[-7.9718861163311,52.7577341637462],[-7.97195519823956,52.757765365141],[-7.97202978422511,52.7577914905729],[-7.97210886561127,52.7578121856745],[-7.97219137292488,52.7578271715636],[-7.97223357689325,52.7578324581989],[-7.97224508868348,52.7578336895279],[-7.97228770102342,52.7578374761721],[-7.97237367970491,52.7578405143357],[-7.97241673048938,52.7578397549958],[-7.97241701494015,52.7578397442765],[-7.97242212152837,52.7578398560139],[-7.97255979752727,52.7578458855119],[-7.97257171967234,52.7578471609444],[-7.9725777471244,52.7578482561556],[-7.97259389280858,52.7578521471193],[-7.9726763988828,52.7578671326706],[-7.97271857628362,52.7578724164309],[-7.97275497975046,52.7578763111307],[-7.97283253759446,52.7578820694385],[-7.97285053415199,52.7578828240415],[-7.97288452040493,52.7578858454309],[-7.97297050070484,52.7578888831623],[-7.9730128255934,52.7578881360236],[-7.97319695802999,52.7578918798516],[-7.97319696703308,52.7578916938057],[-7.97322732511674,52.7578923855327],[-7.97331330472243,52.7578893472484],[-7.97335593220158,52.7578855594755],[-7.97336259633698,52.7578848464402],[-7.97336967209241,52.7578845127831],[-7.97356206733572,52.7578799702291],[-7.97361924670849,52.7578772713324],[-7.97364103601022,52.7578753357052],[-7.97365619937927,52.7578746443148],[-7.97367778777665,52.7578742042096],[-7.97369043786824,52.7578746510141],[-7.97369108427918,52.7578763040178],[-7.97369283776017,52.7578846630802],[-7.97370972985648,52.758014648692],[-7.97372105064121,52.7580650836606],[-7.97377274504553,52.7582263941255],[-7.97377543150281,52.7582403420193],[-7.97377557817483,52.7582452682761],[-7.9737748475754,52.7582653729704],[-7.97377675177501,52.7583089751059],[-7.97378166137055,52.7583485828193],[-7.97380256767916,52.7585174371228],[-7.97380256767219,52.7585273255225],[-7.97379335058695,52.7585358268634],[-7.97377564711419,52.7585498178859],[-7.97376526474004,52.7585572134651],[-7.97376359895674,52.7585581676032],[-7.97374657686745,52.7585599883649],[-7.97347806033174,52.7585769434809],[-7.97346130271708,52.7585774709135],[-7.97344635762315,52.7585769435794],[-7.97344153261554,52.7585765299584],[-7.97344152221548,52.7585765784902],[-7.9734187245346,52.7585746284201],[-7.97333274433512,52.7585715901153],[-7.97331690254993,52.7585716926095],[-7.9732417556233,52.7585726679389],[-7.97317161497258,52.7585756036978],[-7.97308679771134,52.7585846765652],[-7.97300428938813,52.7585996620854],[-7.97292520715344,52.7586203564947],[-7.97285061932046,52.7586464814218],[-7.97278153499673,52.7586776829866],[-7.97271888778432,52.7587135389858],[-7.97266352688818,52.7587535642829],[-7.97261619785149,52.7587972188923],[-7.97257754403525,52.7588439106747],[-7.97254808586698,52.7588930097129],[-7.97252822380077,52.7589438510078],[-7.97252197923293,52.7589697066195],[-7.97251968278774,52.7589816239361],[-7.97251114237129,52.7589854813272],[-7.97245633025306,52.759004893988],[-7.97245478767192,52.7590054014416],[-7.97244582448478,52.7590077469786],[-7.97241504388068,52.7590133374394],[-7.97237415319954,52.7590215571718],[-7.97229506990156,52.7590422520581],[-7.97228459497008,52.7590455076959],[-7.97226272480669,52.7590524465738],[-7.97196541320821,52.7591495044559],[-7.97195309078623,52.7591527290692],[-7.97194226874414,52.7591427464358],[-7.97191755144688,52.7591213325008],[-7.97186219051602,52.7590813065106],[-7.97185000236234,52.7590739129353],[-7.97184986760189,52.7590738230252],[-7.97175408079896,52.7590082440021],[-7.97173847525475,52.7589978908114],[-7.9716758288009,52.7589620351433],[-7.9716067437176,52.7589308335916],[-7.97155994292702,52.7589144411814],[-7.97153215455717,52.7589047087969],[-7.97145307146533,52.7588840142133],[-7.9713705638893,52.7588690287124],[-7.97128574428339,52.7588599556809],[-7.9711997636699,52.7588569176279],[-7.97111378201179,52.7588599552784],[-7.97102896376994,52.7588690284715],[-7.97094645568396,52.7588840143576],[-7.9708673719582,52.7589047091914],[-7.97079278388954,52.7589308337223],[-7.97072369912665,52.7589620349861],[-7.97069595062381,52.7589770162229],[-7.97065354399274,52.7589985612278],[-7.97063726753627,52.7590059047428],[-7.97062272314144,52.7589975802188],[-7.97050028453591,52.7589186277931],[-7.9703804751898,52.7588387726205],[-7.9703710944918,52.7588318649362],[-7.97036853455824,52.7588295040953],[-7.97035083955574,52.7588095943499],[-7.97030351123037,52.7587659403556],[-7.97025276953289,52.7587289122059],[-7.97017412915798,52.7586774111272],[-7.97016257323498,52.758668978545],[-7.96992281601917,52.7587427376629],[-7.96870385651898,52.7586019993549],[-7.96898649905379,52.7573387059074],[-7.96897524904324,52.7573384054689],[-7.96886356050724,52.7573399490763],[-7.96871709628012,52.757349536502],[-7.96848948236983,52.7573523074265],[-7.96838071073932,52.7573559545044],[-7.96830796843813,52.7573389570982],[-7.96818950582109,52.7573253447932],[-7.96784993295742,52.7573348702223],[-7.9677426619826,52.7573325761715],[-7.96753747422212,52.7572798875151],[-7.96730466219322,52.7572410591029],[-7.96680192270191,52.75715206587],[-7.96671750559235,52.7571375538469],[-7.96664943953411,52.7571092320786],[-7.96659446239335,52.7570322538864],[-7.96654543242167,52.7569663054034],[-7.96652961995655,52.7569153669521],[-7.96653431427648,52.7568791473508],[-7.96656512170299,52.756849154685],[-7.96656981511931,52.7568140675473],[-7.96656095842816,52.7567916584087],[-7.96653233877853,52.7567699267701],[-7.96651106176796,52.7567744775919],[-7.96641641870778,52.7567469750622],[-7.96635473461326,52.7567236521589],[-7.96635436435688,52.7567235172365],[-7.96625263677689,52.7567004705266],[-7.96604334127865,52.7566402013763],[-7.96585289774294,52.7566082129757],[-7.96578394657882,52.7565957719369],[-7.96575475580755,52.7565851219313],[-7.96567963376693,52.7565453740432],[-7.96565595145375,52.7565379522352],[-7.96555795447142,52.7565192381397],[-7.96553078733293,52.756516237304],[-7.96549647789723,52.7565154993164],[-7.96548425328217,52.7565190189871],[-7.96547677033467,52.7565211738873],[-7.96547003093937,52.7565197428619],[-7.96544225869487,52.7565138657263],[-7.96540079214942,52.7565153815697],[-7.96524741712549,52.7565180600486],[-7.96495602549389,52.7564914872131],[-7.96490524857576,52.7564832483441],[-7.96481293283625,52.7564743410288],[-7.9646136274502,52.7564479204594],[-7.96457941823347,52.7564515593066],[-7.96447584132053,52.756427422993],[-7.96443400034708,52.7564158071761],[-7.96424415670104,52.756377515907],[-7.96423248496002,52.7563751665666],[-7.96416542816999,52.7563659967254],[-7.96405781996702,52.7563265795284],[-7.96399049902197,52.7562785821098],[-7.96396385283755,52.7562908693614],[-7.9639635122356,52.756290716465],[-7.96396293480571,52.7562903208253],[-7.96392635773587,52.7562731699286],[-7.96368849076605,52.7561595272166],[-7.96346900043883,52.7560566391232],[-7.96306694368424,52.7558811442062],[-7.96278632306329,52.7557554696375],[-7.9627561731078,52.7557419604632],[-7.96262625027573,52.755693942595],[-7.96258326149311,52.7556747490259],[-7.96210949486506,52.7553654174722],[-7.96209427781313,52.7553792538617],[-7.9620862487599,52.7553671815455],[-7.96207219383038,52.7553460817282],[-7.96198503724517,52.7552901711284],[-7.96192241959258,52.7552484592206],[-7.96186382549614,52.7552288199758],[-7.96166172359347,52.7552189455208],[-7.96158696460483,52.7551943962576],[-7.96151623976324,52.7551796584675],[-7.96148292080524,52.755174117445],[-7.96133395019796,52.7551263535162],[-7.96117091717087,52.7550685400038],[-7.96096815155434,52.7550066947436],[-7.96056762400403,52.7549017768179],[-7.96023135546548,52.7548592860673],[-7.95997400087136,52.7548034794862],[-7.95948513157243,52.7547271893408],[-7.95928597306291,52.7546855272934],[-7.95884386072333,52.7546239681073],[-7.95867352868038,52.75441698216],[-7.95866236577774,52.7544022112713],[-7.9586544922082,52.7543976516992],[-7.95860104975701,52.754373513329],[-7.9585264702323,52.7543473884273],[-7.9584473941471,52.7543266932474],[-7.95836489519711,52.7543117076787],[-7.95828008565989,52.7543026352301],[-7.9581941134401,52.7542995967381],[-7.95810814132842,52.7543026348536],[-7.95802333071508,52.7543117077449],[-7.9579408312184,52.7543266935874],[-7.95786175550656,52.7543473878588],[-7.95778717484598,52.7543735132232],[-7.95771809836918,52.7544047141309],[-7.95765545676795,52.7544405702931],[-7.95760010081363,52.7544805957828],[-7.9575527776449,52.7545242498101],[-7.95753495359346,52.7545443069564],[-7.95752452908836,52.7545383407001],[-7.95749558428075,52.7545189381981],[-7.95748680460632,52.7545124557279],[-7.95747736493015,52.7545037485333],[-7.95741634278905,52.7544341024446],[-7.95740377942631,52.7544203492555],[-7.95735772398017,52.7543777313091],[-7.95733379989329,52.7543581166614],[-7.95733253137976,52.7543570799087],[-7.95727717503911,52.7543170542693],[-7.95721453531878,52.7542811990252],[-7.95714545759996,52.7542499971167],[-7.95711213789281,52.7542374551455],[-7.95709108477348,52.754229991231],[-7.95704982456952,52.7542164082759],[-7.95697074942092,52.7541957130102],[-7.95688824974255,52.7541807282114],[-7.95680343928572,52.7541716547065],[-7.95671746742537,52.754168616942],[-7.95663149546856,52.7541716548862],[-7.956546686283,52.7541807285201],[-7.95646418652767,52.754195713336],[-7.95642414918682,52.7542053641451],[-7.95639933295287,52.7542118586184],[-7.95638729326851,52.754214045425],[-7.95592995745714,52.7542680154833],[-7.95590056194664,52.7542718621347],[-7.95581806179677,52.7542868473997],[-7.95573898663152,52.7543075420541],[-7.9556644062503,52.7543336669833],[-7.95559532831876,52.7543648684523],[-7.95553268799423,52.7544007243934],[-7.95547733162584,52.7544407497917],[-7.95543000934061,52.7544844038719],[-7.95539135874159,52.7545310963832],[-7.95536190341739,52.7545801956868],[-7.95534204256276,52.7546310368406],[-7.95533204355811,52.7546829332801],[-7.95533204344133,52.7547351840088],[-7.95534204000983,52.7547870807852],[-7.95536189921033,52.754837922506],[-7.95539135216731,52.7548870214964],[-7.95543000257675,52.7549337142987],[-7.9554773252155,52.7549773688629],[-7.95551155436284,52.7550032172102],[-7.95583108597314,52.7552270507843],[-7.9566451589431,52.7557881410486],[-7.95698664827311,52.7560115139319],[-7.95713916281544,52.7561129661713],[-7.95716153693879,52.7561293455747],[-7.95728740578295,52.7562309309028],[-7.9573050573335,52.7562472133073],[-7.95731206240681,52.7562553902542],[-7.95731424922138,52.7562581853555],[-7.9573169883594,52.7562627503581],[-7.95731887353714,52.7562725369791],[-7.95731906185706,52.7562753852883],[-7.95731892865249,52.7562843523923],[-7.95731730715125,52.7562927698048],[-7.9573172952682,52.7562928021567],[-7.95731440221638,52.7563002007912],[-7.95731075492492,52.7563062806404],[-7.95730527754559,52.756312896404],[-7.95721889192963,52.7563951793685],[-7.95720216352097,52.7564119059662],[-7.95716351162878,52.7564585981403],[-7.95713405551494,52.7565076969687],[-7.9571141928826,52.7565585384017],[-7.95710419405991,52.7566104349734],[-7.95710419310032,52.7566626847856],[-7.95711419073269,52.7567145822945],[-7.95713404990915,52.7567654237016],[-7.957163506157,52.7568145231353],[-7.95720215720289,52.7568612162435],[-7.95724948073863,52.7569048700862],[-7.9572631469006,52.7569156612966],[-7.95738732540109,52.7570107099511],[-7.95761992006586,52.7571944621242],[-7.95784780741322,52.7573656283127],[-7.95785384048504,52.7573711939182],[-7.95785437925692,52.757371692035],[-7.95784625360131,52.757379187688],[-7.95726580338579,52.7578312058709],[-7.95685642833084,52.7581769989413],[-7.95666915508816,52.7583257645085],[-7.95638922863179,52.7585401526806],[-7.95638246082869,52.7585448993568],[-7.95637922040969,52.7585467541503],[-7.95637043313502,52.7585427854926],[-7.95627414186011,52.7584890271408],[-7.95573079989465,52.7581703673653],[-7.95519239328159,52.7578574600515],[-7.95479982899202,52.7576358970394],[-7.95461883502579,52.7575413623361],[-7.95460641002036,52.7575341637297],[-7.95460505401388,52.7575331835382],[-7.95460350736248,52.757531756579],[-7.95458866115823,52.7575150524221],[-7.95454133369554,52.7574713984195],[-7.95448597448536,52.7574313723967],[-7.95445485671307,52.7574125165859],[-7.95435579102957,52.7573559558941],[-7.95425346764326,52.7572981975837],[-7.95422504845535,52.75728296125],[-7.95415596664207,52.7572517603117],[-7.95408138041642,52.7572256353224],[-7.95404618707487,52.7572156056654],[-7.95398676017306,52.7571998485484],[-7.95337337246432,52.757047775064],[-7.95301306256502,52.7569664854434],[-7.95300839711872,52.7569654446031],[-7.95292587282922,52.7569504570466],[-7.95290983335829,52.7569475440189],[-7.95292676034526,52.7569352221399],[-7.95297914941412,52.756893391118],[-7.95300325061645,52.7568759265426],[-7.95307860564591,52.7568265116592],[-7.95311228371719,52.7568040796839],[-7.95315875776532,52.756769867918],[-7.95320608183689,52.7567262138619],[-7.95322300819595,52.7567074054277],[-7.95325820714099,52.756665971055],[-7.95325846818402,52.7566656817499],[-7.95327213942825,52.756652735682],[-7.95338268036921,52.7565579953818],[-7.95346853593987,52.7564839011138],[-7.95350404479489,52.7564501531751],[-7.9535426961486,52.7564034612936],[-7.95357215030585,52.7563543615571],[-7.95359201104411,52.7563035198152],[-7.95360200804556,52.7562516226368],[-7.95360200726976,52.7561993728196],[-7.95359200800276,52.7561474759076],[-7.9535721473047,52.7560966347998],[-7.95354269113419,52.7560475353664],[-7.95350403879428,52.7560008428558],[-7.95345671405548,52.7559571893086],[-7.95342890688724,52.755935903316],[-7.95339968463093,52.755914959197],[-7.95267659199645,52.7554266385438],[-7.95200325119658,52.7549668151019],[-7.95198828533062,52.7549568972712],[-7.95192564459112,52.7549210410349],[-7.951890344569,52.7549050976],[-7.95189102809866,52.754904540632],[-7.95185654837897,52.7548889669193],[-7.95184711646486,52.7548835685978],[-7.95175794059311,52.7548217212878],[-7.95175317599519,52.7548181421952],[-7.95174958879404,52.7548148332161],[-7.95174958838816,52.7548138598344],[-7.9517483343942,52.7547877245228],[-7.95174066191803,52.7547479008368],[-7.95173833617108,52.7547358274421],[-7.95171847530962,52.7546849860113],[-7.95168902069248,52.7546358870048],[-7.95165037010117,52.754589194778],[-7.95160304578108,52.7545455413793],[-7.95158241751274,52.7545297116903],[-7.95157507892003,52.7545229426589],[-7.95155035941577,52.7545015226633],[-7.95149500374656,52.7544614970225],[-7.95143642074279,52.7544277228657],[-7.95125472813094,52.7543338666626],[-7.95102890674705,52.7542174846538],[-7.95079423039738,52.7540937860437],[-7.95065097103145,52.7540118698952],[-7.95062254971573,52.7539936568188],[-7.9505902928725,52.7539705078208],[-7.95058945663429,52.7539698684379],[-7.95057532895508,52.7539568355952],[-7.95056883480419,52.7539489155119],[-7.95056858492866,52.7539484983726],[-7.95057730287106,52.7539404561016],[-7.95095432132019,52.7536442722038],[-7.95144343297634,52.7532384905066],[-7.95145489281607,52.7532302039248],[-7.95145524971183,52.7532302966455],[-7.95147145801696,52.7532359260628],[-7.95157270385395,52.7532756720699],[-7.95164072521048,52.7532993728608],[-7.95168261175383,52.7533122281432],[-7.95168451165247,52.753312808632],[-7.95176358417948,52.7533335047277],[-7.95184608198103,52.753348490396],[-7.95193088981195,52.7533575629518],[-7.95193974318752,52.7533580330072],[-7.95194796210454,52.75335891265],[-7.95196397360594,52.7533631029688],[-7.95200401068581,52.7533727541266],[-7.95208650864409,52.7533877396277],[-7.95217131660029,52.7533968129103],[-7.95225728810717,52.7533998512737],[-7.95234325736936,52.7533968129031],[-7.95242806590678,52.7533877395767],[-7.95251056404125,52.7533727539699],[-7.95258963756369,52.7533520587672],[-7.95263610222686,52.7533357814961]]]},"properties":{"sa_code":"217031003","sa_guid_2022":"4c07d11e-0a08-851d-e053-ca3ca8c0ca7f","ed_code":"217031","ed_name":"BORRISOLEIGH","census_vintage":2022,"population_total":306,"population_65_plus":64,"households_no_car":14,"households_car_availability_total":135,"no_car_household_share":0.103704,"older_no_car_population_estimate":6.6,"older_no_car_estimate_method":"ecological proxy: population_65_plus × no-car-household share; not an observed age-by-car cross-tabulation","urban_rural_category":"5. Rural areas with moderate urban influence","legacy_administrative_area":"NORTH TIPPERARY","county":"Tipperary","pobal_ed_index_relative_weighted":-1.7,"pobal_ed_category":"Marginally Below Average","pobal_geography_level":"Electoral Division (not Small Area)","cso_gp_person_median_distance_km_2026":10.4,"cso_gp_dwelling_median_distance_km_2026":10.3,"cso_health_distance_measure":"published median distance to nearest GP; not transit journey time","screening_exposure_person_km":69.0}},{"type":"Feature","geometry":{"type":"Polygon","coordinates":[[[-7.99589581977161,52.2784558277963],[-7.99585293062722,52.278456360218],[-7.99537622660466,52.2785557918683],[-7.9953784220863,52.2784407384731],[-7.99538058806742,52.2783274198652],[-7.99539492588254,52.2781297621309],[-7.99539504328475,52.2781281441957],[-7.99539601224471,52.27811101205],[-7.99539643800288,52.2781034526928],[-7.99540219296604,52.278002223823],[-7.99541008249939,52.2779486433594],[-7.99536855694153,52.277763953915],[-7.99520050105782,52.2773717675769],[-7.99511346040752,52.2770644722715],[-7.99510965878159,52.2769881143354],[-7.99511750330595,52.2768122805341],[-7.99513582775645,52.2768009539122],[-7.99528870114348,52.2767064562312],[-7.99556213890103,52.2765895436863],[-7.99574540609951,52.2765195295785],[-7.99591589562038,52.2764388722935],[-7.99603135778305,52.2763804416249],[-7.99617525035921,52.276292906821],[-7.99650842005624,52.2760683200738],[-7.99644624779518,52.2760294696761],[-7.99639176839661,52.2759954283586],[-7.99637992888264,52.2759880304138],[-7.99613844475872,52.275735129706],[-7.99589443161561,52.2754467595562],[-7.99573125640153,52.275238336075],[-7.99564045877312,52.27514411469],[-7.99555003643849,52.275110575006],[-7.99549994492355,52.27502981091],[-7.99534071071634,52.2748604063583],[-7.99523335871176,52.2747461934448],[-7.99522972514523,52.274742220355],[-7.99513765545806,52.2746416975441],[-7.99512950927464,52.2746327985349],[-7.99496250863369,52.2744909430756],[-7.99484715420674,52.2744087017683],[-7.99462196931267,52.2742567311391],[-7.99459282696311,52.2742358583726],[-7.99432830536995,52.2740462412819],[-7.99416536871577,52.2739462374103],[-7.99378852318743,52.2737149425312],[-7.99373121496164,52.2736797681642],[-7.99370776218903,52.2736653735348],[-7.99370359236739,52.2736627126986],[-7.99370188400059,52.2736616231939],[-7.99350253898591,52.2735344260573],[-7.99298566732064,52.2732192395587],[-7.99258326009929,52.2729575219907],[-7.99222414462535,52.2727597774944],[-7.9918025487766,52.2725119073547],[-7.99144955509114,52.2722899187588],[-7.99109354484773,52.2720764500295],[-7.99107615553071,52.2720615906219],[-7.99080161936549,52.2718996405897],[-7.9904376914339,52.2716726594405],[-7.99007952288633,52.2714573807552],[-7.98996345098992,52.2713829995677],[-7.9898488444729,52.2713095621904],[-7.98963806805343,52.2711487834093],[-7.98949935441027,52.271037663509],[-7.98916359498998,52.270775814257],[-7.98877783002424,52.2704674254933],[-7.98861916654015,52.2703501904237],[-7.98824353982774,52.2700726406391],[-7.98804530388079,52.2699056221634],[-7.9877584321908,52.2696686182028],[-7.98734314838563,52.2693120518972],[-7.98674414672511,52.2688139952534],[-7.98750651808461,52.2686529825586],[-7.98754303377439,52.2686458584817],[-7.98757774509738,52.2686363342559],[-7.98784559912621,52.2689002125598],[-7.98747845689221,52.2690265975071],[-7.98782982188377,52.2692507533895],[-7.98811447021175,52.269153124294],[-7.98836283693514,52.2693885056802],[-7.98849805355108,52.2693374728549],[-7.98863859521459,52.2696606434226],[-7.98869499655219,52.2696306360112],[-7.98876618476578,52.2695922328612],[-7.98892793479976,52.2695552583877],[-7.98899414854646,52.2695226486634],[-7.98913789204122,52.2696512703884],[-7.9889363976552,52.2697370835057],[-7.98905475689324,52.2698396361033],[-7.98907847277794,52.2698600782993],[-7.98901704690559,52.2698860585478],[-7.98913638332772,52.2700093028314],[-7.98927933328732,52.2701558744669],[-7.98964980511666,52.2701387393588],[-7.99001444001833,52.2700146656235],[-7.99022655591781,52.2699958433352],[-7.99039890113713,52.2702760310774],[-7.99054065511009,52.2704893861239],[-7.99064066453536,52.2706462086046],[-7.99020116553922,52.2708556514623],[-7.99011394860684,52.2708949143341],[-7.99025022655129,52.2709466926072],[-7.99031599346235,52.2709189224547],[-7.99068509245371,52.2711886450404],[-7.99069095235978,52.2711929600134],[-7.99098914803187,52.2714214185163],[-7.99100277557798,52.2714160264169],[-7.99124947584282,52.2713270851364],[-7.99133642634612,52.2713008359515],[-7.99131481523191,52.2711474265358],[-7.99129960538806,52.2710779797665],[-7.99214109628631,52.2709241185857],[-7.99229519312771,52.2709101964652],[-7.99229701503937,52.270796401352],[-7.99239402640287,52.2707896032966],[-7.99240361310741,52.2707640584119],[-7.9924264888378,52.2706537971525],[-7.99258549375381,52.2702841884404],[-7.99259126930761,52.2702675509676],[-7.99270962317103,52.2699269815646],[-7.99281148428047,52.269635911058],[-7.99285112056008,52.2695203474598],[-7.9928808036589,52.2694338073296],[-7.99293529287287,52.2694307544894],[-7.99297338682637,52.2693368442123],[-7.99298086642799,52.2692901130958],[-7.99301444115393,52.2691436373918],[-7.99308494754167,52.2688348572726],[-7.9930956571687,52.2687810748023],[-7.99410010593772,52.2688478720746],[-7.99434277363356,52.2688212705976],[-7.99459999414195,52.2687944158106],[-7.99471572451759,52.2687921739042],[-7.99486818710231,52.2689031624776],[-7.99494249252304,52.2689543735546],[-7.99502022625449,52.269007957711],[-7.99516171580921,52.2691251475496],[-7.99521106977893,52.2691846359014],[-7.99506267562235,52.2692309119237],[-7.99505390063652,52.2692202151613],[-7.99493171841656,52.2692587709345],[-7.99489598856157,52.2692162624602],[-7.99481468510739,52.2692417774609],[-7.99480796248758,52.2692340748621],[-7.99449676255049,52.2693305242758],[-7.99448333258292,52.2693344165976],[-7.99423298992814,52.2694007222856],[-7.99425392322775,52.2694285788756],[-7.99414303698701,52.269459754767],[-7.99412223560523,52.269431898164],[-7.9940766822964,52.2694466371378],[-7.9942604982033,52.2695693131889],[-7.99434560308836,52.2696135320551],[-7.99405769243822,52.2697871860148],[-7.99372064846822,52.2699904809565],[-7.99357163795559,52.2703181331351],[-7.99354686865141,52.2703723148582],[-7.99338182239593,52.2707271113652],[-7.99340189527979,52.2707283349334],[-7.99337305667053,52.2709498205475],[-7.99298718606918,52.2709304908249],[-7.99295738373212,52.2709323317071],[-7.99289738199152,52.2709451278296],[-7.9928742892099,52.2709533419866],[-7.99285512585044,52.2709629388181],[-7.99308149484526,52.2710804301415],[-7.99328715777611,52.2712046415017],[-7.99363064441536,52.2714153974167],[-7.9941934135874,52.2717772251114],[-7.99433051671412,52.271873930739],[-7.99383269266503,52.2721847482787],[-7.99334557495132,52.2724798433115],[-7.99280408834418,52.2728292679778],[-7.99391984186312,52.2734917732903],[-7.99397722935554,52.2734495380845],[-7.99397801335208,52.2734489970132],[-7.99398461640771,52.2734451745147],[-7.99398757026432,52.2734462209336],[-7.99398849627786,52.2734465274907],[-7.99413883713536,52.2735315021167],[-7.99414632978782,52.2735263610316],[-7.99414971283902,52.2735284824996],[-7.99428750541738,52.2736149034711],[-7.99429690013926,52.2736201190882],[-7.99422525658495,52.2736654089635],[-7.99415976760404,52.273706744133],[-7.99414625559252,52.2737225273763],[-7.99412115282551,52.2737407998728],[-7.99420783199287,52.2737959579632],[-7.99434352099583,52.2738852029678],[-7.99431282163208,52.2738969944844],[-7.99424556091144,52.2739265546006],[-7.99448494004083,52.2740909308327],[-7.99458152459126,52.2741557607981],[-7.99466394808201,52.2741528612465],[-7.99467757553591,52.274163743412],[-7.99472214462589,52.2742088167479],[-7.99472443814413,52.2742554863515],[-7.99497435477232,52.274434153862],[-7.99506502031891,52.274504430243],[-7.9951307920206,52.2745605125947],[-7.99518396303232,52.274608684464],[-7.99520901675485,52.2746380690829],[-7.99522497449462,52.274633917015],[-7.99523751062324,52.2746306555731],[-7.99545034250184,52.2748538274124],[-7.99573024649905,52.2747685759906],[-7.99578080166903,52.2747515984199],[-7.99598239316169,52.2746694679981],[-7.99600465181557,52.2746640756178],[-7.99620317704963,52.2746163619073],[-7.99625884551292,52.2746029707309],[-7.99644797634172,52.2745702672042],[-7.99657220731715,52.2745487972076],[-7.99659609221262,52.2745450227036],[-7.99667733013312,52.2745321893547],[-7.99676036344815,52.2746138976651],[-7.9969024160349,52.2747536645814],[-7.99714145309623,52.2749906899157],[-7.99723843671238,52.2750942134517],[-7.9972448696498,52.2750920653365],[-7.99732342763072,52.2750659014496],[-7.99735420017763,52.2750556551864],[-7.99739448282571,52.2750432608599],[-7.99746701786328,52.2750217977602],[-7.99752838692168,52.2750022849],[-7.99758581409198,52.2749846685132],[-7.99765792390572,52.2749649310907],[-7.99769247680772,52.2749554668186],[-7.99775735504328,52.2749376994858],[-7.99794265472189,52.2748973729943],[-7.99793020009586,52.2748837515148],[-7.99795295696304,52.2748754914259],[-7.99779532548166,52.2747126518555],[-7.99774918504116,52.2746643914116],[-7.99778681504238,52.2746511699524],[-7.9979873760857,52.2745815391731],[-7.9981418077072,52.274530315905],[-7.99816847539362,52.2745546753172],[-7.99808774811536,52.2746280925891],[-7.99815498856968,52.2746977370146],[-7.99823307191649,52.2747847294823],[-7.99828448746802,52.2748511467018],[-7.9983344382538,52.2749067326642],[-7.99834835834954,52.2749199819952],[-7.99842116787731,52.2749902555425],[-7.99874269631964,52.274926143116],[-7.99875145464668,52.2749234655172],[-7.99885709080128,52.2748911886725],[-7.99891840043713,52.274872448105],[-7.99898549809026,52.2748518738895],[-7.99905537980966,52.2748305715848],[-7.99911265961848,52.2748130533279],[-7.99920186891013,52.2747858186311],[-7.99921608260223,52.274781423321],[-7.99948256676047,52.2747048512556],[-7.99953385305387,52.274690667523],[-7.99957845745939,52.2746772657491],[-7.99966203935297,52.2746532126338],[-7.99970803573163,52.2746399726089],[-7.99972708487471,52.2746348491758],[-7.99982067471609,52.2746096993665],[-7.99990410835456,52.2745857134935],[-7.99954393279737,52.2738514596761],[-7.99990471541668,52.2737055995528],[-7.9999103538117,52.2737172253614],[-7.99991417820638,52.2737179444491],[-7.99991778280769,52.2737189961132],[-7.99992107969853,52.2737203713652],[-7.99992401026758,52.2737220432394],[-7.99992648659775,52.2737239667929],[-7.99992846473053,52.2737260880944],[-7.99992988605447,52.2737283801782],[-7.99993075056962,52.2737307711358],[-7.9999309996645,52.2737332160244],[-7.99993064799196,52.2737356519241],[-7.99994471472615,52.2737483527675],[-7.99995544060999,52.273764406341],[-7.9999588254102,52.2737792015128],[-7.99996250327533,52.2737880462574],[-7.99999239514928,52.2738174298671],[-7.99999796324578,52.2738673073886],[-8.0001602734729,52.2738576895204],[-8.00024949498761,52.2738536445134],[-8.00029944670349,52.2738488804604],[-8.00033065736115,52.273845734381],[-8.00034882741539,52.2739039712108],[-8.00043583893072,52.2741564056422],[-8.00047598948823,52.2742804206463],[-8.00032274822598,52.2743181641264],[-8.00042178984645,52.274487831863],[-8.00052653238251,52.2746639712488],[-8.00036224000604,52.2747177809769],[-8.00041497287336,52.2749215981728],[-8.00043319452802,52.2749555784545],[-8.00049170622997,52.2750646903377],[-8.0005775033975,52.2752246862878],[-8.00064292213799,52.2753466777618],[-8.0037270487415,52.2750672383298],[-8.00397429050628,52.2758480662901],[-8.0040357321277,52.2759526271933],[-8.00367595962389,52.2759837770998],[-8.00339612878139,52.2760065858527],[-8.00311455388065,52.2760295360076],[-8.00243257743894,52.2760858114028],[-8.00198767998052,52.2761236570594],[-8.00181347211617,52.2761386734496],[-8.00180227529597,52.2761396380931],[-8.00157158930439,52.2761587043198],[-8.00120296404227,52.2761895313102],[-8.00112252613562,52.2760355041918],[-8.0011135869728,52.2760174372768],[-8.00088787767033,52.276035488212],[-8.00072608724149,52.2760491069814],[-8.0006583582596,52.276054797135],[-8.00047278486361,52.2760704111471],[-8.00044552912641,52.2760727033351],[-8.00044582265807,52.2761184461],[-8.00038414545543,52.2761197946003],[-8.00037696480516,52.2760771978524],[-8.00032781653844,52.2760813866665],[-8.00017657639063,52.2760942855687],[-7.99997015051866,52.2761118852913],[-7.99969806142103,52.2761351652713],[-7.9996804772234,52.2761088287534],[-7.99935230817537,52.2761513342948],[-7.99944680611979,52.2764337911775],[-7.99925796280945,52.2764564323153],[-7.9986706087795,52.27652157622],[-7.9981409895142,52.27657486222],[-7.99799448063468,52.2765788147875],[-7.99776051771316,52.2765850845946],[-7.99762996678384,52.2765885965721],[-7.99760638877224,52.2765893151811],[-7.99751804070702,52.2765941671776],[-7.99737295289066,52.2766021314953],[-7.99695938441317,52.2769427482882],[-7.99697594111901,52.2769754580671],[-7.99698341195251,52.2770148191428],[-7.9969816497793,52.2770692807552],[-7.99702143419765,52.2770855959934],[-7.99714823165764,52.2771375799389],[-7.99736138332493,52.2772254749869],[-7.99747596028411,52.2772745460138],[-7.99759374662574,52.2773255944766],[-7.99766201809266,52.2773587546273],[-7.99775314927482,52.2774064766344],[-7.99785408359314,52.2774675827075],[-7.99792572557706,52.2775080234954],[-7.99801729677582,52.277560149697],[-7.99806886377764,52.2775800961542],[-7.99813816250306,52.2775960070088],[-7.99829288012162,52.2776159639378],[-7.99857330060785,52.2776538903701],[-7.99886586954186,52.2777050294286],[-7.99908387921946,52.2777274937186],[-7.99928181296786,52.2777444834559],[-7.99936459444879,52.2777458322135],[-7.99958436329138,52.277745923077],[-7.9997194455449,52.2777527547765],[-8.00017406260332,52.2777890597524],[-8.00048817574044,52.2778192514255],[-8.00072611649541,52.2778392227697],[-8.00102573721433,52.2778643615334],[-8.00123736536593,52.2778862619156],[-8.00161016459959,52.2779248389919],[-8.00190818959299,52.2779618673951],[-8.00206410292859,52.2779795093044],[-8.00206537199455,52.2779796530991],[-8.00206713210333,52.2780139803559],[-8.00216662651381,52.2781479709447],[-8.00300657319031,52.2782223597949],[-8.0036059671316,52.2782464233488],[-8.00386382537767,52.2782494713019],[-8.00430746099277,52.2782946593895],[-8.00439715814456,52.2785682137154],[-8.00465897179378,52.2785405279217],[-8.0051058464237,52.2785566798535],[-8.0052919142031,52.2785581098307],[-8.00540516333861,52.2785540598527],[-8.00552676506746,52.2785466027139],[-8.00566155596429,52.2785407537693],[-8.00588904926717,52.2785228913773],[-8.00650097431923,52.2798211657555],[-8.00659426597214,52.280010144869],[-8.00516543973909,52.2802666863259],[-8.00507202891794,52.2801406619066],[-8.00489794476892,52.27989587506],[-8.00488423823434,52.2798976023283],[-8.00465530686347,52.2799265268445],[-8.00435218171853,52.2799551121094],[-8.00396786006333,52.2799944289854],[-8.00375077435363,52.2800198539039],[-8.00371940140892,52.2800239716524],[-8.00363778488703,52.280038958109],[-8.00361255835174,52.2800449146972],[-8.00353235782125,52.280064903166],[-8.00351198773368,52.2800686439096],[-8.00350737293354,52.2800692094266],[-8.00319587241722,52.2801003860669],[-8.00308110148678,52.2801131231969],[-8.00302289825362,52.2801195515149],[-8.0026811495615,52.2801572981982],[-8.00267986286109,52.2801574150786],[-8.00267085446269,52.2801577370728],[-8.00266641501941,52.2801502551035],[-8.00264105403412,52.2800918318914],[-8.00248581307346,52.2797341835116],[-8.00214281806611,52.2797671692279],[-8.00212696623701,52.2797739837352],[-8.00212610305843,52.2797738255522],[-8.00212537030634,52.2797736314127],[-8.00211438638398,52.2797405726171],[-8.00202765803487,52.2797191813859],[-8.00196206145027,52.2795849897129],[-8.00177024970089,52.2795594760437],[-8.00142624826718,52.2795781508198],[-8.00103626996536,52.2795932916064],[-8.00086292647431,52.2792556110866],[-8.00158244117028,52.2792266784766],[-8.00165586100273,52.2792242146067],[-8.00162364800296,52.2791688096186],[-8.00157532865491,52.2790857290846],[-8.00157377439214,52.2790611094605],[-8.00157078317788,52.2790138297147],[-8.00156258903489,52.2789507481622],[-8.00165400158962,52.2788770587633],[-8.00163915515785,52.278840133996],[-8.00110043787705,52.2787819303771],[-8.00113179450528,52.278679946859],[-8.00126673243601,52.2786053719588],[-8.00133444426739,52.2783897214398],[-8.00122431616088,52.2783790262544],[-8.00101072786835,52.2783582737057],[-8.00096436128361,52.2783537708282],[-8.00072612452585,52.278330591054],[-8.0007132286513,52.2783293327351],[-8.00067265064039,52.2783270858348],[-8.00046093862221,52.2783070423767],[-8.00044936165729,52.2783059637949],[-8.00020980650419,52.2782769404241],[-8.00006462570911,52.2782574354316],[-7.99989744885996,52.278239287515],[-7.99982492451386,52.2782313775026],[-7.99972002883578,52.2782092744471],[-7.99948868121418,52.2781708026623],[-7.99948984480728,52.2781673618489],[-7.99818927523505,52.2779776708077],[-7.99807676047671,52.2779620289449],[-7.99773876307168,52.2779018176215],[-7.99769890042484,52.2779620221867],[-7.99755093766591,52.2779386579589],[-7.99739988312832,52.2779133968927],[-7.9970985045972,52.2779039518907],[-7.99663729247469,52.2778940612374],[-7.99647949615365,52.2778878545363],[-7.9964288073176,52.2778858755325],[-7.99621709869693,52.2778731051936],[-7.99622074993241,52.2780179648478],[-7.99617079341762,52.2780189519794],[-7.99617167121045,52.2780359403748],[-7.99612814701163,52.2780471746483],[-7.99607320774229,52.2780511277979],[-7.99597345825006,52.2780586999922],[-7.99589581977161,52.2784558277963]]]},"properties":{"sa_code":"217048004","sa_guid_2022":"4c07d11e-1418-851d-e053-ca3ca8c0ca7f","ed_code":"217048","ed_name":"CLOGHEEN","census_vintage":2022,"population_total":244,"population_65_plus":62,"households_no_car":16,"households_car_availability_total":107,"no_car_household_share":0.149533,"older_no_car_population_estimate":9.3,"older_no_car_estimate_method":"ecological proxy: population_65_plus × no-car-household share; not an observed age-by-car cross-tabulation","urban_rural_category":"6. Highly rural/remote areas","legacy_administrative_area":"SOUTH TIPPERARY","county":"Tipperary","pobal_ed_index_relative_weighted":-4.3,"pobal_ed_category":"Marginally Below Average","pobal_geography_level":"Electoral Division (not Small Area)","cso_gp_person_median_distance_km_2026":7.3,"cso_gp_dwelling_median_distance_km_2026":7.3,"cso_health_distance_measure":"published median distance to nearest GP; not transit journey time","screening_exposure_person_km":67.7}},{"type":"Feature","geometry":{"type":"Polygon","coordinates":[[[-7.89437850370511,52.7361508262319],[-7.89445962096347,52.7359599064543],[-7.89452264307317,52.7358118875492],[-7.89456272848201,52.7357251544036],[-7.89461798150645,52.7356055930845],[-7.89473782659505,52.7352879607125],[-7.89475164960035,52.7352539269683],[-7.89475580548157,52.7352436755086],[-7.89480598380278,52.7350911690841],[-7.89482060359306,52.7350090330124],[-7.89483102944414,52.7348729750476],[-7.89483910488688,52.7347968011066],[-7.89490989568912,52.7346619201193],[-7.89498409010118,52.7344845474962],[-7.89503411629527,52.7343638578484],[-7.89510907054814,52.7342272906996],[-7.89517658410982,52.734106086167],[-7.89525883661044,52.733957400743],[-7.89537404858368,52.733765243088],[-7.89552684034161,52.7335166207234],[-7.89559493450211,52.7334117473958],[-7.89560807413051,52.7333843369943],[-7.89565155535673,52.7332936158246],[-7.89574929300789,52.7331011547979],[-7.89581274431388,52.732980701291],[-7.89582762396447,52.7329499578947],[-7.89584888218829,52.7329266620483],[-7.89604814312663,52.7327473762013],[-7.89608652626857,52.7327140379009],[-7.89617983548027,52.7326329951633],[-7.896287606483,52.7325284886991],[-7.89653863189604,52.7322842200776],[-7.89659376299878,52.7321870284588],[-7.89662659379162,52.732128294424],[-7.89665539997603,52.7320871910621],[-7.89687867104796,52.7319196359029],[-7.8970839355254,52.7317461506808],[-7.89739948592613,52.7314913305011],[-7.89768377778864,52.7312617473992],[-7.89782099037925,52.7311509374579],[-7.89832637252483,52.7307360874509],[-7.89839748552855,52.730678050827],[-7.89840303276684,52.7306610325607],[-7.89840862464724,52.7306439154658],[-7.8984211207446,52.7306056108957],[-7.89842663816541,52.7305886734933],[-7.898549516749,52.7304197079133],[-7.89855292733702,52.7303408692657],[-7.89869601174174,52.730121831427],[-7.89865434907047,52.7300006303982],[-7.89861556455589,52.7296471943059],[-7.89857221366165,52.7293988673915],[-7.8985744971764,52.7293463082921],[-7.89858750891304,52.7292961131877],[-7.89860716697669,52.7292591718814],[-7.89864086897832,52.7292312304431],[-7.8987737689714,52.7291632338837],[-7.89882950541772,52.7291268715877],[-7.89891827154065,52.7289946099004],[-7.89895976107502,52.7289536425979],[-7.89903029217695,52.7289087543345],[-7.89907141496773,52.7288983004947],[-7.89917629576428,52.7288716418052],[-7.89926088530926,52.7288357442358],[-7.89931271222743,52.728805894595],[-7.89943261410286,52.7287880924932],[-7.89956361948654,52.7287638913232],[-7.89961544611288,52.7287340415496],[-7.89964659685042,52.72868194726],[-7.89963700981549,52.7286533037967],[-7.89961336398779,52.7286156695522],[-7.89959134979544,52.7286024836882],[-7.89950429844149,52.7285503701938],[-7.89941758021611,52.7284629525667],[-7.89938767132782,52.7284192821037],[-7.89935820703587,52.7283754412405],[-7.89933539458757,52.7283489615919],[-7.89930630097231,52.7283242022771],[-7.89927662078825,52.7283034420588],[-7.89925243291783,52.7282892296679],[-7.89921270886649,52.7282711932133],[-7.89916836836238,52.7282584466758],[-7.89910387865874,52.7282456739938],[-7.89903943328247,52.7282329552417],[-7.89901853959053,52.7282283536398],[-7.89898976029956,52.7282214444237],[-7.89896106254138,52.7282112906491],[-7.89894615940969,52.728202613645],[-7.89893090285382,52.7281867190785],[-7.89892198589847,52.7281630554057],[-7.89890591691276,52.7280823665891],[-7.89889462944996,52.7279954712273],[-7.89888488536637,52.7278813978593],[-7.89887928663481,52.727767319035],[-7.89888088456847,52.7277357370205],[-7.89888657579638,52.7277202288083],[-7.89889821743193,52.7277051660742],[-7.89891383626584,52.7276923626845],[-7.89894026909911,52.7276766744137],[-7.89896866751009,52.7276624618222],[-7.89906182088062,52.7276162715834],[-7.89915495916687,52.7275701172098],[-7.89926042631193,52.7275253124285],[-7.89928548814731,52.7275134247852],[-7.89931807488826,52.7274932746838],[-7.89933118860686,52.7274817543775],[-7.89934164030734,52.7274690184479],[-7.89935842446017,52.7274386716642],[-7.89937316594762,52.7274081613631],[-7.89942557781609,52.7273099054761],[-7.89947736799516,52.7272115052315],[-7.89948960426265,52.72718234996],[-7.89949796296833,52.7271526701047],[-7.8995110750586,52.7270967137403],[-7.89952418711519,52.7270407573739],[-7.8995369144193,52.7269138594086],[-7.89955625087027,52.7267003688905],[-7.89955772427949,52.7266840931021],[-7.89950317306954,52.7263610766851],[-7.8994282158685,52.7260925184204],[-7.89936344661446,52.7259388787015],[-7.89934987875744,52.725903517882],[-7.89928563051668,52.7257360192567],[-7.89921064700439,52.7256340150924],[-7.8991087193662,52.7254877496448],[-7.8990079337971,52.7253152045341],[-7.89897415595854,52.7252620664162],[-7.8988791424772,52.7252057572984],[-7.89885959538149,52.7251572330717],[-7.89885523249722,52.7250914291217],[-7.898872057385,52.7249536323878],[-7.89892370717816,52.7247616145209],[-7.89895599732532,52.7246832318146],[-7.89894670811398,52.7245647457282],[-7.89894189072676,52.7242600616292],[-7.89908561059524,52.7241089629992],[-7.89921491156817,52.7239576362295],[-7.89925734951149,52.7238947661412],[-7.89928989341147,52.7237699521785],[-7.8992945228237,52.7237524117747],[-7.89929673419578,52.7237435156548],[-7.89929875320805,52.7237345834199],[-7.89930005352867,52.7237227564784],[-7.89929978127265,52.7237124201892],[-7.89929871123695,52.7236885384924],[-7.8992961163294,52.7236647184157],[-7.89929343931341,52.7236508388609],[-7.89928794056763,52.7236216415677],[-7.89928248625936,52.723592435324],[-7.89928048226868,52.7235755723652],[-7.89928098133697,52.723558136308],[-7.89928298061926,52.7235256378432],[-7.89928492068604,52.7234931393278],[-7.89928609059329,52.72346723726],[-7.89928700886698,52.7234413259904],[-7.89928693998839,52.7234262442742],[-7.8992857850381,52.7234135254473],[-7.89928035415329,52.7233805892534],[-7.89927404970869,52.723347733208],[-7.89927072310257,52.7233331071063],[-7.8992674853585,52.7233184631042],[-7.89926269742544,52.7232891765332],[-7.89925916790281,52.7232598281158],[-7.89925866413317,52.7232471817444],[-7.89925926034506,52.7232325589745],[-7.89926001938991,52.7232179363428],[-7.89926311495816,52.7231657913076],[-7.89926624012493,52.723113646297],[-7.89926942457893,52.7230614653848],[-7.89927262384891,52.7230092754967],[-7.89927384796856,52.7229919658839],[-7.8992788503085,52.7229410268415],[-7.89928419312464,52.7228900790996],[-7.89928585724495,52.722874540472],[-7.89928752136406,52.7228590018444],[-7.89928832873537,52.7228426715558],[-7.89928747696293,52.722801164812],[-7.89928555938481,52.7227596571628],[-7.89928501816016,52.7227504171645],[-7.89928425489264,52.7227411769776],[-7.89928282657303,52.7227314688562],[-7.89928093845413,52.7227221558109],[-7.89927404852987,52.722692885428],[-7.89926717341766,52.722663615057],[-7.89926032763035,52.7226344705407],[-7.89925346704931,52.7226053260113],[-7.89926141454045,52.7225353711175],[-7.89928762004749,52.7224306036998],[-7.89928421023145,52.7223428880964],[-7.89925253588188,52.7222642532046],[-7.89924511773547,52.7222458397265],[-7.89901158680277,52.7222727754955],[-7.89857767635764,52.7223228092224],[-7.89790671484673,52.7223975159738],[-7.89744961131864,52.722451552174],[-7.89725313723054,52.7224878459367],[-7.89673212401317,52.7226000204967],[-7.89627273100331,52.7227066112794],[-7.89579576186973,52.7228019589791],[-7.89564294314828,52.7228301813579],[-7.89554119421371,52.7228460812138],[-7.895469062274,52.7228449211351],[-7.89533004605677,52.72284568832],[-7.89525126975472,52.7228312741118],[-7.89520074313122,52.7227836296689],[-7.89510347109731,52.7226919482011],[-7.89507167242821,52.7226619724592],[-7.89500861539359,52.7226729627532],[-7.89496889744489,52.7226798842015],[-7.89491920940901,52.7226900234511],[-7.89467028010809,52.7227408357947],[-7.89451394319031,52.7227668156126],[-7.89438315600633,52.7227866343212],[-7.89418724258086,52.7228097832251],[-7.89392973518637,52.7228385211185],[-7.8937453155928,52.7228465170212],[-7.8932234673668,52.7228951131414],[-7.89306926454471,52.7229134532796],[-7.89271421625606,52.7229855479474],[-7.89254122996353,52.7230211181429],[-7.89210635297832,52.7231028814889],[-7.8918601820228,52.7231613750778],[-7.8916288900204,52.723206903257],[-7.89118408041675,52.7232871351914],[-7.8911164813616,52.723302298611],[-7.89100231879764,52.7231424342085],[-7.89088105963246,52.7229912274767],[-7.89083153192361,52.7228714274025],[-7.89080244216122,52.7228010974343],[-7.8907738260163,52.7227189847852],[-7.89067790436859,52.7225883025199],[-7.89033607915723,52.7225107001483],[-7.89020783122984,52.7224502638284],[-7.89015790135452,52.7223854599225],[-7.89009020773599,52.7223444394375],[-7.88985864326116,52.7222170640794],[-7.88936719708271,52.7220574222929],[-7.88933898173735,52.7220930868386],[-7.88932101299112,52.7221158004181],[-7.88924630267987,52.7221396204533],[-7.88911552431907,52.7221265736745],[-7.88879419499275,52.7220945006361],[-7.8885022702052,52.7220600905637],[-7.88841327437816,52.7220493382441],[-7.88823887105801,52.7220602470814],[-7.88814627986534,52.7220257182304],[-7.88789678709179,52.72180974656],[-7.88777562389269,52.7217190431159],[-7.8875295895251,52.7214317461099],[-7.88747258536002,52.7213971965463],[-7.88746900808601,52.7213837832333],[-7.88746182407854,52.7213569026517],[-7.88745468400121,52.7213302108567],[-7.88749026172791,52.7213215443466],[-7.88745691150486,52.7212699312514],[-7.88742603825081,52.7212221673108],[-7.88732246963981,52.7209909815295],[-7.88730441411629,52.7208289038758],[-7.88735546732157,52.7206679434615],[-7.88738322480574,52.7205804368391],[-7.8873894329117,52.7205608671267],[-7.88732524024901,52.7204787737502],[-7.88731580531055,52.7204696061332],[-7.8872843447583,52.7204374894945],[-7.88727176612357,52.7204247776601],[-7.88723536112517,52.7203756781977],[-7.88718377758752,52.7203463016753],[-7.88708647851723,52.7202908886546],[-7.88696988488321,52.7201640304592],[-7.88688300050805,52.7200653954779],[-7.88684759455216,52.7200251948504],[-7.88676560968882,52.7199496093882],[-7.88667648741115,52.7198524011882],[-7.88659795939579,52.7197054820785],[-7.88659786828116,52.71964929873],[-7.88662981401887,52.7195909260052],[-7.88667601601538,52.7195145731518],[-7.88676108697538,52.7192897595787],[-7.88677156033976,52.7191492799576],[-7.88675758377539,52.7191278754466],[-7.8867437103007,52.7191066777537],[-7.8867314291523,52.7190878993209],[-7.88667510588509,52.7189576739758],[-7.88655723484283,52.7186746226551],[-7.88654588829657,52.7185638361131],[-7.88651687413284,52.718456726683],[-7.88650714168455,52.718431254689],[-7.88648088478028,52.7183625081829],[-7.88646968986675,52.7182789370913],[-7.88646879893848,52.7181546157994],[-7.88646764185773,52.7179959874881],[-7.88645303338221,52.7179274318798],[-7.88642080943096,52.7178653576404],[-7.88634948635963,52.7177669438521],[-7.88633148289819,52.7177176909531],[-7.88632035494915,52.7176426943464],[-7.88630228505935,52.717584866934],[-7.8862664483687,52.7175120756237],[-7.88621660597877,52.7174521864578],[-7.8861454686819,52.7173794960511],[-7.88610610049958,52.7173045801575],[-7.88608122197795,52.7172810619229],[-7.88603158310769,52.7172511834286],[-7.8859500389534,52.7172021030684],[-7.88581164505847,52.7171017189878],[-7.88564834046735,52.7169735381513],[-7.88562936092736,52.7169583662687],[-7.88554424093072,52.7168904166008],[-7.88546617827803,52.7168348949488],[-7.88533416409378,52.7167351725812],[-7.88529936224255,52.7167088673267],[-7.88518944713676,52.7166427089688],[-7.88507226997892,52.7165465598737],[-7.88505881352876,52.7165362556989],[-7.88491608108226,52.7164269323933],[-7.88488139460805,52.716401966322],[-7.8848599445728,52.7163865222796],[-7.88473511509047,52.7162966569387],[-7.88463221047846,52.7162219034629],[-7.88450442920264,52.716123631328],[-7.88441209876925,52.7160467128878],[-7.88425914421246,52.7158863455792],[-7.88408522408691,52.7157517618086],[-7.88405721809726,52.7157195398078],[-7.883833558745,52.7155166260195],[-7.88369785105247,52.7154006211169],[-7.88359044751703,52.715271575452],[-7.88308536216853,52.7146987296379],[-7.88298689362265,52.7145947324852],[-7.88269054622122,52.7142817599122],[-7.88241985338991,52.7139735306648],[-7.88235901590199,52.7139001291198],[-7.88233460745346,52.7138738872188],[-7.88219721843407,52.7137261066921],[-7.88198320860122,52.7134972328988],[-7.88190161250046,52.7134168538213],[-7.88168261222067,52.7131902034996],[-7.88142598160688,52.712918863282],[-7.88121070087466,52.7126922427506],[-7.88099165726311,52.7124678470403],[-7.88081524275687,52.7122851616539],[-7.88083321033747,52.7122521491957],[-7.88093636213753,52.7121052557799],[-7.88103819864108,52.7119628728752],[-7.88117322369953,52.7117680068648],[-7.88130579300351,52.7115723652775],[-7.88148256502553,52.7113333561822],[-7.88157824985943,52.7111879107629],[-7.88170953882638,52.7109937684067],[-7.88180902278308,52.7108438416223],[-7.88197459736566,52.7106062586687],[-7.8821108194095,52.7104144126745],[-7.88224082495498,52.7102225154051],[-7.88236944129107,52.7100295021099],[-7.8824456555918,52.7099133102313],[-7.88262212828588,52.7097148434923],[-7.88265868145939,52.7096924458737],[-7.88268835596533,52.7096856084802],[-7.88271007878141,52.7096805967457],[-7.88281886311078,52.7096637710973],[-7.88292324099713,52.7096677210216],[-7.88307983313766,52.7096586539449],[-7.88331598782639,52.7096473281268],[-7.88358783663521,52.7096358751042],[-7.88416308307721,52.7096021945584],[-7.88473557059164,52.7095706117087],[-7.88490136514396,52.7095508645593],[-7.88543664766924,52.7095194848788],[-7.88563771304094,52.7095084980219],[-7.88624721902166,52.7094787860909],[-7.88636017611029,52.7094784809557],[-7.88670287100683,52.7094582445744],[-7.88697779025166,52.70944894381],[-7.88721109605489,52.7094397286637],[-7.88745979252062,52.709424595653],[-7.88757812444095,52.7094173018731],[-7.888096561199,52.7093923475248],[-7.88882954546004,52.7093552608538],[-7.88925913544209,52.7093345502593],[-7.88978804795839,52.7093094095532],[-7.89006614597301,52.7093006168935],[-7.89034896444028,52.7093036739981],[-7.89070196752146,52.7093142640861],[-7.89107006412283,52.7093133624786],[-7.89132767864664,52.7093233776902],[-7.89164652128664,52.7093305002764],[-7.89199017588596,52.7093396489102],[-7.89255052448749,52.7093542779906],[-7.89287639891279,52.7093484430909],[-7.89314105504302,52.70935364321],[-7.89338596803862,52.7093718754178],[-7.89364177567994,52.7093706850548],[-7.89408106018643,52.7093728758413],[-7.8941009758638,52.7093679772488],[-7.89412679957773,52.7093616368764],[-7.8942328687641,52.7093700543292],[-7.89454811694607,52.7093707305711],[-7.89479945166611,52.7093588021815],[-7.89490911989115,52.709347529736],[-7.89506804029152,52.7093102179016],[-7.89557268843918,52.7091637112591],[-7.89630671883034,52.7089494457737],[-7.89659951664292,52.7088555622024],[-7.89679394441069,52.708826664721],[-7.89683126772515,52.7088131524361],[-7.89689619845858,52.7087896156761],[-7.89712907911436,52.7087196763733],[-7.897478423243,52.7086169236762],[-7.89785259216901,52.7085162046264],[-7.89819485943675,52.7084134796713],[-7.89837832446129,52.7083566807243],[-7.89856865087506,52.7082826395822],[-7.89878357641587,52.7081934205949],[-7.89901254955142,52.7080955308701],[-7.89912749257484,52.7080345739007],[-7.89920140447869,52.7079976605322],[-7.89938459039281,52.7079193427539],[-7.89948321464556,52.7078758530569],[-7.89954299880022,52.7078433046053],[-7.89966248302896,52.7077695881432],[-7.8998028417698,52.7076656628899],[-7.89987641347713,52.707615231008],[-7.89992923561476,52.7075790184058],[-7.90020630959489,52.7073647286903],[-7.90039157041955,52.7072310456218],[-7.90041337359313,52.707215308144],[-7.90083808258238,52.7069142637819],[-7.90104507802089,52.7067605458479],[-7.90133997776071,52.7065569279849],[-7.90146642966675,52.706474578114],[-7.90148774326279,52.7064787751983],[-7.90167013666717,52.7063402252769],[-7.90188767673638,52.7061799983731],[-7.90210877657391,52.7060219041384],[-7.90220360460575,52.7059590670648],[-7.90227760957055,52.7059307532683],[-7.90233065775075,52.705924047061],[-7.90222597615314,52.7058936895284],[-7.90222098551341,52.7058292691078],[-7.90217793268925,52.7057864511755],[-7.90207410498705,52.7056987334101],[-7.90192028607189,52.705581143358],[-7.90178800882194,52.7054849621605],[-7.90178020310768,52.7054290599182],[-7.9017156894734,52.7053691290416],[-7.90168069127417,52.7053244840687],[-7.90164007158857,52.7052726800501],[-7.90160012589145,52.7051975709396],[-7.90157828823383,52.7051503483395],[-7.90159910281397,52.7050471934556],[-7.90160826069189,52.7050017671958],[-7.90152655055056,52.7049827888116],[-7.90140263521278,52.7049855260132],[-7.90119392346484,52.7050058806515],[-7.90096738822293,52.7050231551616],[-7.90088600696667,52.7050223950941],[-7.90082198445494,52.7050011840319],[-7.90080728395911,52.704965193151],[-7.90076215382609,52.7048084782246],[-7.90068977577453,52.7045767903131],[-7.90057848422909,52.7042404864498],[-7.9004142987107,52.7037083364977],[-7.9003093679581,52.7034136067452],[-7.90030408471895,52.7033945389513],[-7.90024403292649,52.703177493388],[-7.90068101327307,52.7031441196217],[-7.90092585950708,52.7031190594543],[-7.9011554431215,52.7030972756329],[-7.90142514254733,52.7030477071498],[-7.90217130092667,52.7029158343841],[-7.90280245774679,52.7027979108045],[-7.90315508117298,52.7027571156168],[-7.90380048391258,52.7026785564089],[-7.90428909124944,52.7026265792868],[-7.9044668572778,52.7026171685031],[-7.90474919643406,52.7026103041936],[-7.90488715973038,52.7026082039192],[-7.90532647678591,52.7025847285696],[-7.90556875082053,52.7025764731369],[-7.90595121686529,52.7025685442024],[-7.90657007852047,52.7025611241101],[-7.90660609129287,52.7025615299742],[-7.90693347614455,52.7025652117893],[-7.90756201199108,52.7025728488591],[-7.90768190773629,52.7025783709677],[-7.90791773823421,52.70259441801],[-7.90822916753128,52.7026290471986],[-7.90825829737725,52.7026378509274],[-7.90828457341978,52.7026457806145],[-7.90828171173415,52.7026557190273],[-7.90819848235035,52.7029525072373],[-7.90806193895907,52.7033487232149],[-7.90797790656566,52.7035335212962],[-7.90803739382113,52.7035378367051],[-7.90810002626029,52.7035452283861],[-7.90821242676979,52.7035630396033],[-7.90833115809888,52.7035818712419],[-7.9083574573874,52.7035860439844],[-7.90855569288254,52.7036105902135],[-7.90873085493177,52.7036167470714],[-7.90911229798604,52.7036423859703],[-7.90956475130069,52.7036815327197],[-7.90986850712412,52.703710507335],[-7.91016634488705,52.7037610386754],[-7.91047771069889,52.703824387248],[-7.91068990188843,52.7038705204056],[-7.91103369566526,52.7039375949549],[-7.91128645877495,52.7040062901589],[-7.91150976299722,52.7040821441779],[-7.91165246505829,52.7041315582425],[-7.91177491999823,52.7041544337618],[-7.91190147377765,52.7041772852364],[-7.91197197646704,52.7041862266379],[-7.91216753802511,52.7042110165006],[-7.91218574584721,52.7042144184272],[-7.91241554027036,52.7042573887977],[-7.91255385434412,52.7042968848745],[-7.91258514700183,52.704305428483],[-7.91262438686353,52.7043058708493],[-7.91267691599589,52.7042979642385],[-7.91279409780471,52.7042795713476],[-7.91298795541803,52.7042464585172],[-7.91306015047478,52.7042378830859],[-7.91311603576155,52.704231246036],[-7.91325240406457,52.70422251976],[-7.91334704515023,52.7042216002932],[-7.91341841703546,52.7042102198157],[-7.91349237328517,52.7041938888448],[-7.91357670496978,52.7041610276447],[-7.91372729384262,52.7040765880828],[-7.913865635205,52.7039898025767],[-7.91394173408268,52.7039520906539],[-7.91398730777673,52.7039368622585],[-7.91404658519588,52.7039280611452],[-7.91411142806497,52.7039257892534],[-7.91420354014701,52.703931464394],[-7.91434467799538,52.7039497939091],[-7.91451577826928,52.7039760542186],[-7.9147279195487,52.7040199870622],[-7.91483216693161,52.704024717723],[-7.91493488984395,52.7040220681279],[-7.91506301005217,52.7040084983587],[-7.9152490181304,52.7039853168313],[-7.91537966632117,52.7039651424161],[-7.91558378639381,52.7039105695457],[-7.91571562902655,52.7038846343631],[-7.91588378222239,52.7038509592482],[-7.91589968145873,52.703846907993],[-7.91620215135625,52.7037697991917],[-7.91622412219313,52.7037630827757],[-7.91635107517621,52.7037248030363],[-7.91643018281354,52.7036985602061],[-7.91668737411498,52.7036056804204],[-7.91679327896462,52.7035709626021],[-7.91684383939086,52.7035392527877],[-7.91699136705982,52.7034416935717],[-7.91711279835362,52.7033805349275],[-7.91727201124933,52.7033157174837],[-7.91736179524948,52.7032844392635],[-7.91745869951172,52.7032670612357],[-7.91754859966037,52.703260391843],[-7.91757343133643,52.7032585486113],[-7.9177111554605,52.7032506270611],[-7.91774908251135,52.7032484333641],[-7.91793395275017,52.7032377579997],[-7.9180296769824,52.7032261399366],[-7.91810365636368,52.7032114508907],[-7.91836403317299,52.7031366083913],[-7.91842042475533,52.7031191207859],[-7.91850084447749,52.7030941897093],[-7.91852096865915,52.7030855571737],[-7.91858508761077,52.7030580442957],[-7.91868253567587,52.7030102595518],[-7.9188652551853,52.7029139984101],[-7.91903350370168,52.7028334829059],[-7.9190642123029,52.7028219364353],[-7.91915069668165,52.7027894592145],[-7.91913651884393,52.7027751407978],[-7.91930543110187,52.7027192612128],[-7.91953222814386,52.7026537856482],[-7.91980333256251,52.7025755498335],[-7.92020227224521,52.7024738691594],[-7.9206833959566,52.7023672987981],[-7.92099479511328,52.7023085909649],[-7.92127640924008,52.7022580595135],[-7.92130421964102,52.7022531795652],[-7.92135072833555,52.7022421822617],[-7.9213499593455,52.7022172672708],[-7.92134813680376,52.7022022742314],[-7.92131460099361,52.7019271051476],[-7.92130230273245,52.7018300095982],[-7.9212634678129,52.7015235141023],[-7.92120994169434,52.7010443061327],[-7.92118096340363,52.7008519545888],[-7.92118799278859,52.7007853947993],[-7.9212003573631,52.7007385670176],[-7.92122211550782,52.7007090112515],[-7.92124927688798,52.7006860472083],[-7.92131430262138,52.7006614814816],[-7.92151744886949,52.700609189643],[-7.92164345320839,52.7005641806355],[-7.92171662773141,52.700533058898],[-7.92175465725557,52.7004969526006],[-7.92181041841599,52.700423890709],[-7.92188783368262,52.7003459356589],[-7.92194618998538,52.7003024726019],[-7.92201396359475,52.7002713381362],[-7.92212908921156,52.7002361632169],[-7.92220625937744,52.7002206647892],[-7.92240526779504,52.7001889150759],[-7.92251090185842,52.7001578410488],[-7.9225664940257,52.7001291520046],[-7.92261259801195,52.7001029284172],[-7.92264519078123,52.7000700988707],[-7.92270244455329,52.6999633508372],[-7.92278164529567,52.6997777301702],[-7.92281868016604,52.6996504045636],[-7.92284216001742,52.699532911886],[-7.92285454884511,52.6994795137745],[-7.92288987772489,52.6994384709861],[-7.92295094219969,52.6993933644017],[-7.92306753563834,52.6993294282015],[-7.92335909540709,52.699154811118],[-7.92382149760099,52.6988818226427],[-7.92387307260668,52.6988391631825],[-7.92390434480582,52.6987989443709],[-7.92392212652925,52.6987488212031],[-7.92393760029961,52.6986050335077],[-7.92396220832905,52.698534395305],[-7.92398950371914,52.6984752633485],[-7.92401940446984,52.6984407869018],[-7.92412946412839,52.6983201407134],[-7.92416212443874,52.6982725256657],[-7.9241771953775,52.6982240544974],[-7.92417196387985,52.6981780240446],[-7.92416577456765,52.6981639360248],[-7.92413443034336,52.6980924980078],[-7.92410487049864,52.6980414996407],[-7.9241077874583,52.6979889132219],[-7.92413098337105,52.6979388114573],[-7.92415549504612,52.6978977613592],[-7.9242451693953,52.6978009109961],[-7.92428322631189,52.6977549441474],[-7.92431047413805,52.6977056718215],[-7.92432294714535,52.6976706988195],[-7.92432688673236,52.6976596731627],[-7.92433679278212,52.6975520312291],[-7.92435365568632,52.6973909785523],[-7.9243918866918,52.6973039190282],[-7.9244395378063,52.6972275611137],[-7.92453182429375,52.6971504406626],[-7.92466475506778,52.697061877391],[-7.92479640675915,52.6969511219939],[-7.9249931426425,52.6968026583942],[-7.92504602440096,52.6967723306571],[-7.92512187142897,52.6967477876444],[-7.92522885210379,52.6967191747199],[-7.92531416292393,52.6966971092289],[-7.92538866761037,52.6966701025108],[-7.92543611060461,52.6966450021436],[-7.92545373143639,52.6966356747792],[-7.92548656985115,52.6966122010088],[-7.92552833986273,52.6965823693951],[-7.92565325444608,52.6964642027634],[-7.92575376006065,52.6963624416385],[-7.92578914759391,52.6963098934692],[-7.92579335817616,52.6962696302376],[-7.92578000056318,52.6962252395433],[-7.92573292102568,52.6961586006098],[-7.92568039553786,52.6961018179882],[-7.92560082065238,52.6960400660295],[-7.92548881157329,52.6959733323071],[-7.92535513072521,52.6959147818164],[-7.92528494518635,52.6958735909217],[-7.92524454522981,52.6958291561554],[-7.92522850428886,52.6957798203488],[-7.92523546621327,52.6957313439118],[-7.92526134647643,52.6956845331781],[-7.92533478797577,52.6955860179455],[-7.92536471728425,52.6955416904033],[-7.92537570227187,52.6955022583341],[-7.92537451909722,52.6954586931509],[-7.92536954952881,52.6953452714841],[-7.92538340050132,52.6952647574424],[-7.92540794111583,52.6952138383513],[-7.92544464134803,52.6951719777356],[-7.9255192185138,52.6951268872826],[-7.92561407602834,52.6950826453847],[-7.92563125603749,52.6950711696024],[-7.92567702219508,52.6951002742178],[-7.92570305279131,52.6951125500539],[-7.92571594245661,52.6951186249757],[-7.92578161948329,52.6951049235802],[-7.92585673809007,52.695089250711],[-7.92606380703775,52.6950607804669],[-7.9262979071251,52.6950389327881],[-7.92646566156036,52.6950326016033],[-7.92650963235164,52.6950299594553],[-7.92656052720787,52.695026899148],[-7.92655797514079,52.6949785245889],[-7.92656635776689,52.6949111473543],[-7.92662091659847,52.6947961717244],[-7.92667253567629,52.6947403617205],[-7.92673630514545,52.6946903204587],[-7.92680270427992,52.6946600092684],[-7.92694629044546,52.6946059725805],[-7.92706148649107,52.6945527181808],[-7.9271631545726,52.6944945209908],[-7.92718847952873,52.6944774864633],[-7.92730827663232,52.6943969293488],[-7.92746400536623,52.694316861473],[-7.92750751987914,52.6942944901919],[-7.9275982729802,52.6942609218402],[-7.92767408313709,52.6942462369113],[-7.92776472528649,52.6942439013854],[-7.92786342555896,52.6942530842187],[-7.92804729709819,52.6942763668087],[-7.9281271052563,52.6942772960331],[-7.9282001623376,52.6942724688467],[-7.92829627534886,52.6942537063104],[-7.92843714310924,52.6942046005378],[-7.92858076607205,52.6941439917199],[-7.92875290020263,52.6940530117071],[-7.92887353503618,52.693991543852],[-7.92907811603978,52.6939055441582],[-7.92936665982245,52.6937933674108],[-7.92944799235328,52.6937474606013],[-7.9295347817861,52.6936933420197],[-7.92965276868701,52.6936121522968],[-7.92974359476308,52.6935588628451],[-7.92983980425482,52.6935154362584],[-7.93004435056774,52.6934393036079],[-7.9302245043405,52.6933713442465],[-7.930391156859,52.6933000781173],[-7.93052531322434,52.6932353449095],[-7.93064592591614,52.6931755200202],[-7.93079382367627,52.6930549256258],[-7.93092807678832,52.6929655291596],[-7.93104739881481,52.6928884462979],[-7.93115051792012,52.6928047657602],[-7.93122252369401,52.6927235028131],[-7.9312863854813,52.6926471604827],[-7.93134060844925,52.6925574115434],[-7.93138394559341,52.6924853894487],[-7.93143627038283,52.6923983986569],[-7.93145742435914,52.6924641934922],[-7.93150447272147,52.6926104991167],[-7.93151072913732,52.6926299795582],[-7.93151747138349,52.692650952275],[-7.93154760247516,52.6926709408385],[-7.93157049131243,52.6926964527864],[-7.93158117428953,52.6927326263496],[-7.93160715229795,52.6930153743898],[-7.93163128193849,52.6934304325284],[-7.93164762669555,52.6937534318657],[-7.93166039063758,52.6939539776982],[-7.93167091851148,52.6940328887153],[-7.93170439389748,52.6941192279853],[-7.93173666966535,52.6941685902525],[-7.93178648585608,52.6942302940294],[-7.93183230017565,52.6942780282569],[-7.93189434791942,52.6943224912021],[-7.93205900898633,52.6944197001449],[-7.93219671882783,52.6944872782535],[-7.9323128562434,52.6945383959954],[-7.93249385217199,52.6946060434017],[-7.93278566726778,52.6947017867274],[-7.93286945378607,52.6947232703848],[-7.93329100305932,52.6948520625245],[-7.93354771451953,52.6949296735576],[-7.93384470620644,52.6949899778099],[-7.93383871108636,52.6950022429731],[-7.93383106874706,52.6950179046496],[-7.9341828784133,52.6950932754223],[-7.93442406080834,52.6951503475275],[-7.93476779676941,52.6952247054497],[-7.93487294608767,52.6952469454379],[-7.93497665443162,52.695273292021],[-7.93512712664938,52.6953288119275],[-7.93549495916354,52.6954165279788],[-7.93575540196627,52.6954766277894],[-7.93581090596665,52.6954778981851],[-7.93626317398294,52.6954198285734],[-7.93631445791799,52.6954135556019],[-7.93637831866558,52.6954057524238],[-7.9365850892655,52.6954263376766],[-7.93686014042052,52.6954211456523],[-7.9369463261734,52.6953815188516],[-7.93697621608873,52.6953768250753],[-7.93711308289156,52.6953795761508],[-7.93725346738838,52.6953329762745],[-7.93750592743044,52.6952453156371],[-7.93763915186225,52.6951981003505],[-7.93769472979852,52.695178401091],[-7.93794405284353,52.6950900278246],[-7.93830269679041,52.6949717003141],[-7.93832874546999,52.6949631034411],[-7.93834586975901,52.6949362744237],[-7.93835538820172,52.6949213504411],[-7.93839105541711,52.6949002473729],[-7.93851463111933,52.6948856072896],[-7.93859035113771,52.69489114714],[-7.93867278387,52.6948992160195],[-7.93870514491503,52.6949042749765],[-7.9387227305117,52.694907025382],[-7.93875252424629,52.694907265475],[-7.93881094091855,52.6948986762248],[-7.93890715257149,52.6948599609495],[-7.93906997345751,52.6948464550055],[-7.93914871710732,52.6948372109276],[-7.93921234626886,52.6948247593499],[-7.93924671026747,52.6948149621572],[-7.93929325232095,52.6947922915036],[-7.9393359637389,52.6947689627538],[-7.93940015661159,52.6947339067488],[-7.93949515432802,52.6946630855299],[-7.93964285428301,52.6945967940232],[-7.93974611509995,52.6945838320408],[-7.93978491002054,52.694578962323],[-7.93982159031037,52.6945734893285],[-7.93988809593483,52.6945666203452],[-7.9399629902969,52.6945482959766],[-7.93999443023795,52.6945345513897],[-7.94007728475106,52.6944611619988],[-7.94016249818138,52.6944042485952],[-7.94024321803517,52.6943662164829],[-7.94039606071122,52.6943131388679],[-7.94057703530579,52.6942742670831],[-7.94071037611262,52.6942457163053],[-7.9407840347567,52.6942216205551],[-7.94084562995183,52.6941916676053],[-7.94089497307291,52.6941640813267],[-7.94092248525141,52.6941445553026],[-7.94096707526813,52.6940873154793],[-7.9409816758649,52.6940546246976],[-7.94100550571885,52.6940012213523],[-7.94130936277836,52.6938538983766],[-7.94132582579606,52.6938441546324],[-7.94135116775738,52.6938431515364],[-7.94146408963509,52.6938386774315],[-7.9415726305219,52.6938358548374],[-7.94163270745893,52.6938342935672],[-7.94171595122458,52.6938321234912],[-7.94175407441483,52.6938311265917],[-7.94198301365339,52.6938304029683],[-7.94201060292932,52.6938303175989],[-7.94203200866254,52.6938302471757],[-7.94223327830535,52.6938232090053],[-7.9423280311145,52.6938097732555],[-7.94262601900395,52.693745510402],[-7.94273696655391,52.6937346706821],[-7.94281311975401,52.6937358938446],[-7.94281894683702,52.6937482820087],[-7.94281952673224,52.6937686579025],[-7.94281492346699,52.6937933005583],[-7.94281628847196,52.6938241747209],[-7.94282783266882,52.6938538853629],[-7.94284687997719,52.6938813166892],[-7.94285541437249,52.6938935983012],[-7.94292540794871,52.6939447642913],[-7.9430127119251,52.6939942218688],[-7.94311214318812,52.6940462377703],[-7.94316790732757,52.6940510011479],[-7.94320045522098,52.6940487877415],[-7.94323917660006,52.6940429281867],[-7.94327877675304,52.6940438639067],[-7.94331013079639,52.6940496671231],[-7.94334041574769,52.6940585526766],[-7.94336468474567,52.6940636783984],[-7.94341028610771,52.6940683649034],[-7.9434652814204,52.6940613985395],[-7.9435019761323,52.6940555199566],[-7.94353031322713,52.6940606835347],[-7.94355447232063,52.6940707525209],[-7.94357855269698,52.6940845154996],[-7.94361059698728,52.6941057602102],[-7.94362752996695,52.6941213173629],[-7.9436545322523,52.694140672201],[-7.94368153457311,52.694160018045],[-7.94373376361067,52.6941875818278],[-7.94377300304918,52.694204560647],[-7.94381024703476,52.6942202891867],[-7.9438556748016,52.6942336128282],[-7.94389301393855,52.6942443980315],[-7.94393253557777,52.6942490365185],[-7.94396800549717,52.694252405781],[-7.94400961613924,52.6942545915277],[-7.94406559327301,52.6942550313944],[-7.94414045096213,52.6942636501501],[-7.94418986986809,52.6942794741852],[-7.9443123948492,52.6942971211562],[-7.94445081698909,52.6943309267402],[-7.94448881107501,52.6943503674283],[-7.94456234526619,52.6943879803238],[-7.94466407301704,52.694427673557],[-7.94482373339656,52.6944659735869],[-7.94489663656855,52.6944764244905],[-7.94496369563226,52.6944757276175],[-7.94502788009951,52.6944669851866],[-7.94507076468698,52.6944562195606],[-7.94512200499067,52.69443564298],[-7.94515482002286,52.6944210887485],[-7.94519484470667,52.6944022775674],[-7.9452198853339,52.6943940112669],[-7.94524599149627,52.6943854039123],[-7.94529986025518,52.6943803326282],[-7.94533658155524,52.6943768712403],[-7.94553808889711,52.6943587274897],[-7.94571226369758,52.6943360499612],[-7.94591601665386,52.6943080558375],[-7.94611760196475,52.6942862081149],[-7.94625006907983,52.6942675104575],[-7.9462750451213,52.6942393266764],[-7.94633197203577,52.6942373122016],[-7.94644788360578,52.6942320617423],[-7.94650287864164,52.6942250939695],[-7.94651616813515,52.6942208756434],[-7.9465682245918,52.6942095653497],[-7.94662530841877,52.6942001447595],[-7.94666291472388,52.6941985977858],[-7.94675355150751,52.6941875923742],[-7.94688226379127,52.6941540532696],[-7.94695560507961,52.6941447566459],[-7.94703615727674,52.6941299715798],[-7.9472247019071,52.6941012314021],[-7.9472986992708,52.694087503814],[-7.947374605342,52.6940734175102],[-7.94748877225879,52.6940545845131],[-7.9476103052737,52.6940240703662],[-7.94768567282204,52.6940148011499],[-7.9477408078998,52.6940016581639],[-7.94782187570006,52.6939634233097],[-7.94810229243087,52.6938656769368],[-7.94819663541656,52.6938345930318],[-7.94834370660966,52.6937861404129],[-7.94861322246225,52.6937228567508],[-7.94873606934915,52.693819494116],[-7.94893088056988,52.6939710066561],[-7.94906094198159,52.6941108876663],[-7.94921130037719,52.6942509390095],[-7.94931921804678,52.6943651766976],[-7.94959699400563,52.6946201475401],[-7.94979771125809,52.6948259391812],[-7.94983428206356,52.6948634432663],[-7.94994168981544,52.6949735547053],[-7.95024996070267,52.6952824643653],[-7.9503347647828,52.695367435737],[-7.95047273738523,52.6954918322968],[-7.95050677146976,52.6955234480248],[-7.95062733199915,52.695635469758],[-7.95080730062247,52.6958039421698],[-7.95082326112506,52.69581887772],[-7.95096450976179,52.6959002858533],[-7.95104052261716,52.6959644100971],[-7.95116461212476,52.696045028954],[-7.95142055624768,52.6961823795766],[-7.95174056999288,52.6963775749998],[-7.95184923984225,52.6964508976574],[-7.9520173232896,52.6965643124002],[-7.95213810718551,52.6966541055528],[-7.95219829833348,52.6967407913119],[-7.95228097621075,52.6969229826851],[-7.95232186705007,52.6969775018498],[-7.95236545162831,52.6971125627828],[-7.95238007472715,52.6971610584545],[-7.95245491557796,52.6974091189663],[-7.95254190095908,52.6974276060037],[-7.95290809529731,52.6974779225525],[-7.9530431033,52.6974965810808],[-7.9533030461006,52.6975325724857],[-7.95337009997623,52.6975410115636],[-7.953517308573,52.6975923813669],[-7.95362437769765,52.6976182815223],[-7.95365290877538,52.6976251864084],[-7.95369484160146,52.6976479512018],[-7.95391380671185,52.6977668836954],[-7.95412410407027,52.6979134412732],[-7.95417355557146,52.6979479020799],[-7.95422160513194,52.6979790547725],[-7.95437409274264,52.6980778907135],[-7.95439319487472,52.6980898160352],[-7.95455049773274,52.6981968955153],[-7.95458654141305,52.6982215002554],[-7.95461919037473,52.6982526558733],[-7.95467904940494,52.6983097610015],[-7.95476201423504,52.6984132795083],[-7.95489717194249,52.6986347482145],[-7.95496583478732,52.6987780596044],[-7.9550896929425,52.6990556622787],[-7.95509781145713,52.699073856886],[-7.95516826675388,52.6992595917663],[-7.9552592938287,52.6994682894873],[-7.95535321344277,52.6996124909753],[-7.95543175560777,52.6997189463711],[-7.95549627690405,52.6998063870211],[-7.95583545392729,52.7002475955176],[-7.95602253041315,52.7004929720604],[-7.95624185209376,52.7007789226339],[-7.95627300034972,52.7008195325083],[-7.95629026104495,52.7008399773767],[-7.95633452123323,52.7008923752155],[-7.95635417602459,52.700915661135],[-7.95641855857672,52.7009974747832],[-7.95651604433148,52.7010888636746],[-7.95665501241358,52.7012151137755],[-7.95675305479905,52.7012832239908],[-7.95677004333609,52.7012950133332],[-7.95682165106007,52.7013244585483],[-7.95694020122239,52.701392090727],[-7.95712977823325,52.7014826317012],[-7.95726858982983,52.7015449590204],[-7.9573606861527,52.7016129317675],[-7.95745719932831,52.7017036993597],[-7.95747263431235,52.7017158475594],[-7.95753631106531,52.7017660049273],[-7.95761870061631,52.7018203483275],[-7.95767236499057,52.7018662867139],[-7.95784286675577,52.7020561720492],[-7.9580118169827,52.7022300581103],[-7.95819794134369,52.7023940902485],[-7.95844385235596,52.7026108031989],[-7.95873715221079,52.7028649218183],[-7.95890168487425,52.7030074821999],[-7.95906654388372,52.7031503031116],[-7.95957222943375,52.7035736181684],[-7.9602221871582,52.7041152513466],[-7.96054609440589,52.7043996918844],[-7.96072710757045,52.7045586580994],[-7.96096606530653,52.7047684966749],[-7.96124042946204,52.7050004745552],[-7.96131097820909,52.7050538767455],[-7.96155187442375,52.7052362207636],[-7.9617293483168,52.7053895848146],[-7.96175299712922,52.7053859613331],[-7.96185103899762,52.7054744788059],[-7.9619419002026,52.7057892553104],[-7.96191463545695,52.7058838621869],[-7.96171413732724,52.7062683808857],[-7.96173361522275,52.7063307631993],[-7.96175353582155,52.7063946016917],[-7.96175940520939,52.7064343660536],[-7.96173157150736,52.7064849229979],[-7.96164661635822,52.706556205545],[-7.96147631076306,52.706659412314],[-7.96131660314944,52.7067248731174],[-7.96125736899113,52.7066913019496],[-7.96122441679711,52.7066726233111],[-7.9611496062842,52.7066498414617],[-7.96102263532554,52.7066431487462],[-7.96090694806088,52.7066606190893],[-7.96080423506431,52.7066979658547],[-7.96063484484241,52.7067348769702],[-7.96047109247792,52.7067714571708],[-7.9602929252004,52.7067937954863],[-7.96016782161574,52.706799865298],[-7.96003710164854,52.7068147951537],[-7.95994397800763,52.706850319861],[-7.95988607827398,52.7068632338744],[-7.95981198892595,52.7068612224608],[-7.95964736463034,52.7068632427553],[-7.95949630185699,52.7069056410977],[-7.95947549889472,52.7069350244199],[-7.95943609516897,52.7069486725531],[-7.95938230911661,52.7069613270785],[-7.95931798485834,52.7069764676123],[-7.95925110890796,52.7069826642748],[-7.95923518535321,52.7069841418048],[-7.9591755989725,52.7069804901933],[-7.9590916677044,52.7069483025635],[-7.95906203335545,52.706926991015],[-7.9590620950645,52.7068926752373],[-7.95900846469727,52.7068654773019],[-7.95894830290379,52.7068602165432],[-7.95887755285267,52.7068792553617],[-7.95883224657404,52.7069067156483],[-7.95878135768889,52.7069539922944],[-7.95875056118486,52.7069726494513],[-7.95872750395712,52.7069754366645],[-7.95863636007307,52.7069658238042],[-7.95851574759897,52.7069320680585],[-7.95844218979889,52.7069000723434],[-7.95834724323016,52.7068903950125],[-7.95829864507621,52.7069091266887],[-7.95824870446486,52.706954506993],[-7.95815841165434,52.7069525607429],[-7.95808195014144,52.7069706713174],[-7.95800274656605,52.7069625901334],[-7.95770819642356,52.7069981494253],[-7.95763084370019,52.7070194500951],[-7.95743578275768,52.7070795632065],[-7.95701538301039,52.7072603199787],[-7.95679077317258,52.7073313775597],[-7.95659963081226,52.7073768404461],[-7.9563936479692,52.707464810327],[-7.9562426687453,52.7074924194586],[-7.95612947491868,52.7075131037264],[-7.95610456574533,52.7075176603601],[-7.95606230716941,52.7075286279205],[-7.9559864775116,52.7075198815362],[-7.95570835678354,52.7074877990323],[-7.95528856662066,52.7074811881719],[-7.9551460236842,52.7075498198561],[-7.95510207887338,52.7076030834855],[-7.95506705111768,52.7076044723293],[-7.95491076108402,52.7075861855437],[-7.954609526156,52.7074975128508],[-7.95443686454517,52.7074706447169],[-7.95426744255896,52.7075157796352],[-7.95418945766601,52.7075589184076],[-7.95407070102796,52.7076760746602],[-7.95379287093396,52.7077334712906],[-7.95351508283026,52.7077785179142],[-7.95330170646598,52.707784527867],[-7.95314924104608,52.7078152692498],[-7.95299778830639,52.7079775487226],[-7.95297275100361,52.7080043856458],[-7.95288460151687,52.7080578016799],[-7.95279308306816,52.7080927012379],[-7.952755698274,52.7081523210484],[-7.95253889189792,52.7081809597875],[-7.95239326296914,52.7081829057095],[-7.95204455531627,52.7081229866879],[-7.95193952881224,52.7081414232827],[-7.95160494658873,52.7082755843621],[-7.95145823311699,52.7083344130949],[-7.95128540909883,52.7083857080516],[-7.9512088282174,52.7084529689506],[-7.95117529253737,52.7084824174732],[-7.95114968155078,52.7085049126189],[-7.95105139805894,52.7085398080432],[-7.95094300771309,52.7085479512236],[-7.95082111037597,52.7085396318645],[-7.95070932890681,52.7085498316533],[-7.95058189643889,52.7085945113752],[-7.95055255495744,52.7086047992729],[-7.95051613715991,52.70861756487],[-7.95024848924448,52.7086646662953],[-7.95004185526412,52.7086843258258],[-7.95000230762452,52.7085351010812],[-7.94997237248355,52.7084691891942],[-7.94991972313536,52.7084026655186],[-7.94989548942029,52.7083720425031],[-7.95008748320643,52.7082776696628],[-7.95016407615802,52.7082400246129],[-7.95020590667602,52.7082040097056],[-7.95022854014502,52.7081845334463],[-7.95034736140077,52.7080468077792],[-7.95051033223152,52.7078494657219],[-7.95085299175811,52.7073881695421],[-7.95096540195787,52.7072368329013],[-7.95095199050856,52.7071751074522],[-7.95096449858981,52.7071186596315],[-7.95097081949389,52.7071033828168],[-7.95098867469183,52.7070686789319],[-7.95100993181162,52.707008882235],[-7.95125098558306,52.7063304940178],[-7.95134617048401,52.7061233799836],[-7.9513530382596,52.7061084179469],[-7.95153340479148,52.7056786454459],[-7.95176329058277,52.7051439410637],[-7.95181608334008,52.7050120740522],[-7.95183656403345,52.704997009661],[-7.9518837829101,52.7049144749486],[-7.95196896468244,52.7047427057273],[-7.95204505527502,52.7045892770733],[-7.95217583044222,52.7043036943304],[-7.95215798724417,52.7043022580556],[-7.95115032168579,52.7042213425401],[-7.95081007053497,52.7041973839281],[-7.95044713491544,52.7041879303256],[-7.95024602803352,52.7041802333544],[-7.95014582197238,52.704170214691],[-7.95008059115492,52.7041636889918],[-7.94990266693456,52.7041593087445],[-7.94982748838684,52.7041695770945],[-7.94974419999255,52.7041809474719],[-7.94947890735899,52.7042229430599],[-7.94936859568034,52.7042381484788],[-7.94927175394702,52.7042489734618],[-7.94919576916268,52.704252455199],[-7.94904817739854,52.704248401239],[-7.94852663598035,52.7042646238401],[-7.94831614329003,52.7042734482754],[-7.94817080833148,52.7042753801507],[-7.94815355499087,52.7042757590876],[-7.94757009309118,52.7042884990348],[-7.94695113638525,52.7042990002235],[-7.94659235404209,52.7043054093179],[-7.94653796559321,52.7044715981054],[-7.94651354202287,52.7045757748648],[-7.94648425434856,52.7047007474295],[-7.94643652665841,52.7048885910232],[-7.94637177997343,52.7049695337714],[-7.94634839970805,52.7049946353942],[-7.94585853775693,52.7055414434144],[-7.94576546122443,52.7055438006477],[-7.94529665255864,52.7055262656025],[-7.94506855339161,52.7055516768023],[-7.94472052347337,52.705635704733],[-7.94454818129357,52.7056826040217],[-7.94436517507543,52.7057022467391],[-7.9443412724515,52.7057296396331],[-7.9436677000997,52.7057806784089],[-7.94353996619265,52.7057958970876],[-7.94336053195845,52.7055131420054],[-7.94328518918435,52.7055215546195],[-7.94325442163017,52.7055249822653],[-7.94222800471393,52.7056395227605],[-7.94185654597443,52.7056892420227],[-7.94155672116074,52.7057265382187],[-7.94107665111855,52.7057862589157],[-7.94105710087481,52.7057886309927],[-7.940234582576,52.7058885601941],[-7.93943501059763,52.7059887920124],[-7.93938440032744,52.7059914984727],[-7.93932488092819,52.7060057318301],[-7.93931194789942,52.7059845766797],[-7.93922731496923,52.7057983130025],[-7.93916103886075,52.7056171548196],[-7.93911112816468,52.705510892199],[-7.93903197711329,52.7053845894781],[-7.93890765011874,52.7052061785391],[-7.93883886203732,52.7051299436392],[-7.93879289553904,52.7051350969519],[-7.93838871252196,52.705180402361],[-7.93783158535204,52.7052582344107],[-7.93750000449506,52.7052860214603],[-7.93718106418254,52.7053314036052],[-7.93690904872142,52.7053841619736],[-7.93688921516231,52.7053880072288],[-7.93685820248497,52.7053969516566],[-7.93687434104557,52.7054516875864],[-7.93695280129585,52.7057039927774],[-7.93699221543409,52.7058002202284],[-7.93706931751016,52.7059277905099],[-7.93714137278815,52.7060357284866],[-7.93714732326285,52.706044647639],[-7.93718537670004,52.7061100188342],[-7.93716825410378,52.7061115197295],[-7.9368247954846,52.7061416983634],[-7.93642594879193,52.7061829823279],[-7.93637239966112,52.7061915909779],[-7.93618912177,52.7062210447059],[-7.93615260825034,52.7062269121255],[-7.93589177838924,52.7062758273546],[-7.9355482394284,52.7063490183409],[-7.93528954633555,52.7064029666305],[-7.93497696750833,52.7064621697034],[-7.934647109042,52.7065183065431],[-7.93460840397815,52.7065248913111],[-7.93448419245021,52.7065460341905],[-7.93409387347771,52.7066099465543],[-7.93378489509048,52.7066933529006],[-7.93369408972584,52.7067084647453],[-7.9336556478586,52.7066681414967],[-7.93327641848007,52.7062704567647],[-7.93306142680117,52.7060489276282],[-7.93265722892354,52.7056908184818],[-7.93264240710999,52.7056780202782],[-7.93256722616624,52.7057047165548],[-7.93212472492276,52.7058337190939],[-7.93150637268742,52.7060182895921],[-7.93071830655914,52.7062579255576],[-7.93017065731267,52.7064157913644],[-7.92915709944894,52.706724598622],[-7.92824358422131,52.7069999419074],[-7.92820562446454,52.7070113874902],[-7.92813247342467,52.7070334354348],[-7.92811240183764,52.7070371262826],[-7.92825061274392,52.7075414491516],[-7.92843600579107,52.7081704624543],[-7.92857336551883,52.7086205243959],[-7.92876674053338,52.7092880550096],[-7.92894449983218,52.7098701009853],[-7.928968060533,52.7098692252997],[-7.92898815138567,52.7098635390072],[-7.92926353031256,52.7097855718235],[-7.92991737893049,52.7096063998829],[-7.93080417848803,52.7093523834685],[-7.93143271041963,52.7091818796819],[-7.93179614772708,52.7090738660183],[-7.93192367177098,52.7090406301542],[-7.93196269580581,52.7090304602769],[-7.93200139412147,52.7090203800789],[-7.93232361728798,52.7089304337914],[-7.93308153272976,52.7087113435414],[-7.9341185312335,52.7084143439376],[-7.93455808846437,52.7082884421975],[-7.93468985876995,52.7082428653145],[-7.93473061867429,52.7082287677699],[-7.93500034699765,52.7081354867332],[-7.93505407989179,52.7081045618544],[-7.93507712516365,52.7080913083367],[-7.93525517766589,52.7079888357954],[-7.93555366620506,52.7079687486667],[-7.9355659370554,52.7078559392331],[-7.93557907869789,52.7078250190144],[-7.93572455638034,52.7077545070059],[-7.93603672700794,52.7076562493325],[-7.93623842064715,52.7076056751997],[-7.93644358902497,52.707587216349],[-7.93686190577048,52.7076189334286],[-7.93707869177151,52.7076199564417],[-7.93740072953734,52.7075726707868],[-7.93782197522431,52.7074909767163],[-7.93822065026705,52.7074320537152],[-7.93866735780877,52.7079006540088],[-7.93884699211662,52.708089106172],[-7.93889804989355,52.7080750125052],[-7.93942607918319,52.7079292929935],[-7.93973389917198,52.708309287402],[-7.93997793037045,52.7082250777352],[-7.94003161536441,52.7082050169464],[-7.94005413894293,52.7082582366906],[-7.94007663309101,52.708311375524],[-7.9401517480485,52.708451804421],[-7.94017616162946,52.7084974393082],[-7.940308109975,52.7087079484319],[-7.94046149995772,52.7088874958767],[-7.94056121243526,52.7089948164492],[-7.94077329378328,52.7092295695828],[-7.94089125251985,52.7093928756002],[-7.94091774683072,52.7094437962472],[-7.94099489126362,52.7095751478186],[-7.94104064136645,52.7096789088673],[-7.94104663732875,52.7097538529214],[-7.94103543169303,52.7097781596069],[-7.94102536895947,52.7097999232853],[-7.94094707723773,52.7098493716728],[-7.94086609463668,52.7098421409984],[-7.94074408489925,52.709882768292],[-7.94063453377494,52.7099136318557],[-7.9406303116263,52.7099060888977],[-7.94053832085807,52.7099409248251],[-7.94048391808122,52.7099541906288],[-7.94041940447322,52.7099699319867],[-7.94036480938102,52.710004804539],[-7.94023506414703,52.7100958584962],[-7.94005690567038,52.7102131235113],[-7.93998058559432,52.7103342327386],[-7.93991829527412,52.7104330860092],[-7.93986936318173,52.7104923543455],[-7.94007111645027,52.7105773830961],[-7.94012517714965,52.7106092635031],[-7.94015717591224,52.7106281362582],[-7.94019622976995,52.710649906665],[-7.94024890300038,52.710679269705],[-7.94026093815457,52.7106873828493],[-7.94043465734359,52.7107664828173],[-7.94049729674856,52.7108021332901],[-7.94101776485259,52.7110492548075],[-7.94105737288931,52.7110667110158],[-7.94110515726897,52.7110897437659],[-7.94114778019063,52.7111103022644],[-7.94121385912655,52.7111421611723],[-7.94124151683569,52.7111543444882],[-7.94155766182521,52.711302459422],[-7.9417787932236,52.7114214780262],[-7.94222119652292,52.7116455109214],[-7.94242157837782,52.711745562742],[-7.9428459909953,52.7119479866508],[-7.94286305355476,52.7119600566247],[-7.94334213705372,52.712186808339],[-7.94390854889458,52.7124427921196],[-7.94439518268715,52.7126526728587],[-7.94459664631982,52.7127591747976],[-7.94467400394283,52.7128055434921],[-7.94501432924968,52.7130094572667],[-7.94548102489966,52.7133141465191],[-7.94580449494092,52.7134871049524],[-7.94605841021716,52.7136225693557],[-7.94637155187542,52.713797678627],[-7.94653909028925,52.7139397808993],[-7.9468329266014,52.7142451596805],[-7.94709841203346,52.7144876637843],[-7.94715420068971,52.7145430540493],[-7.94744804691121,52.7148348146284],[-7.94762663491913,52.7150377682304],[-7.94773562394553,52.7151990140701],[-7.94783834225645,52.7154190737769],[-7.94787845084781,52.7156057967773],[-7.94789870587833,52.7158724043549],[-7.94793881514189,52.7160591273207],[-7.94803438305965,52.7162582239372],[-7.94817099996083,52.7164151492858],[-7.94830026208193,52.7165343131622],[-7.94849966099541,52.7167080548474],[-7.94872607547716,52.7169429344767],[-7.94894168523202,52.7171798852135],[-7.94914720130806,52.7173928155957],[-7.94934333428767,52.7175556431448],[-7.94967630502346,52.7178220239845],[-7.9498427503672,52.7180236927093],[-7.95005156304592,52.7182475251875],[-7.950236454206,52.718436303502],[-7.95025369266519,52.7184539000194],[-7.95020418712762,52.718475243437],[-7.94999142975984,52.7185669651194],[-7.94996397717772,52.7185762559969],[-7.94967001507415,52.7186959670249],[-7.94949924747296,52.7187621081486],[-7.94935020408867,52.7188189019219],[-7.94917265885626,52.7188701916994],[-7.94897315617019,52.7189395284179],[-7.94881560474261,52.7189927496678],[-7.94862548707753,52.7190856650622],[-7.94841795177366,52.7191870930867],[-7.94828327988482,52.719242291923],[-7.94824407653786,52.7192619043512],[-7.94813948201796,52.7193165229465],[-7.94806494821026,52.7193723140544],[-7.94797838528802,52.7194488528546],[-7.94782944788468,52.7196613148425],[-7.94774214663805,52.7198717815399],[-7.94762233398315,52.7201732360895],[-7.94758560996488,52.7202598270682],[-7.94757247961384,52.7203223229757],[-7.94756708269626,52.720416198986],[-7.9475716443581,52.7205127757613],[-7.94756212496203,52.7206005202125],[-7.94753734730886,52.7207228971964],[-7.94752875767496,52.7207758589638],[-7.94753196063096,52.7208698106731],[-7.9475431444099,52.7209864603035],[-7.94754812008402,52.7211204358136],[-7.94758089477182,52.7211555659439],[-7.94757941304192,52.721317311136],[-7.94756491045133,52.7215363303091],[-7.94755408458188,52.7217258079469],[-7.94754695681792,52.721830962954],[-7.94753983345884,52.7218830715125],[-7.94753316021838,52.7219177977159],[-7.94751416126824,52.7219854410561],[-7.94746214503762,52.7221084171129],[-7.94739746233598,52.7222764886893],[-7.94725453535321,52.7226377288276],[-7.94717511334895,52.722874353224],[-7.94711403939297,52.7230676821604],[-7.94709817531439,52.7231249278478],[-7.94706879735553,52.7232055180002],[-7.94703094355206,52.7232808015128],[-7.94699363091597,52.7233369590574],[-7.94699560404667,52.7233700263296],[-7.94701105432714,52.7234345302208],[-7.94696783122939,52.7236036896571],[-7.94691426673801,52.7237309969034],[-7.94688967681152,52.7237933707262],[-7.94686436462043,52.7238287805984],[-7.94683962549769,52.7238433118913],[-7.94654723125092,52.7239038935497],[-7.94624796663769,52.7239531017129],[-7.94599458586739,52.7240069947306],[-7.9458143374745,52.7240453266829],[-7.9455738577107,52.7240925107534],[-7.94537210583094,52.7241374652132],[-7.94529145111415,52.7241540555995],[-7.94525233519593,52.7241701887567],[-7.94508694220503,52.7242485584471],[-7.94480364063269,52.7243961965518],[-7.94458283536608,52.7245105271762],[-7.94437676337631,52.7246093602184],[-7.94423473425844,52.7246705638463],[-7.94400715900986,52.7247170048098],[-7.94393454546728,52.7247301467251],[-7.94361995539281,52.7247870705756],[-7.94346753631097,52.7248109866487],[-7.94337318142659,52.7248313351159],[-7.94320194074796,52.7248825919545],[-7.94291606297685,52.7249771329418],[-7.94264759544022,52.7250698930729],[-7.94228044210375,52.7251874111327],[-7.94211065847572,52.7252430801473],[-7.94201053478396,52.7252810589175],[-7.9419423317985,52.7253049153117],[-7.94174648297624,52.7254011512814],[-7.94170556801796,52.7254212999608],[-7.94153022705096,52.7255022932326],[-7.94136230675643,52.7255798655344],[-7.94124695790454,52.7256328458743],[-7.94105677432106,52.7257193316665],[-7.94103030961128,52.7257378155491],[-7.9410010453684,52.7257684316589],[-7.94098967903731,52.7257880824778],[-7.94098428519461,52.7258138749837],[-7.94098883009634,52.7258796055454],[-7.94099200716549,52.7260154947446],[-7.94099244980389,52.7260604612817],[-7.94092294902583,52.7261669688984],[-7.94078764916333,52.7263240992755],[-7.94066857595214,52.7264250274741],[-7.94057065305001,52.726474681366],[-7.9404215594189,52.7265296662519],[-7.94033396219978,52.7265736987279],[-7.94014411302663,52.7266819428449],[-7.94002883468446,52.7267666581941],[-7.93998967067652,52.7267931346229],[-7.93984879850453,52.7268861416336],[-7.93980803247304,52.726925505794],[-7.93973791456649,52.7269933285993],[-7.93972105217127,52.7270042492788],[-7.9396706066157,52.7270201681083],[-7.93962596891827,52.7270327643613],[-7.93967876479904,52.7270730928316],[-7.93970851669645,52.7270980942365],[-7.93972644062242,52.7271118547869],[-7.93988843660157,52.7272363291126],[-7.93995335312682,52.727290837471],[-7.94005715821217,52.7273582630468],[-7.94008910740666,52.7273790142036],[-7.94015788347518,52.7274262801763],[-7.94019373583777,52.7274509160333],[-7.94019435703575,52.7274513477642],[-7.94025220284854,52.7275345866065],[-7.94021063594459,52.7275531705459],[-7.9400937132747,52.7276262458278],[-7.94006161168023,52.727630130343],[-7.93993053707795,52.7276804230521],[-7.93989672042288,52.7276933844009],[-7.93947116941542,52.7278490715349],[-7.93908910027084,52.7279703379692],[-7.93850350699007,52.7281664566277],[-7.93797666093272,52.7283367540207],[-7.93746073454732,52.7285189367881],[-7.93703616960173,52.7286362554711],[-7.93668944968938,52.7287413008359],[-7.93633406408179,52.7288688191882],[-7.93584643255203,52.7290403954353],[-7.93564125034827,52.7291102907594],[-7.93512151065871,52.7293053588493],[-7.93472259159153,52.7294606839605],[-7.9345761942364,52.7295126789866],[-7.93439168581809,52.7295759415142],[-7.93401616268353,52.7297157102006],[-7.93384310538701,52.7297832654551],[-7.93346267636655,52.7299339319285],[-7.93337233117101,52.7299650691001],[-7.93317256181859,52.7300237193659],[-7.93307077218159,52.7300545262952],[-7.9327735918796,52.7301552200355],[-7.93272242951346,52.7301711265083],[-7.93268106525764,52.7301890068632],[-7.9325151009448,52.7302628377307],[-7.9324394373556,52.7302870169483],[-7.93225599119282,52.7303390329332],[-7.9321917694021,52.7303648633067],[-7.93191366709297,52.7304764590855],[-7.93169651895721,52.7305589147232],[-7.93162248558557,52.7305814495783],[-7.93120557646962,52.7307410666333],[-7.93090459766093,52.7308506784262],[-7.93073696790075,52.7309162369937],[-7.9304169206699,52.7310328199788],[-7.93037228043386,52.7310427613208],[-7.9303112988703,52.731050068589],[-7.93029065396421,52.7310536695777],[-7.93025031199365,52.7310606923444],[-7.93016154713887,52.731100627113],[-7.93009503636959,52.7311305444783],[-7.93005593783913,52.7311469063018],[-7.92997747371184,52.7311799263517],[-7.92993970429678,52.73119835613],[-7.92978118062668,52.7312618515136],[-7.92971090832232,52.7312919911323],[-7.92962038293115,52.7313396809771],[-7.92953942230567,52.731377939179],[-7.92951180707142,52.7313885913631],[-7.92948572276815,52.7313955594273],[-7.92916611531749,52.7314284083598],[-7.92897280252653,52.731451391556],[-7.92868804405083,52.7314771416775],[-7.92861932720982,52.7314879576786],[-7.92851785365076,52.7315025108284],[-7.92850296100843,52.7315012525387],[-7.92843153256708,52.731495232529],[-7.92830959129399,52.7315043714424],[-7.92807187901139,52.7315608420645],[-7.92757645153627,52.7316816699966],[-7.92712685428821,52.7317796409278],[-7.926593112252,52.7318689836828],[-7.92629928432978,52.7319234746264],[-7.92623845172455,52.7319291171379],[-7.92616820581716,52.7319415485826],[-7.92568995544972,52.7320642218326],[-7.92567599620149,52.7320538321048],[-7.92561087279565,52.7320053916382],[-7.92558100583341,52.7319811775761],[-7.92551456527941,52.7320107059354],[-7.92541992733032,52.7320527725731],[-7.92528120277531,52.7321086257131],[-7.92517580950524,52.7321540019003],[-7.92497895127968,52.7322037152381],[-7.9247672248186,52.7322376451207],[-7.92468547605458,52.7322658600631],[-7.92459657542523,52.7323457955475],[-7.92452998942335,52.7323902520997],[-7.92446627912796,52.7324241497081],[-7.92443708348711,52.732431474194],[-7.92438497271315,52.7324445542726],[-7.9241835304047,52.7324725576798],[-7.92387790014706,52.7325240151543],[-7.92376597340646,52.7325702307516],[-7.92364786204283,52.7326137998304],[-7.92353045067744,52.7326887368789],[-7.92345056638059,52.7327335617383],[-7.92344345394777,52.7327451065493],[-7.92342688295466,52.7327720324721],[-7.92342668917643,52.7327981241081],[-7.92345388333228,52.7328263545585],[-7.92349796576464,52.7328748006087],[-7.92365802731159,52.7329905415635],[-7.9237122187172,52.7330329002694],[-7.92378470080062,52.733089561404],[-7.92389618679464,52.7332036709688],[-7.92396610725744,52.7332692013652],[-7.92400318362512,52.7333026959203],[-7.92398318211684,52.7333100351723],[-7.92394120855307,52.733325440419],[-7.92367874867823,52.7334272660565],[-7.92345623048678,52.7335066831968],[-7.92309983321801,52.7336434366279],[-7.92291508448322,52.733714500548],[-7.92277549004867,52.7337718331753],[-7.92261653076642,52.7338360466932],[-7.92250298489603,52.7338908973662],[-7.92240771630742,52.7339423085507],[-7.92222326642563,52.7340521002718],[-7.92195279012986,52.7342106122382],[-7.92174480099782,52.7343088562956],[-7.92147414390067,52.7344342917248],[-7.92113908223947,52.7345968665001],[-7.92090612257278,52.7347127715935],[-7.92065130160276,52.7348395548881],[-7.92050622976546,52.7349170409367],[-7.92014522274656,52.7351098666062],[-7.91995983276259,52.7352339897886],[-7.91984199429932,52.7352842332232],[-7.91975419320237,52.7353216711938],[-7.91941320706992,52.7354859717207],[-7.91925509330062,52.7355593489068],[-7.91893157360329,52.7356850570871],[-7.91878757242568,52.7357410158384],[-7.9182623580882,52.7359781411926],[-7.91824322301535,52.7359881584522],[-7.91798459486841,52.7361235257608],[-7.91774279566383,52.73625397883],[-7.91750856477834,52.7363984667112],[-7.91724068981596,52.7365506242607],[-7.91705494462472,52.7366514820581],[-7.91700683349314,52.7366833013638],[-7.91699540249075,52.7366908431634],[-7.91697979701982,52.7366977079509],[-7.916773724109,52.7367884667016],[-7.91662753856444,52.7368528339218],[-7.91655132638722,52.736882305431],[-7.91640730392575,52.7369379916325],[-7.91627164954992,52.7370003166033],[-7.91618571859741,52.7370398024745],[-7.91611362293972,52.7370843941828],[-7.91583683307882,52.7372167779484],[-7.91564605498759,52.7372828918996],[-7.91542214228844,52.7373612413542],[-7.91531872730809,52.737374945947],[-7.91514844565522,52.7374009699208],[-7.91500453513561,52.7373973076909],[-7.91491723658323,52.737408093441],[-7.91482066335308,52.7374289927909],[-7.91473736598194,52.737430568731],[-7.91465949027353,52.7374387096475],[-7.91466357195208,52.7374490036778],[-7.91469276284425,52.7375225183633],[-7.91460423819538,52.7375391990335],[-7.91427265524141,52.7376017130379],[-7.91411938247282,52.7376448067738],[-7.91397187289418,52.7376862776899],[-7.91355529994536,52.7377812370823],[-7.91310903327001,52.7378845589292],[-7.91282287445211,52.7379630196359],[-7.91266231243495,52.7379991944696],[-7.91255644986714,52.7380434355784],[-7.91239109361243,52.7380997213269],[-7.91206842423322,52.738210509511],[-7.91190323709166,52.73826308272],[-7.91181547933574,52.7382947176654],[-7.91163889412013,52.7383448912618],[-7.9114519248689,52.7384111990279],[-7.9112764282945,52.7384644647182],[-7.91118814129765,52.7385302077058],[-7.91120007395327,52.7385534412526],[-7.9111172019279,52.7386432666988],[-7.9107970892462,52.7388690798725],[-7.91068986636476,52.7389465823296],[-7.91036318570277,52.7391812693745],[-7.91002564853509,52.7394367182022],[-7.90998752619348,52.739460767733],[-7.90995805512287,52.7394617520036],[-7.90985412147552,52.739465214272],[-7.90963731921546,52.7396179326603],[-7.90941224329658,52.739789231207],[-7.90925211882212,52.739916736295],[-7.90922395141663,52.7399387080132],[-7.90898465164069,52.7400977803641],[-7.90877712805614,52.7402364472866],[-7.90870183060719,52.7402905411532],[-7.90863896183579,52.7403426132911],[-7.90853097142237,52.7404365699426],[-7.90841397458408,52.7405386086059],[-7.90836777959709,52.7405767443279],[-7.90813730848358,52.7407314806428],[-7.90801356862558,52.7408139381469],[-7.90783075320095,52.7409253264582],[-7.90768243691315,52.7410111079948],[-7.90751419300212,52.7411010351828],[-7.90729274997494,52.7412207422471],[-7.90717365346188,52.7412840583793],[-7.90711818961624,52.7413135490333],[-7.90694099938132,52.7414100654797],[-7.90689568617022,52.7414294976014],[-7.9068529856447,52.7414459747552],[-7.90678675819258,52.7414670531615],[-7.90675031751797,52.7414786458075],[-7.906489895185,52.7415347946002],[-7.90645218938239,52.7415423685887],[-7.90636289546071,52.7415603097803],[-7.90598836655503,52.7416302086247],[-7.90590618371873,52.7416467619917],[-7.90566150290679,52.741709168006],[-7.90539567950221,52.74177570904],[-7.90513603221043,52.7418415983046],[-7.9050232746296,52.7418683997137],[-7.90499509261747,52.7418751000551],[-7.9047426383407,52.7419356464491],[-7.90472369054158,52.7419386601358],[-7.90476747451765,52.742050773766],[-7.90483749306601,52.7422413723417],[-7.90485487321541,52.7422918260868],[-7.90498248790774,52.7425433005071],[-7.90503719323334,52.7426393165515],[-7.90510286818607,52.7427647136303],[-7.90520120289623,52.7429565479774],[-7.90522593989661,52.742981679789],[-7.90529528126031,52.7430285438787],[-7.90532537165173,52.7430709635726],[-7.90534052782876,52.743116148586],[-7.90533818049044,52.7431400633724],[-7.90532589289502,52.7431653004266],[-7.90530677452961,52.7431784523607],[-7.90524983874189,52.743208911645],[-7.90506900936917,52.7432776589036],[-7.90483010770357,52.7433745991194],[-7.90478888417629,52.7434120633315],[-7.90476876563248,52.7434491040707],[-7.90476189587511,52.7434617534424],[-7.90472441088374,52.7434554588106],[-7.90462450425007,52.7434278307723],[-7.90459282704834,52.7434272840023],[-7.90445710630157,52.7434353087601],[-7.90424539243736,52.7434516397251],[-7.90399697269728,52.7434710324288],[-7.90386474645858,52.7434926938997],[-7.90382126361733,52.7434998219634],[-7.90373144842768,52.7435167810719],[-7.90364606749536,52.7435175206523],[-7.90351134723704,52.7435350273184],[-7.90334920578587,52.743556088654],[-7.903289074886,52.7435639040082],[-7.90317131731509,52.7435788985322],[-7.90262074290372,52.7436383877546],[-7.90255119329009,52.743645898403],[-7.90215717219514,52.7436928501112],[-7.90205214124175,52.7437053643879],[-7.90182054743695,52.7437294850454],[-7.90180460647297,52.7437055282283],[-7.90139781378513,52.7437214497842],[-7.90092240366854,52.7437384001796],[-7.90010624754385,52.7437798057367],[-7.89995342629795,52.743778301798],[-7.89983451497442,52.7437790013612],[-7.89975078245249,52.7437839817932],[-7.8996700448343,52.7438004242029],[-7.89958441018266,52.743821068724],[-7.8995311782165,52.7438230998405],[-7.89940417093491,52.7438279444996],[-7.89931923706407,52.7438336156723],[-7.89899306845236,52.7438302106036],[-7.89892945393452,52.743826129861],[-7.8988770587857,52.7438185264261],[-7.89875877714637,52.7438030832763],[-7.8985919282992,52.7437771186686],[-7.89831992960169,52.7437379594565],[-7.89829215531764,52.7437339630166],[-7.89823013884391,52.7437242299138],[-7.89799710237796,52.7436929228093],[-7.89752267335887,52.74363212454],[-7.89744961214671,52.7436210333094],[-7.89741753729268,52.7436132131116],[-7.89736183439482,52.7436143153695],[-7.89729343822911,52.7436221924351],[-7.89719498289077,52.7436467787827],[-7.89686062804628,52.7437428382376],[-7.89683089578023,52.7437527349632],[-7.89661735644389,52.7438063772514],[-7.89626993723159,52.7438897058501],[-7.89620804805785,52.7439012909726],[-7.89613876714369,52.7439134987399],[-7.89607057501415,52.7439287003734],[-7.89601968739842,52.7439412207845],[-7.89596676165774,52.7439575682086],[-7.89595121443192,52.7439623720573],[-7.89580586539542,52.7440008023292],[-7.89575402920598,52.7440073538633],[-7.89573753867555,52.7440040318422],[-7.89571756943241,52.7440000146963],[-7.89564171052134,52.7439696679271],[-7.89562507653686,52.7439582117634],[-7.89561316090378,52.7439245058429],[-7.89559059902878,52.7439084786316],[-7.89555347178718,52.7438892209425],[-7.89550177920648,52.743866732762],[-7.89543653247722,52.7438454998976],[-7.89525036364086,52.743786438282],[-7.89519293013141,52.7437556581021],[-7.89512858912851,52.7437150840225],[-7.89500580691363,52.7436503168366],[-7.89497454191955,52.7436261388142],[-7.89484603268593,52.7435412695655],[-7.89469416613608,52.7434574669716],[-7.89459466803785,52.743441146545],[-7.89455012252016,52.7434338897112],[-7.89451011577702,52.7433869645408],[-7.89447163105418,52.7433292193428],[-7.89447167462748,52.7433111807724],[-7.89445985595728,52.7432868221793],[-7.89443614064743,52.7432642595552],[-7.89442727091912,52.7432453052792],[-7.89443332732636,52.7431966145132],[-7.89443792669601,52.7431380088541],[-7.89444709273789,52.7430343152272],[-7.89443683140192,52.7429783926957],[-7.89442658316732,52.7429170594902],[-7.89439874820633,52.7427547231684],[-7.89439593058627,52.742688893661],[-7.89440046021516,52.7426591389288],[-7.89440519051521,52.7426198842193],[-7.89441996617028,52.7425665365174],[-7.89451516790544,52.7421594357286],[-7.8945307649152,52.7420970020239],[-7.89454238422123,52.7420504552973],[-7.89455779537407,52.7420097720175],[-7.89458520748448,52.7419484543121],[-7.89459385187709,52.7418949932793],[-7.89460319462553,52.7417484816611],[-7.89458289189225,52.7416315047325],[-7.89457232952384,52.7415960652414],[-7.89455219971252,52.7415547661538],[-7.89455012495718,52.7415062838474],[-7.89454525756883,52.7414797294116],[-7.89452053414244,52.7414150668116],[-7.89449238329739,52.7413776523185],[-7.89436567594337,52.7412366549923],[-7.89430243958653,52.7411575774784],[-7.8942758564482,52.7411089205281],[-7.89427927677114,52.7410724418916],[-7.89429299736546,52.7409225008199],[-7.89426981515785,52.7408515570271],[-7.89423328011906,52.7407725032691],[-7.89419667162423,52.7407238373579],[-7.89412680178301,52.7406325842752],[-7.89405019929214,52.74055753922],[-7.8940235509828,52.7405360164732],[-7.8939734067059,52.7404999124005],[-7.89394716774691,52.7404867037647],[-7.89385230099399,52.7404078134232],[-7.89376671628763,52.740330342411],[-7.893759835965,52.7403035973896],[-7.89375070596347,52.7402458872031],[-7.89374851785044,52.7401896033146],[-7.89403251797435,52.739708593842],[-7.89404421889678,52.739664986246],[-7.89404897002467,52.7396171391622],[-7.8940536972344,52.739579151731],[-7.89408168171279,52.7395074087188],[-7.89410749618374,52.739451131857],[-7.89414090816238,52.7394067526996],[-7.89419095435595,52.7393483673216],[-7.89419935696026,52.7393213573303],[-7.89420532235614,52.7393040160946],[-7.89420788066882,52.7392504417831],[-7.8942154548141,52.7390824026426],[-7.8941896935317,52.7389884476059],[-7.89422320334754,52.7389524092376],[-7.8943919700779,52.7387827341244],[-7.89441706337708,52.7387487913639],[-7.89445140472644,52.7386748788526],[-7.89447379787865,52.7386307144864],[-7.89448571763564,52.738612695455],[-7.89451235254466,52.738584173721],[-7.8945551399788,52.7385631352485],[-7.89462058888795,52.7385277902564],[-7.89468820616231,52.7384774733879],[-7.89469816456594,52.7384621669253],[-7.89470388937589,52.7384093413988],[-7.8947181516564,52.7383040433666],[-7.89469811827043,52.7382540261466],[-7.89461921063741,52.7381045779175],[-7.89459159703202,52.7380478759664],[-7.89455256841454,52.7380087800568],[-7.89449842826969,52.7379666058348],[-7.89444301102738,52.7379259673745],[-7.89434300000611,52.7378575616384],[-7.89431430734386,52.7378308870842],[-7.89429421221172,52.7378005531403],[-7.89424907740927,52.7377210153246],[-7.89425077658955,52.7376858473603],[-7.89424489799393,52.7374532813483],[-7.89425146474141,52.7374014991765],[-7.89426283043969,52.7373614504344],[-7.89432446944813,52.7371680327729],[-7.89435447293778,52.7370688335647],[-7.89434983060342,52.7370290671518],[-7.89432629038382,52.7369538987108],[-7.89429435879307,52.7369319578623],[-7.89429338554872,52.7369119140741],[-7.89429340709416,52.7368968863966],[-7.89430821078961,52.7367516108807],[-7.89431248383216,52.7366685309366],[-7.89431536596978,52.7364931893953],[-7.89432740188464,52.7364085524766],[-7.89434298057941,52.7363345783108],[-7.89440140907357,52.7362066971767],[-7.89440544629165,52.7361782182492],[-7.89436872628416,52.7361588167182],[-7.89437850370511,52.7361508262319]]]},"properties":{"sa_code":"217088001","sa_guid_2022":"4c07d11d-f5ab-851d-e053-ca3ca8c0ca7f","ed_code":"217088","ed_name":"INCH","census_vintage":2022,"population_total":407,"population_65_plus":94,"households_no_car":11,"households_car_availability_total":148,"no_car_household_share":0.074324,"older_no_car_population_estimate":7.0,"older_no_car_estimate_method":"ecological proxy: population_65_plus × no-car-household share; not an observed age-by-car cross-tabulation","urban_rural_category":"4. Rural areas with high urban influence","legacy_administrative_area":"NORTH TIPPERARY","county":"Tipperary","pobal_ed_index_relative_weighted":-4.21,"pobal_ed_category":"Marginally Below Average","pobal_geography_level":"Electoral Division (not Small Area)","cso_gp_person_median_distance_km_2026":8.9,"cso_gp_dwelling_median_distance_km_2026":8.9,"cso_health_distance_measure":"published median distance to nearest GP; not transit journey time","screening_exposure_person_km":62.2}},{"type":"Feature","geometry":{"type":"Polygon","coordinates":[[[-8.08886914545337,52.6828517780606],[-8.08888054280831,52.6828418917719],[-8.08896848836473,52.6827656440376],[-8.08910539752667,52.6827021402916],[-8.08926885547523,52.6826470291079],[-8.08932215762,52.6826259481937],[-8.08921556911318,52.6825162048374],[-8.08920426116494,52.6825045649785],[-8.08921992457641,52.6824908106327],[-8.08925978278924,52.6824695780805],[-8.08936461148311,52.6824054780147],[-8.08944823329563,52.6823564396687],[-8.08948385221066,52.6823306353783],[-8.08944813750152,52.6823095496636],[-8.08940100657354,52.682281722606],[-8.08937007464901,52.6822634734492],[-8.08932789504174,52.6822195991583],[-8.08926518703501,52.6821534232588],[-8.08922729152981,52.6820853411847],[-8.08921851459036,52.6820311145648],[-8.0892367190942,52.6819798696078],[-8.08921925604195,52.6819450005591],[-8.08914870753173,52.6818411081131],[-8.08911284487583,52.6817688540662],[-8.08907774246776,52.6816704175674],[-8.08902257258492,52.6815579300021],[-8.08895351660198,52.6814602110276],[-8.08896889442372,52.6814516160044],[-8.08899433888451,52.6814407484615],[-8.08894045990968,52.6814102029369],[-8.08887955201394,52.6813557008088],[-8.08878987346849,52.6812542761887],[-8.08875478550729,52.681228066666],[-8.08874461037585,52.6812059819258],[-8.08865247076394,52.681130444311],[-8.0885980714948,52.6810909560174],[-8.08848674951578,52.6810072086417],[-8.08833259243646,52.6808978594787],[-8.08815848626823,52.6807665314589],[-8.08809124749254,52.6807104427628],[-8.088010377133,52.6806339705104],[-8.08799756774161,52.6806180533875],[-8.08795790382171,52.6805882338708],[-8.08783517482495,52.6804933762564],[-8.0877765578421,52.6804295154092],[-8.08770812959259,52.6803328198525],[-8.08756002236941,52.6801110530054],[-8.08743291290804,52.6799098618563],[-8.08739896984882,52.6798413538249],[-8.08735024167864,52.6797225331871],[-8.08733927082886,52.6796197911081],[-8.08731684515437,52.6795052473071],[-8.08728320818267,52.6793823170161],[-8.08726022636236,52.6793373402912],[-8.08718399673772,52.6792129133637],[-8.08716125993042,52.6791720619044],[-8.08707708540237,52.6789785683978],[-8.08697773773664,52.6787471658228],[-8.08691018756817,52.6786063652917],[-8.08682535005545,52.6784204668879],[-8.08679648547425,52.6783615001448],[-8.08672713381628,52.6781990308841],[-8.08662760746755,52.6780175022257],[-8.08661405732355,52.6779927773016],[-8.08660290037444,52.6779742972495],[-8.08656701133166,52.6779148861807],[-8.08653712971722,52.6778647372868],[-8.08644202838347,52.6777066727589],[-8.08632314182639,52.6775298406666],[-8.08629012414164,52.6774788581121],[-8.08616393524859,52.677272712488],[-8.08613017130355,52.6772180363833],[-8.08596988040198,52.6769648184759],[-8.08583806994583,52.6767710260042],[-8.08581053625478,52.6767410261954],[-8.08579923332364,52.676723175326],[-8.08577071244227,52.6767025146995],[-8.08571815303558,52.6766620710034],[-8.08567750682616,52.67661883241],[-8.0856179937844,52.6765840111619],[-8.08555216044094,52.6765535715759],[-8.08551166285753,52.6765257291718],[-8.08545602884282,52.6764780612665],[-8.08543037413657,52.6764483476278],[-8.08540306642195,52.6764050723613],[-8.08537245273331,52.6763346918187],[-8.08533754051985,52.6762514166567],[-8.08532459953589,52.6762275180309],[-8.08530107596619,52.6761910079403],[-8.08526657044775,52.6761418057741],[-8.08525150038034,52.6761256023549],[-8.08522036159594,52.6761119091367],[-8.08516430924649,52.6760768065437],[-8.08507435109519,52.6760193572598],[-8.08500308399802,52.6759694983095],[-8.08494366743679,52.6759150739348],[-8.08490908209071,52.6758853935438],[-8.08483466910066,52.6758219919062],[-8.08476245520437,52.6757563236857],[-8.08469043214752,52.6757051168938],[-8.08462969866668,52.67566515491],[-8.08457462972345,52.6756333768747],[-8.08451002272852,52.6756013179999],[-8.08449149213892,52.6755923432607],[-8.08447177822076,52.6755831716271],[-8.08445829519026,52.6755768896703],[-8.08441801238174,52.6755599131657],[-8.08439628747199,52.6755507429515],[-8.08434688856139,52.6755299260707],[-8.08430359626468,52.675516564824],[-8.0841998181717,52.6754840303063],[-8.08417476074852,52.6754796709713],[-8.08413469060566,52.6754732280955],[-8.08408207831199,52.6754961038051],[-8.08401251946092,52.6755263346576],[-8.0837601800286,52.6754488214014],[-8.08374426290795,52.6754454711547],[-8.08343208966325,52.6753797916449],[-8.08300386139902,52.6752705381656],[-8.08283986286858,52.6752405432594],[-8.08251354813893,52.6751941054229],[-8.08235107835667,52.6751668141489],[-8.08196958840781,52.6751088726065],[-8.08169537741461,52.6750667286671],[-8.08145552335601,52.6750361639318],[-8.08101328302094,52.6749974772779],[-8.08082711050716,52.6749775252908],[-8.08067518896838,52.6749601292468],[-8.08058722133587,52.6749433546545],[-8.08049466642196,52.6749166514277],[-8.08039013598069,52.6748827658911],[-8.0801932765101,52.6748402604016],[-8.08012908279688,52.6748215639377],[-8.08000352621112,52.6747714959856],[-8.07978407696188,52.6747064902457],[-8.07961085100465,52.6746494073996],[-8.0792087462002,52.6744875790963],[-8.0789470701687,52.6743739302625],[-8.07866569081413,52.6742305438104],[-8.07849808599818,52.6741481185708],[-8.07834243564255,52.6740692623973],[-8.07833133243297,52.674061782772],[-8.07815046905329,52.6739399266707],[-8.07799914628294,52.6738492929747],[-8.0778120106318,52.6737497755392],[-8.0777074850496,52.6737158876283],[-8.07759512603417,52.6736503941281],[-8.07751143778527,52.6736182270762],[-8.07727395974872,52.6735370142023],[-8.07694515011648,52.6734064983424],[-8.07663738505957,52.6732939618436],[-8.0765192106765,52.6732497994894],[-8.07644613413116,52.6732224873149],[-8.07629832646816,52.6731770405946],[-8.07617700432609,52.6731079653212],[-8.07612018208267,52.6730829074621],[-8.07604104628234,52.6730570459885],[-8.0758577012528,52.6730244113661],[-8.07574278908274,52.6729932876674],[-8.07568160465051,52.6729763844578],[-8.07561204155492,52.6729623716943],[-8.07551909362588,52.6729436551159],[-8.07542652812797,52.6729151413531],[-8.07536068948528,52.6728828895164],[-8.07531479502209,52.6728579142019],[-8.07527843920915,52.6728338765473],[-8.07521681499153,52.6727931193505],[-8.07512670394955,52.6727211919839],[-8.07502441375837,52.6726258137002],[-8.07496127098711,52.6725700384611],[-8.0749267813536,52.672547590385],[-8.07485077387593,52.6725343721873],[-8.07478811338853,52.6725183772308],[-8.07476148196056,52.6724998878354],[-8.07475060141067,52.672492326841],[-8.07473574851213,52.6724530678396],[-8.07469528932346,52.6723461097353],[-8.07466359633523,52.6723073736481],[-8.0746937754069,52.6722213489085],[-8.07469753425439,52.6721625653238],[-8.07469361651145,52.6720848219938],[-8.07467819192222,52.6720396852211],[-8.07465242513845,52.6719991208405],[-8.07462374008011,52.6719639870155],[-8.07455053252141,52.6719011803197],[-8.07453356333812,52.6718866305057],[-8.07447512986328,52.6718516321895],[-8.07446903147949,52.6718390079456],[-8.074433202371,52.6718283168087],[-8.07436875690521,52.6717879204545],[-8.07432655306113,52.671741092721],[-8.0742647867287,52.6716761305507],[-8.0742407558811,52.6716387647024],[-8.07421231615975,52.6715561113071],[-8.07419994784418,52.6714818246181],[-8.07420300585427,52.67142792194],[-8.074203594703,52.671417675303],[-8.07419904413165,52.6713760279696],[-8.07418383198332,52.6713423865885],[-8.07416235118014,52.6713177011305],[-8.07412599587919,52.6712928362245],[-8.07408776791738,52.6712797017587],[-8.07402928812324,52.671269096558],[-8.07400203011366,52.6712641612157],[-8.07392810928725,52.6712505816031],[-8.07389127586521,52.6712401785425],[-8.07387194939506,52.6712303218142],[-8.0738045358308,52.6711562401438],[-8.07377189990066,52.6711097208287],[-8.07376924497998,52.6710959978736],[-8.07376050462117,52.6710508118742],[-8.07375322175377,52.6710018949656],[-8.07373782699188,52.670973673376],[-8.07365317369018,52.6709256044948],[-8.07356063300837,52.6708909954173],[-8.07350574636902,52.6708801899928],[-8.07350438256581,52.6708604532883],[-8.07348974526897,52.6707900776845],[-8.07345219392954,52.670712759602],[-8.07339666948472,52.6706388231206],[-8.07334055452565,52.6705829707451],[-8.07334722258903,52.6705740865186],[-8.07343182293099,52.6704676976305],[-8.07343724138834,52.6704630924401],[-8.07350782178194,52.6703988746836],[-8.07355990348181,52.6703597447639],[-8.07359829192868,52.6703369724167],[-8.07368877115871,52.6703157765288],[-8.07380003656013,52.6702935789565],[-8.07390004767014,52.670261034171],[-8.07408322700579,52.6702208874657],[-8.07413660604587,52.6702061767583],[-8.07422020075458,52.6701709995095],[-8.0742526971306,52.6701527695569],[-8.0744454136794,52.6700352659604],[-8.07447365402564,52.6700183688374],[-8.07453236502338,52.6699832968786],[-8.07455267589261,52.6699723727258],[-8.0745675724845,52.6699684086543],[-8.07463217764473,52.6699564769267],[-8.0746925970617,52.6699523133965],[-8.07472365083074,52.6699380029723],[-8.07474248751633,52.6699123214907],[-8.0747404771864,52.6698865812495],[-8.07472433053786,52.669859762378],[-8.07469561531839,52.6698408338636],[-8.07468750945015,52.6698126617259],[-8.0746845380721,52.669786886137],[-8.07469862760538,52.6697605425439],[-8.07474541899196,52.6697154024891],[-8.07478827410982,52.6696336479606],[-8.07483974193671,52.6695392958493],[-8.07486260575737,52.6694651487364],[-8.07487604949326,52.6694416996511],[-8.07491602620131,52.6693975345304],[-8.07497424136261,52.6693412420936],[-8.07500313708174,52.6692930124064],[-8.07501702932982,52.6692552721673],[-8.07501511048019,52.6692225931663],[-8.07501731001335,52.669203339568],[-8.07501892689647,52.6691891914986],[-8.07502280158401,52.6691552864681],[-8.07503220094518,52.6691444590168],[-8.07506428535986,52.6691280446666],[-8.07509269275361,52.6691142031932],[-8.07516341226189,52.6690734249422],[-8.07518450401416,52.6690612598457],[-8.0752087193776,52.6690428371446],[-8.07531172804967,52.6690017866494],[-8.07532000015528,52.6689803181484],[-8.07530530810622,52.6689654254485],[-8.07527194898969,52.6689454304542],[-8.0752554026981,52.6689355452184],[-8.07524937289233,52.6689197032757],[-8.07524846174084,52.6689056916268],[-8.0752511316714,52.6688849277474],[-8.07527971149698,52.6688080895169],[-8.07526992186943,52.6687724045499],[-8.07526919525938,52.6687195198617],[-8.07530190303717,52.6686875379052],[-8.07532919421591,52.6686008406877],[-8.07531684472734,52.668555315535],[-8.07527650753652,52.6685180770809],[-8.07526501648587,52.6685074695984],[-8.075242138032,52.6684863354559],[-8.07521900982187,52.6684661092512],[-8.07520628561843,52.6684519702775],[-8.07519721582392,52.6684393569371],[-8.07520008326918,52.6684303042429],[-8.07520432647841,52.6684131075846],[-8.07522938303497,52.6683940102465],[-8.07526639468401,52.6683802801117],[-8.07529497121876,52.668370545978],[-8.0753454311808,52.6683621820746],[-8.07538316332465,52.6683461954675],[-8.07539855156058,52.6683275985796],[-8.07540361793107,52.6683162705278],[-8.07540463026997,52.668277387971],[-8.07539865049618,52.6682562341182],[-8.07539073294015,52.6682258958029],[-8.07538345520759,52.668189337412],[-8.07538109515381,52.6681753266838],[-8.07538243507626,52.6681635605924],[-8.0753918099123,52.6681386579814],[-8.075413035542,52.6681100897305],[-8.07544513534893,52.6680602130898],[-8.07544649159851,52.668049354771],[-8.07541997167718,52.6680083416116],[-8.0753587228178,52.6679240824917],[-8.07533304573827,52.6678916522781],[-8.07532917939951,52.6678184388118],[-8.07533053315978,52.6677975229679],[-8.07533139698812,52.6677840135147],[-8.07533294534602,52.6677558981908],[-8.07533345215505,52.6677411126739],[-8.07531720067322,52.6676272725071],[-8.0753182641527,52.6676009011551],[-8.07532704152989,52.6675811040881],[-8.07536456604823,52.6675479416238],[-8.07536741707021,52.6675379901386],[-8.07535300568249,52.6675140913259],[-8.07530591443502,52.6674948690425],[-8.0752744492334,52.6674751155159],[-8.07526462328058,52.6674611364888],[-8.07525313303672,52.6674336226485],[-8.07516409728884,52.667387463049],[-8.07513414795151,52.6673722204799],[-8.07509361337869,52.6673398535564],[-8.07508645271299,52.6673023603197],[-8.07508847748264,52.6672847246575],[-8.07510147754496,52.6672530248705],[-8.07513233477875,52.6672287557957],[-8.07521572768269,52.6671745324635],[-8.07535488279534,52.6670840701258],[-8.07554186739564,52.6669700017263],[-8.07555933028594,52.6669545582654],[-8.07556212905974,52.6669400768751],[-8.07549736212146,52.6668725646272],[-8.07545990202374,52.6668483209853],[-8.07546101855877,52.6668184802415],[-8.07547550869989,52.6667852155568],[-8.07551426651544,52.6667818563366],[-8.07557995550884,52.6666812032222],[-8.07562239026977,52.6666240486692],[-8.07564136553503,52.6665941336113],[-8.07564258312082,52.6665715191215],[-8.07560156788177,52.6665002797376],[-8.07557424340243,52.6664551955685],[-8.07556649583641,52.6664290095859],[-8.07557504696163,52.6663982383386],[-8.0755939894611,52.6663665077396],[-8.07565380310592,52.6662713050294],[-8.07566240471519,52.6662441379158],[-8.07568386864243,52.6661744315495],[-8.07570321807326,52.6660531895497],[-8.07573443951995,52.6660521449766],[-8.07588821481242,52.6659553001858],[-8.07590411684995,52.6659181517396],[-8.07588429552265,52.6658775568138],[-8.07587922732651,52.6658278476338],[-8.07588025397164,52.6657889650472],[-8.07589045442904,52.6657717465666],[-8.07601291774122,52.6656925380619],[-8.07609138422978,52.665664157653],[-8.07615444156752,52.6655906405522],[-8.07618935038411,52.665525383477],[-8.07622620425462,52.6654990070715],[-8.0763136680189,52.6654760045181],[-8.07637133680791,52.6654495247839],[-8.07642004048169,52.6654194735926],[-8.07644328983,52.6653741682497],[-8.07644905967622,52.6653596759303],[-8.07645419102428,52.6652927482398],[-8.07645525301936,52.6652574787834],[-8.07650372950446,52.6652075373383],[-8.07652960703821,52.665135086628],[-8.07656771016753,52.6650879021701],[-8.07663111215054,52.6650433168433],[-8.07668711233733,52.6650014776007],[-8.07671918889853,52.6649488952254],[-8.07675834930335,52.6648472249777],[-8.0768264486846,52.6648682845976],[-8.07691742349338,52.6648924930989],[-8.07700204402895,52.6647582927781],[-8.0770440958033,52.6646704080925],[-8.07706406206049,52.6645997946458],[-8.07710460487558,52.6645450585337],[-8.07713344793614,52.6644700441837],[-8.07716329131472,52.6644174631364],[-8.07720214997992,52.664388703306],[-8.07733664033563,52.6643512526552],[-8.07742542272213,52.6643315290231],[-8.07743200968208,52.664261032105],[-8.07744953797879,52.6642166740292],[-8.0775015063931,52.6641697857931],[-8.07756274496314,52.6641653685948],[-8.07757990454086,52.6640965454968],[-8.07762059534927,52.6640008060048],[-8.07770147646463,52.6639025145376],[-8.07783449227147,52.6637683987056],[-8.07794089149585,52.6636472428991],[-8.07812101463875,52.6634610284596],[-8.07827490658296,52.6633133984341],[-8.07829570851623,52.6632899890155],[-8.07836907578347,52.6632074579504],[-8.0784219870673,52.6631599844607],[-8.07852290060494,52.663056331321],[-8.07862570270235,52.6629509241869],[-8.07865105325886,52.6629170047524],[-8.07864640407757,52.6628634575246],[-8.07866118088715,52.6628272621593],[-8.07873395826997,52.662762788081],[-8.07885512409617,52.6626683428512],[-8.07890688766232,52.6626080620491],[-8.07895355982735,52.6625280110847],[-8.07896538421468,52.6624860833222],[-8.07898120893736,52.6624573921702],[-8.07903529688146,52.6624238849194],[-8.07906368133746,52.6624004343538],[-8.07906311834744,52.6623014322534],[-8.07912310821803,52.6622210128146],[-8.07914947532407,52.6621856365394],[-8.07914588776088,52.6621390632795],[-8.07905186842246,52.6621291134282],[-8.07900097211936,52.6621206627213],[-8.07897577913071,52.6621021732826],[-8.07897615436637,52.6620643157064],[-8.07901169353349,52.6620082070917],[-8.07904827577255,52.6619567535383],[-8.07907044107649,52.6619030446238],[-8.07908274151049,52.6618301799362],[-8.07907692951402,52.6617632414164],[-8.0790596835343,52.6617004449892],[-8.0790378676654,52.6616528053236],[-8.07900771671098,52.6616226977514],[-8.07896029717513,52.6615909389028],[-8.07889581060065,52.661570920698],[-8.07884579351437,52.6615578045821],[-8.07880810273297,52.661535305797],[-8.07879026557151,52.6614969659879],[-8.07880016910972,52.6614555698016],[-8.07883206406037,52.6614117052732],[-8.07888278095725,52.6613456099477],[-8.07891221910287,52.6613248101639],[-8.07893680008931,52.6613074470124],[-8.07900134179862,52.6612680636627],[-8.0790664669623,52.6611424852508],[-8.07913786686952,52.6609883388395],[-8.07917681762258,52.6609147732472],[-8.07923095658688,52.660812516873],[-8.079336930052,52.6606010938374],[-8.07941006603889,52.6604352886861],[-8.07949084144578,52.660268264985],[-8.07953833781797,52.6601800611141],[-8.07957988120089,52.6600779118872],[-8.07964341613198,52.6599738873576],[-8.0797448260295,52.6598399433174],[-8.07983348567495,52.6597503454461],[-8.07991802561088,52.6597038566031],[-8.08013882616413,52.6596111673414],[-8.08033583113623,52.6595285153884],[-8.08055954613767,52.6594381422611],[-8.08077928273076,52.6593390620753],[-8.08097441126857,52.6592581629902],[-8.08108725719171,52.6592125977032],[-8.0810797615474,52.6591958312724],[-8.08104688179992,52.6591127419678],[-8.08101788056536,52.6590407141977],[-8.08101202981079,52.6590261666672],[-8.08096744951134,52.6589303314003],[-8.08092092876027,52.6588321695546],[-8.08087442515547,52.6587351761141],[-8.08081991287477,52.6586155204436],[-8.08076664942519,52.6585156554149],[-8.08073280893212,52.6584319824503],[-8.08068966374237,52.658304103961],[-8.08062518842206,52.658159459416],[-8.08060500873449,52.658109329228],[-8.08057140565824,52.6580258178337],[-8.08050804310961,52.6578910682231],[-8.08045558972805,52.6577807135247],[-8.08038479552259,52.6576392279055],[-8.08033976031391,52.6575356091018],[-8.08029791299996,52.6574292737506],[-8.08025554992789,52.6573075423283],[-8.08021552321037,52.6571781515508],[-8.08018490949467,52.6570554504317],[-8.08016851144224,52.6569227540445],[-8.08017708623334,52.6567945886768],[-8.08018531007863,52.6566442861545],[-8.08019427474072,52.656478838384],[-8.08021094734413,52.6563174299818],[-8.08022405914074,52.6561729303703],[-8.08022585343,52.65614383507],[-8.08023249937207,52.6560360197703],[-8.08023276448598,52.6558659670357],[-8.08022019478622,52.6557332500612],[-8.08019143582397,52.6556058739093],[-8.08013833183423,52.6554530153148],[-8.08012787876663,52.6554025998182],[-8.08012385268914,52.6553832154685],[-8.08011576667084,52.6552935748271],[-8.08009926910021,52.6551544700285],[-8.08009728879705,52.655025197252],[-8.08009753210966,52.6549157145021],[-8.08010680520444,52.6548381599411],[-8.08011195855734,52.654795077068],[-8.08013300932612,52.6546679997567],[-8.08016382429749,52.6545542629861],[-8.08019887286352,52.6544038164263],[-8.0802291991591,52.6542574625805],[-8.08026116291595,52.6540853210957],[-8.0802919516417,52.6539576619145],[-8.08033605987239,52.6538075866556],[-8.08038108095775,52.6536638382967],[-8.08040811187026,52.653526393712],[-8.0804437263193,52.6533711201224],[-8.08046391151229,52.6532725801539],[-8.0804736356792,52.6532239036247],[-8.08058249365891,52.6532119745071],[-8.08069983292482,52.6532069692493],[-8.08084648199512,52.6532112104945],[-8.08098272421216,52.6532142722564],[-8.08109343279847,52.6532121383061],[-8.08122402808193,52.6532065662029],[-8.08136597396514,52.6532010221154],[-8.08150321458726,52.6531925869633],[-8.0816027672083,52.6531838899934],[-8.08163288272487,52.6531812627381],[-8.08174551334686,52.6531716488529],[-8.0818836996832,52.6531632126078],[-8.08203608146905,52.6531507757116],[-8.08218653061214,52.6531481098972],[-8.08233886429721,52.6531494781869],[-8.08251769424733,52.65314915607],[-8.08264449735477,52.6531470274392],[-8.08274855427953,52.653152356607],[-8.08285547908706,52.6531502146645],[-8.08297378681284,52.6531417461044],[-8.08304951539559,52.6531334331038],[-8.08311860938181,52.6531258437469],[-8.08323693891962,52.6531133572803],[-8.08325747580085,52.6531099633728],[-8.08336475513409,52.6530922535349],[-8.08348026217604,52.6530722818207],[-8.08360900434746,52.6530563542377],[-8.08372731278948,52.6530484691435],[-8.0838493643042,52.6530503691968],[-8.08400354687319,52.6530603625024],[-8.0841870780841,52.6530686719858],[-8.08429963869531,52.6530768878812],[-8.08438949928135,52.6530856411392],[-8.08451257178359,52.6530651057763],[-8.08461102691217,52.6530548880923],[-8.08471696527811,52.6530625151123],[-8.08477101144375,52.6530309466201],[-8.08490365707005,52.6529856870485],[-8.08504101118382,52.6529450347848],[-8.08508684363043,52.6529307289699],[-8.08518505149793,52.6528999734439],[-8.08530668104185,52.6528523035701],[-8.08538781593317,52.6528126350959],[-8.08543904091754,52.6527747407896],[-8.08547801285705,52.6527287751018],[-8.08549814061088,52.6526597778064],[-8.08551927589012,52.6525769652482],[-8.08552822929978,52.6524619305658],[-8.0855219561939,52.6523675792336],[-8.08552614936883,52.6522594417665],[-8.08551919479443,52.6520960631998],[-8.08553867843283,52.6519471002526],[-8.08554174017171,52.6519180848269],[-8.0855440471189,52.6518960985502],[-8.08555103593748,52.6518195428357],[-8.08555340629842,52.6518073354405],[-8.08557188435322,52.6516733202262],[-8.08561127384703,52.651516343574],[-8.08564295567173,52.6513932751575],[-8.08565136324607,52.6513622245781],[-8.08567846408278,52.651262168704],[-8.0857139883412,52.6511241594519],[-8.08573434274619,52.65105071288],[-8.08576476569466,52.6509568293242],[-8.08581465284608,52.650772818111],[-8.08582638545902,52.6506738878306],[-8.08588729530397,52.6505796316226],[-8.08588800442996,52.6503909462918],[-8.08594535308725,52.6502368685845],[-8.08594556541043,52.6501793363213],[-8.08611625968965,52.6500760303058],[-8.08608290378415,52.6498872978026],[-8.08601161771206,52.6497238310911],[-8.08599639561603,52.6496407032444],[-8.0859930792612,52.649622558902],[-8.08600850654814,52.6495466531302],[-8.08607337328357,52.6494063754329],[-8.08608577602553,52.6493857839293],[-8.08611906598009,52.6493305105738],[-8.08610806756846,52.6492384456053],[-8.08615748620891,52.6491786934866],[-8.08627911438547,52.6490385002189],[-8.08640849365717,52.6488499997144],[-8.08656833255589,52.6486109103832],[-8.08675434706967,52.6483300075105],[-8.08679510346819,52.6482774248858],[-8.08682699755322,52.6482569178911],[-8.08681968904444,52.6481855675868],[-8.08686934164677,52.6480659909206],[-8.0869190098298,52.6479395024543],[-8.08699140680803,52.6478061484327],[-8.08712878181895,52.6475026039234],[-8.0872201130009,52.6473646699292],[-8.08732987305327,52.6471535779998],[-8.08732165601745,52.6470938139048],[-8.08742081153407,52.6470565305101],[-8.08748282999288,52.646937043308],[-8.08753320806995,52.646923389298],[-8.08759268400519,52.6469072748201],[-8.08760091560743,52.6467301153939],[-8.08754053249306,52.6466840156581],[-8.0875487382954,52.6465160509652],[-8.08765152230081,52.6463505240001],[-8.08765556619831,52.646281493217],[-8.08763318143288,52.6461940296283],[-8.08758818621794,52.6460835195552],[-8.08753979264799,52.6458694612907],[-8.08746829275899,52.6457612087532],[-8.08743681615961,52.6456936152985],[-8.0874232520498,52.6456645042031],[-8.0873777156633,52.6456452225872],[-8.08731625119475,52.645619184731],[-8.08724473008626,52.6455888939376],[-8.08717485550037,52.6455542876521],[-8.08721375333644,52.6455272051665],[-8.08710237393838,52.6454569740005],[-8.08703470972771,52.6453372317172],[-8.08680079352136,52.6451505248878],[-8.08671807652466,52.6450100491487],[-8.08667676992896,52.6449248551934],[-8.08661266883971,52.6448649431415],[-8.08667733127633,52.6447752855427],[-8.08673419612064,52.6447477496558],[-8.08678575904167,52.6447067625943],[-8.08684328026856,52.6447122840239],[-8.08685585580635,52.6446753431311],[-8.08691740433899,52.6445806094625],[-8.08696681661527,52.6445208479738],[-8.08697064820252,52.6445082080388],[-8.08687832850741,52.6444056777775],[-8.08683135822225,52.6443181691164],[-8.08681095491092,52.64420769462],[-8.08677716475402,52.6441795509866],[-8.08672725374636,52.6441738711592],[-8.08681832967502,52.6441561430547],[-8.0869669423062,52.6441148960203],[-8.08711224344399,52.6440729861217],[-8.08716944585651,52.6440671917394],[-8.08721529760713,52.6440750314875],[-8.08727136804988,52.6440870071594],[-8.08731517667172,52.6441002411718],[-8.08734351492735,52.6441136932956],[-8.08739603937022,52.644125788366],[-8.0874184865365,52.6441415637197],[-8.08745184050704,52.6441434445651],[-8.08752271347182,52.6441388443145],[-8.08760757617485,52.6441399140939],[-8.08772689119185,52.6441526876486],[-8.08784047382716,52.6441584726708],[-8.08793820828802,52.6441529264936],[-8.08801501843148,52.6441395312813],[-8.08800407153941,52.6441259944998],[-8.08804380589257,52.644119017263],[-8.08816676779871,52.6440935886774],[-8.08826135189119,52.6440792992562],[-8.08835715299815,52.6440750304689],[-8.08844135327459,52.6440700691989],[-8.08853317531424,52.644049085564],[-8.08864728743851,52.6440098844909],[-8.08873727863045,52.6439678072373],[-8.08884591290348,52.6439089712996],[-8.08896664217788,52.6438469534186],[-8.08906769321057,52.6438014701457],[-8.08913801092856,52.6437712265884],[-8.0891712802263,52.6437461070684],[-8.08919066517468,52.6437236045094],[-8.08922786852436,52.6436930173096],[-8.08947590018539,52.6435474224579],[-8.08958352587588,52.6434949501034],[-8.0896370265805,52.6434931569865],[-8.08973177446954,52.6434803492854],[-8.09011966669254,52.6433745268404],[-8.09010521615714,52.6433316201367],[-8.09013766130304,52.6433085412456],[-8.09015716158016,52.6432921592657],[-8.09017703250056,52.6432763881845],[-8.09019788153577,52.6432404832386],[-8.09022075666175,52.6431982761591],[-8.09023793503959,52.6431665713957],[-8.09031237669251,52.6430805175126],[-8.09050466647298,52.6429277815484],[-8.09052818708306,52.642919323851],[-8.09064671184874,52.6429084027057],[-8.09066683150904,52.6428987611664],[-8.09071276120435,52.6428302913897],[-8.09073211150137,52.6428201830522],[-8.09074787308719,52.6428181037431],[-8.09082567655078,52.642807860732],[-8.09084934473743,52.6427993758935],[-8.09099269151663,52.6427024921188],[-8.09100861858689,52.6426876227247],[-8.09110897443944,52.6425516560421],[-8.09102878675778,52.6424665653578],[-8.09098310130304,52.6424600571797],[-8.09081721648239,52.6424614517368],[-8.09079302525292,52.6424670068822],[-8.0907374718877,52.6424330388422],[-8.09073140420477,52.6424212512323],[-8.09074239160025,52.6424113200672],[-8.09076761178864,52.642396057104],[-8.09089287613926,52.6423225830565],[-8.09092013744186,52.6422869876388],[-8.09103586857412,52.6422337437532],[-8.09110516468055,52.6421901346478],[-8.09108419225297,52.6421731544615],[-8.09115130314272,52.6421019448591],[-8.09121587583561,52.6420536925249],[-8.09134475616084,52.642021658882],[-8.09145478367299,52.641968886357],[-8.09162562023877,52.6418632442457],[-8.09178128109944,52.6417644714858],[-8.09191037906069,52.6416817896713],[-8.0919031089143,52.6416392101606],[-8.0922325967682,52.641559122737],[-8.09230062252889,52.641579921933],[-8.09241538090786,52.6416206470038],[-8.09260333383518,52.6415757310385],[-8.0926488879113,52.6415343686004],[-8.09266044385702,52.64147915526],[-8.09267947056297,52.6414492642636],[-8.09273639184031,52.641403326995],[-8.09275917612458,52.6413826457463],[-8.09284617389091,52.6413896691467],[-8.09294079122238,52.6413805889964],[-8.0930544694785,52.6413370158295],[-8.09326350693535,52.6412443739416],[-8.09332926834992,52.6411523569304],[-8.09334757664056,52.6411392469905],[-8.09352839391104,52.6410684227642],[-8.09360790020315,52.6410547341733],[-8.09374084363787,52.6410594017086],[-8.09382226218173,52.6410072338236],[-8.09400543113546,52.6408899030809],[-8.09427912575826,52.6406689852357],[-8.09435425770153,52.6406072587478],[-8.09439745860405,52.6404966719042],[-8.09453706340728,52.6404530856388],[-8.09457121330858,52.6404278290642],[-8.09461671528472,52.6403979705462],[-8.09468875801706,52.6403566400892],[-8.09477214791784,52.6403153364653],[-8.09490397185408,52.6402611141926],[-8.09500792180579,52.6402168548565],[-8.09506350899245,52.6401844085222],[-8.09510213642769,52.6401460886318],[-8.09511339378381,52.6401251015959],[-8.09509855626338,52.6400281419321],[-8.0952084951719,52.6399661622558],[-8.09542835274852,52.6398536982685],[-8.09563646798188,52.639899252462],[-8.09594776556456,52.6399554634517],[-8.09601522868595,52.6399895452462],[-8.09607983907166,52.6399421260952],[-8.09611290423286,52.6399550869463],[-8.09615781635774,52.6398927636414],[-8.09625326255365,52.6397515115678],[-8.09639344726141,52.6396779116905],[-8.09648763929517,52.639638710247],[-8.09652072087358,52.6396323287859],[-8.09654986786611,52.639583652972],[-8.09660837091096,52.6395477521392],[-8.09663870241863,52.6394734774994],[-8.09662510937789,52.6393996071846],[-8.09664721289894,52.6393931267832],[-8.0967241466119,52.6393871499026],[-8.09677933147793,52.6393742969373],[-8.09680756673782,52.639341162063],[-8.09678055071438,52.6393242327537],[-8.09675957044175,52.6392839836247],[-8.09687734243287,52.639178224409],[-8.0970116396512,52.6390692877682],[-8.09704275355814,52.6390352337027],[-8.09713562323824,52.6389335392192],[-8.09725026338247,52.6387888012119],[-8.09722851634707,52.6387559768844],[-8.09724015403486,52.6387338927922],[-8.09724148181608,52.6386797209905],[-8.09723558006282,52.638656698562],[-8.09717569681018,52.6386623741781],[-8.0971693917647,52.6386440258402],[-8.09710434475231,52.6385662610056],[-8.09709380570676,52.6385573984795],[-8.09713002643216,52.6385412263359],[-8.09699167208915,52.6384248281379],[-8.09694896485783,52.6383872752445],[-8.09694869204591,52.6383708004518],[-8.09695037074915,52.6383014476199],[-8.09698990193649,52.6382390385035],[-8.09700226245326,52.6381763819786],[-8.09706364526208,52.6381075644731],[-8.09708098423444,52.6380647763438],[-8.09709894428137,52.637995562962],[-8.09716705019606,52.6378739533249],[-8.09723369190689,52.6378117825404],[-8.09727885890593,52.6377395178412],[-8.09733331435605,52.6375720984454],[-8.09740773478828,52.6375136332171],[-8.09747919265644,52.6374517729115],[-8.09752651428295,52.6373987137138],[-8.09756726844898,52.6373488506474],[-8.0976378579653,52.6372820655307],[-8.09776137813822,52.6372331767779],[-8.09783018715757,52.6372095534303],[-8.09795498995701,52.6371530236087],[-8.09803369048164,52.6371131236698],[-8.09808878461835,52.637074366723],[-8.09812244009926,52.6370349174526],[-8.09813897786968,52.6370176647563],[-8.09815694637645,52.6369729704819],[-8.09820715625057,52.6369171852484],[-8.09826152470929,52.6368514468187],[-8.0983159447636,52.636815386726],[-8.09839581479983,52.6367637921738],[-8.09850748129841,52.6367136811235],[-8.09861530803055,52.6366577489332],[-8.09868058162697,52.6366130421615],[-8.09874102193967,52.6365805181339],[-8.09881621815671,52.6365204245337],[-8.09888147555699,52.6364752682631],[-8.09895550012039,52.6364264285391],[-8.09902133396008,52.6363749711146],[-8.09910860585068,52.6363241967886],[-8.09920363433979,52.6362867541107],[-8.09926156510953,52.6362685318402],[-8.09938097679789,52.6362406408218],[-8.09954249852941,52.636202027571],[-8.09967416024098,52.6361559611968],[-8.09977422071748,52.6361163297406],[-8.09987791052052,52.6360616132593],[-8.09993540930246,52.6360291180623],[-8.10002071893163,52.6359608270837],[-8.10012722317726,52.6358837907767],[-8.10022809253774,52.6358171492797],[-8.10035087917177,52.6357412854132],[-8.10045391540612,52.6356728263088],[-8.10059844076814,52.6355810169967],[-8.10067249349941,52.6355330659805],[-8.10076104635479,52.6354755393443],[-8.1008660876454,52.6353994113992],[-8.10091245762946,52.6353656848511],[-8.10096012784633,52.6353256475929],[-8.10108990614257,52.6353167017294],[-8.10118861255787,52.6353062722765],[-8.10138512434475,52.635279140263],[-8.10149192204367,52.6352668251394],[-8.10160609246785,52.6352548900822],[-8.10170030036098,52.6352413721843],[-8.10172649706878,52.6352811216481],[-8.10175977687467,52.6353046146984],[-8.1017801074835,52.635343865859],[-8.10200125818258,52.6353027892273],[-8.10226485318812,52.6352810896631],[-8.10240253464629,52.6352277707152],[-8.10251076776457,52.635210339254],[-8.10270954274667,52.6351975839038],[-8.1028399821717,52.6351432820426],[-8.10305175676751,52.6350674369672],[-8.10321016137277,52.6349692668493],[-8.10339824744009,52.6348096016042],[-8.10357859722145,52.6346901012591],[-8.1037294862595,52.6346009250219],[-8.10387834919833,52.6345297982971],[-8.10405327038738,52.6344893875081],[-8.1042667042896,52.634430166618],[-8.10437970903984,52.6343765974347],[-8.10447869585294,52.6343238494253],[-8.10459743026489,52.6342571614695],[-8.10471663686974,52.6341965848257],[-8.10482528007637,52.6341111206094],[-8.10495923549131,52.6340469264774],[-8.10505458253447,52.6340171006426],[-8.10519353307336,52.6340032257048],[-8.10526913561607,52.6340010014386],[-8.10540781068769,52.633995494335],[-8.1055424669571,52.6339774883216],[-8.10558869500104,52.6339544198444],[-8.1056425444468,52.6339246484839],[-8.10572887058685,52.6338666976644],[-8.1057340121544,52.6338117942867],[-8.10571898345652,52.6337485590412],[-8.10569552215889,52.6336741592137],[-8.10568282259106,52.633614948515],[-8.10578314727423,52.6336098886191],[-8.10600316045196,52.6336045328746],[-8.10619436842073,52.6335999215823],[-8.10634186748189,52.6335908012822],[-8.10642239421109,52.6335908907679],[-8.10645824808787,52.6335788415846],[-8.10652908370372,52.6335484613473],[-8.10658983245504,52.6335010938062],[-8.10669703800056,52.6334766308106],[-8.10683209329462,52.6334716915434],[-8.10694710947115,52.63346378619],[-8.10701538081437,52.633448265164],[-8.10714328541023,52.6334249515099],[-8.10721059029964,52.6334008926311],[-8.10738510113869,52.6333528464595],[-8.10754229969394,52.6333476705999],[-8.10760483961955,52.6333384909861],[-8.1077120442445,52.6333140450481],[-8.10791495545728,52.6332513038339],[-8.10813897132214,52.633204550667],[-8.1083854585563,52.6331409329823],[-8.10854948235822,52.6330884725816],[-8.10866076133934,52.6330513938894],[-8.10874924071237,52.6330181379506],[-8.10893375751619,52.6329852610683],[-8.10922549386742,52.6329288263885],[-8.10938414382287,52.6328962063343],[-8.10956551713316,52.632882691555],[-8.10967902116785,52.6328734637083],[-8.10980508147963,52.632864098285],[-8.10979520045641,52.632799906044],[-8.10991019733109,52.632791108017],[-8.11004277313216,52.632776289559],[-8.11025137989822,52.6327602407775],[-8.1104119101064,52.632741549021],[-8.11070335992475,52.6327017477837],[-8.11086398742434,52.632686641542],[-8.1109921809672,52.6326741180656],[-8.11122305759091,52.6326614441798],[-8.11129087969906,52.6326562663156],[-8.11127556171911,52.6326101092623],[-8.11124855343294,52.6325676752341],[-8.11123368089388,52.6325107321368],[-8.11122102304247,52.6324533105933],[-8.1111970073921,52.6324200415201],[-8.11119929598404,52.632407941502],[-8.111126989618,52.632258125171],[-8.11108417610684,52.6322101782948],[-8.11101661166858,52.6321826573943],[-8.11100273207483,52.6321793448316],[-8.11096834329079,52.6321330977434],[-8.1109387237328,52.6321034650233],[-8.11091060941623,52.6320790529246],[-8.11090171379572,52.6320662982667],[-8.11088908537865,52.6320378270595],[-8.11087437137232,52.6320024370292],[-8.11087756105538,52.6319786157987],[-8.11089641180077,52.6319557775813],[-8.11091807356349,52.6319346444526],[-8.1109336889988,52.6319117463415],[-8.11092767006921,52.6318857586302],[-8.11091692296007,52.6318710283426],[-8.11093014259641,52.631841229677],[-8.11092496330545,52.6318142974373],[-8.11091298669188,52.6317281045722],[-8.11091132764552,52.6316678774185],[-8.11088683714951,52.6316101253622],[-8.11086708506659,52.6315626781233],[-8.11083876536948,52.6315269862351],[-8.11079754781544,52.6314788579965],[-8.11072940035826,52.6313778604263],[-8.1107020075034,52.6313522791587],[-8.1106691608421,52.6313255255484],[-8.11064573812857,52.6312926602645],[-8.11062807062753,52.6312574527177],[-8.11059604470546,52.6312046420551],[-8.11057039113979,52.6311657568655],[-8.11052775855482,52.6311244607449],[-8.1104709518,52.6310858742305],[-8.11043736693818,52.6310708775715],[-8.11042333259961,52.6310646170146],[-8.11040854510127,52.6310584380501],[-8.11038913425655,52.6310288855545],[-8.11037312838635,52.6310081471303],[-8.11036569676018,52.630989998255],[-8.11036905361043,52.6309738256824],[-8.11037742427903,52.630954224004],[-8.1103878743108,52.6309391143971],[-8.1104166362046,52.6308690889065],[-8.11040487808583,52.6308281234848],[-8.11038504133277,52.6308112534792],[-8.11041639394537,52.6307728454248],[-8.11041929742512,52.6307526286641],[-8.11041166790471,52.6307145355608],[-8.11040158768662,52.6306359177615],[-8.1103965182365,52.6306172274048],[-8.11036967689398,52.6305757367492],[-8.11037495856074,52.6305613599862],[-8.11038867800302,52.6304953841304],[-8.11035859533381,52.6304572220584],[-8.11035840849811,52.6304416729586],[-8.11036914524661,52.630405531119],[-8.1104056800659,52.6303368286109],[-8.11042632524021,52.6302817667386],[-8.11043309126117,52.6302057217843],[-8.11040676619115,52.6301345072709],[-8.11039936069568,52.6300797321888],[-8.11038314358532,52.6300277426133],[-8.11035858885636,52.6299673030742],[-8.11036123417245,52.6299560386208],[-8.11039892374391,52.6299295877176],[-8.11040485520282,52.6299034450276],[-8.11041737605267,52.6298484716149],[-8.11044638934239,52.6298023270403],[-8.11048360619286,52.6297583409218],[-8.11049072391328,52.6297223013097],[-8.11048185126298,52.6296949680244],[-8.11045632379582,52.6296529728278],[-8.110425374571,52.6295754979721],[-8.11039542469268,52.6295605158861],[-8.11037350235775,52.6295422996152],[-8.11037275503107,52.6295153362485],[-8.11039035679272,52.6294836910045],[-8.11041979123206,52.6294523672879],[-8.11046473634725,52.6294213436847],[-8.11048186070173,52.629399594683],[-8.11048357088745,52.6293806912798],[-8.11048467541215,52.629367639643],[-8.11047547685381,52.6293281728308],[-8.11047046061145,52.6293071005979],[-8.11046678198161,52.6292540836897],[-8.11046087067898,52.6292001880362],[-8.11046810080307,52.6291677525139],[-8.11046666963677,52.6291156143351],[-8.11047095147118,52.6290562264838],[-8.11047525919326,52.6290247194512],[-8.11047326894461,52.6289793317969],[-8.11047418289884,52.6289316674649],[-8.11049258876637,52.6289027088713],[-8.11051153888744,52.6288669907745],[-8.1104869117038,52.6288303785643],[-8.11045603775614,52.628782591073],[-8.11042453663579,52.6287379499654],[-8.11047948572549,52.6286677112756],[-8.11050094922633,52.628615345018],[-8.11051250499647,52.6285527326641],[-8.11052334586869,52.6285171120069],[-8.11051934512504,52.6284886776354],[-8.11053793263434,52.6284791329919],[-8.11055208814483,52.6284693228402],[-8.11055396987406,52.628454041446],[-8.11062204187795,52.6284509309705],[-8.11060618702038,52.6284311721224],[-8.11058365374932,52.628398935142],[-8.11048431919657,52.6282408745623],[-8.11036080898404,52.6281018820372],[-8.1102360693014,52.6280023389587],[-8.11010690155602,52.6279685832056],[-8.11008295323794,52.627954943663],[-8.11007893535765,52.6279430921932],[-8.11008608423871,52.627907681727],[-8.11007142839972,52.6278946627093],[-8.10998084201571,52.6278724565319],[-8.10992377899706,52.6278476216495],[-8.10989477159499,52.6278191655114],[-8.10984345824304,52.6277368108939],[-8.1098607851636,52.627695818429],[-8.10987283079586,52.6276692925893],[-8.10990289505117,52.6276479720775],[-8.10990764598684,52.6276163927428],[-8.10988570931096,52.6276037759283],[-8.10983720376442,52.6275985539225],[-8.10981275008495,52.6275835396254],[-8.10980021886548,52.6275753991013],[-8.10978051542703,52.6275579985689],[-8.10975363299993,52.6275286236476],[-8.10975692397855,52.6274979444731],[-8.10976295073207,52.6273681787857],[-8.10975385812576,52.6273352101479],[-8.10971492481013,52.6272947551573],[-8.10968038334138,52.6272739798614],[-8.109651847609,52.627256731291],[-8.10962311780757,52.6272327418749],[-8.1096096846165,52.6272005142593],[-8.10961990196012,52.6271693792778],[-8.10963963940129,52.6271354671745],[-8.10970825296218,52.6271429805664],[-8.10973330107557,52.6271300236031],[-8.10975836057761,52.6271275286846],[-8.10978987369067,52.6271186732474],[-8.10981019443853,52.6271054240434],[-8.10983711298518,52.6270903171867],[-8.10985362877966,52.6270735212327],[-8.10986423532382,52.6270563262949],[-8.10983922990006,52.6270332053153],[-8.10979781491235,52.6270043921426],[-8.10977207104888,52.6269812808209],[-8.10974020911058,52.6269510296807],[-8.10971154416251,52.6269292872311],[-8.10967529894525,52.6269004332758],[-8.10964300732499,52.626881417538],[-8.10961617588833,52.6268722476153],[-8.10959356554387,52.62685584741],[-8.10957896526519,52.6268353053009],[-8.10956436392276,52.6268143317658],[-8.10955321222158,52.6267847714752],[-8.10955115071769,52.6267636605103],[-8.10955361784084,52.626746095628],[-8.10954487576362,52.626723256151],[-8.10953454544904,52.6266972903089],[-8.10952145405644,52.6266776366117],[-8.10949993870238,52.6266738096232],[-8.10946808651653,52.6266709808646],[-8.1094293745068,52.6266596917134],[-8.10940088916494,52.6266446810528],[-8.10936866143719,52.6266274717736],[-8.10934913469104,52.6266155357232],[-8.10934748649866,52.6266002036731],[-8.1093296326764,52.6265779568103],[-8.10930526984462,52.6265516803265],[-8.10928420145427,52.6265375076692],[-8.10925881553988,52.6265274285412],[-8.10922975299833,52.6265178291627],[-8.10918585799054,52.6265070300633],[-8.10916111190454,52.6264928877372],[-8.10913950022455,52.626485914963],[-8.10911928498522,52.6264762265151],[-8.10910780243275,52.6264619551172],[-8.10910326476001,52.6264309865596],[-8.10909559383395,52.6263932978437],[-8.1090992284377,52.6263640384733],[-8.10910736092525,52.6263378758297],[-8.10908734769072,52.6263084135334],[-8.10906823515783,52.6262847656571],[-8.10904481420323,52.6262391550078],[-8.10903159953867,52.6261875848885],[-8.10899937340816,52.6261708249076],[-8.10892556353267,52.6261459420276],[-8.10887574177352,52.6261334045844],[-8.1088167677087,52.62611106959],[-8.10876104615748,52.6260720677801],[-8.1087395732527,52.6260435055664],[-8.10872209947266,52.6259717522129],[-8.10870668789657,52.6259215502511],[-8.10869447305041,52.6258798660033],[-8.10867718742509,52.6258422759574],[-8.10866894176871,52.6258108883439],[-8.10864213747064,52.6257765427121],[-8.10857978709669,52.625738508612],[-8.1085129242569,52.6256973687546],[-8.10847108023895,52.6256793591134],[-8.10834659104933,52.6256109303284],[-8.10829031115735,52.6255786698249],[-8.10822538150177,52.6255545963004],[-8.10815765896879,52.6255359450701],[-8.10812084801871,52.6255403558373],[-8.10804440142324,52.6255537188668],[-8.10799251243505,52.62554704313],[-8.10796027019021,52.6255293840769],[-8.10793761242453,52.6255111859902],[-8.10790012032223,52.6254908712473],[-8.10788203860749,52.6254775764451],[-8.10782562246224,52.6254677948999],[-8.1077627039758,52.6254625851599],[-8.10768732871452,52.6254610987643],[-8.10764616024894,52.6254412816238],[-8.10760886103463,52.6254272672203],[-8.10751184427994,52.6254183492925],[-8.10743143887751,52.6253953319857],[-8.10733239139964,52.6253653028766],[-8.1072823625105,52.6253460329176],[-8.10725763356148,52.6253323395774],[-8.10726583045374,52.6253079835911],[-8.10723051570767,52.6252597768161],[-8.10714899853602,52.6252228378691],[-8.10708935154404,52.6252023002262],[-8.10703989837337,52.6251767290369],[-8.10702713486257,52.6251152534719],[-8.10699202790717,52.6250733470439],[-8.10692059027308,52.6250812580815],[-8.10685599259367,52.6250958499998],[-8.10682131690888,52.6250975440535],[-8.10675357981405,52.6250784426314],[-8.10664009713498,52.6250337215351],[-8.10657640168361,52.6250001995775],[-8.10650860977342,52.6249523273879],[-8.10641811676653,52.6249653694391],[-8.10634542125877,52.6249539659885],[-8.10625151205232,52.6249225382178],[-8.10620975331926,52.6249085633242],[-8.10611610455824,52.6248870310311],[-8.10607099196771,52.6248847884686],[-8.10601332528521,52.6248826649791],[-8.10596223431159,52.6248512525863],[-8.10591143315541,52.6248297357308],[-8.10583054430044,52.6247891911139],[-8.10577460672947,52.6247690629439],[-8.10572475791501,52.6247565331859],[-8.10560707946543,52.6247473714808],[-8.10552403004659,52.6247356172335],[-8.10547303579685,52.6247073593408],[-8.10541369112424,52.6246706421336],[-8.10534123268794,52.6246407854341],[-8.10522447282739,52.6246388129547],[-8.10520015547921,52.624586910711],[-8.1051542075222,52.6245810733298],[-8.10507966955507,52.6245831707557],[-8.10496370623349,52.6245560038701],[-8.10490782015636,52.6245385896292],[-8.1048588211997,52.6245291865878],[-8.10477039285334,52.6245098416887],[-8.10465861668348,52.6244731974197],[-8.1046495712593,52.6244395722079],[-8.10461505134947,52.6244196942108],[-8.10455094306696,52.624397846975],[-8.10449336806908,52.6243719043897],[-8.10443958476046,52.624350407508],[-8.10439031152861,52.6243311266712],[-8.10435144127601,52.6243139847906],[-8.1043363318488,52.62430154069],[-8.10427788477969,52.6242441406677],[-8.10421889154187,52.6241930237285],[-8.10417392157423,52.6241696404748],[-8.10405424002034,52.6240872894705],[-8.10390298504102,52.6240500589785],[-8.1037624590926,52.6239904117413],[-8.10362972093874,52.6239261466667],[-8.10357290349172,52.6238952775298],[-8.10353279142787,52.6238084882275],[-8.10347717301214,52.6237285703209],[-8.1033563121618,52.6236461117799],[-8.10323858977184,52.6235979666765],[-8.10301152832453,52.6234674693766],[-8.10288667271792,52.6233939299522],[-8.10276708649605,52.6232620624988],[-8.10264049368261,52.6231020864339],[-8.10254379789873,52.6229750884048],[-8.1024503233133,52.6228738022643],[-8.10229614042061,52.6227439505913],[-8.10217887568715,52.622675158527],[-8.10198170279023,52.6225776285167],[-8.10171983653144,52.6224584925831],[-8.10141221889494,52.6223272613971],[-8.10080065324265,52.622071840117],[-8.10042880765046,52.6219003227126],[-8.10095942311335,52.6216948637133],[-8.1015712185297,52.6214644269211],[-8.10205479339993,52.6213005729688],[-8.1027053371822,52.6210541341693],[-8.10359188836803,52.6206760806047],[-8.1038094568244,52.6205635756937],[-8.10410098383517,52.6204073505349],[-8.10432651169005,52.6202832251335],[-8.1046848249286,52.6200621898958],[-8.10501995001349,52.6198479421126],[-8.10528833702357,52.6196961746093],[-8.10555672219876,52.6195444154832],[-8.10578632720892,52.6193875671975],[-8.10590848779117,52.6193261956013],[-8.10608323340658,52.619238990128],[-8.1062459249411,52.6191750472565],[-8.10653720564784,52.6190281458624],[-8.10670770582187,52.6189572565673],[-8.10692467057139,52.6188704342499],[-8.10718059564863,52.6187730333256],[-8.10726146939321,52.6187449623967],[-8.10740862370633,52.6186878808721],[-8.10769924244417,52.6185690019073],[-8.1078846948603,52.6185145903668],[-8.10806598723651,52.6184741677166],[-8.10830892167738,52.6184226062],[-8.108540487406,52.6183662729647],[-8.10874512152588,52.6183120312483],[-8.10896942355952,52.6182629032587],[-8.10934956366605,52.6182239763395],[-8.10973798856065,52.6181853820718],[-8.11001477871747,52.6181621519375],[-8.11024164408764,52.6181408101713],[-8.11052237218587,52.6181216737318],[-8.11062782333395,52.6181024307875],[-8.11073723225569,52.6181125120195],[-8.11075480473416,52.6181121360713],[-8.11089077725716,52.6181092046096],[-8.11091267135509,52.618106739368],[-8.11108311454601,52.6180875519998],[-8.11153685803912,52.618044872916],[-8.11186007423383,52.6180153300887],[-8.11194093726718,52.6180079374473],[-8.11203677402218,52.6180119004601],[-8.11218181814611,52.6179992608434],[-8.1122484624606,52.6179813025334],[-8.1124990767726,52.61792725343],[-8.11270705074513,52.6178823941926],[-8.11303009574927,52.6178502238271],[-8.11313776745908,52.6178394971896],[-8.11382208692783,52.6177801587943],[-8.11397212547128,52.6177634855446],[-8.11413366445309,52.6177455427006],[-8.11449984051973,52.6177010491043],[-8.11470697679753,52.6176758799571],[-8.11495396519608,52.6176149982565],[-8.11502335167472,52.6176015836709],[-8.11514868757195,52.6176540868876],[-8.11537137584052,52.6176467157557],[-8.11585105278561,52.6176416098298],[-8.11601871668113,52.617689810396],[-8.11614569117939,52.6176745860756],[-8.11629161506268,52.6176660121451],[-8.11645688121873,52.617656304506],[-8.11689121629321,52.6176323730357],[-8.11704740441091,52.6176685305077],[-8.11748742967154,52.6176574710904],[-8.11782723450797,52.6176432740626],[-8.11823764462812,52.6176299853111],[-8.11884487693836,52.6176175314827],[-8.11887480883585,52.61761691723],[-8.11936238992805,52.6176025314743],[-8.1197696141984,52.617601805905],[-8.119803608621,52.6176017445689],[-8.12017472809456,52.6176447269986],[-8.12062260488158,52.6176860392562],[-8.1211736661132,52.6177446182086],[-8.12144940353991,52.6177657273953],[-8.12152569485604,52.6177719857297],[-8.12157554638864,52.6177760690807],[-8.12157247154252,52.6177909025018],[-8.12171204944063,52.6178532440405],[-8.12169519417398,52.6178778706083],[-8.12186418155172,52.617958643187],[-8.1219989495756,52.6179372118171],[-8.12206378724385,52.6179242382062],[-8.12200178417821,52.6177616365294],[-8.1219627820007,52.6176655226359],[-8.12203396831308,52.6176628248225],[-8.12212194806833,52.6176505472807],[-8.1221654950772,52.61764447051],[-8.12217986443366,52.6176606161877],[-8.12224361220811,52.6177230712336],[-8.12238778641418,52.617797037758],[-8.12241038345095,52.6178086269593],[-8.12249306400728,52.6178553152601],[-8.1224958062924,52.617854242848],[-8.12253186006279,52.6178401033295],[-8.12276632230731,52.6177815731605],[-8.12317531372927,52.6176943241688],[-8.12364689563986,52.6175993596325],[-8.12387777748456,52.6175865261942],[-8.12409920415703,52.6176297606182],[-8.12417531104438,52.6176438550108],[-8.1242396421615,52.6176557686225],[-8.1242929243819,52.6176562340402],[-8.12434543867362,52.6176566912519],[-8.12469341724572,52.6176250651038],[-8.12488571202331,52.6176383086616],[-8.12524841007192,52.6176728622829],[-8.12540541486343,52.6176874455665],[-8.1255947950008,52.6177089330916],[-8.12578613074112,52.6177634672617],[-8.12593059517959,52.6178489608242],[-8.12597411765962,52.6178601765677],[-8.12601687168606,52.6178711953757],[-8.12623040208325,52.6179044395142],[-8.12645536565986,52.6179130258589],[-8.12651511813544,52.6179294641061],[-8.12657934878164,52.6179471378881],[-8.12660795385713,52.6179523833014],[-8.12663607135292,52.6179575393485],[-8.12686421214811,52.6179463298566],[-8.12701574434245,52.6179625167375],[-8.12723949816461,52.6180222897781],[-8.12728539225421,52.6180109065602],[-8.12732954498012,52.6179999476338],[-8.12742444845249,52.6180024251639],[-8.12750034563311,52.6180047433136],[-8.1275880305103,52.6179675193202],[-8.12759528864563,52.6180055758529],[-8.12764568321861,52.618053913174],[-8.12768817929649,52.6180775778288],[-8.12777434222128,52.6181313502545],[-8.12783730652605,52.6182108444576],[-8.12787776140905,52.6182130298316],[-8.12791616328856,52.6182151095519],[-8.12792883169668,52.6182295486408],[-8.12801328308902,52.6182279474273],[-8.1280649813453,52.6182319092078],[-8.12815976591717,52.6182794523085],[-8.12835822401717,52.6182426471458],[-8.12841001543814,52.6182431033394],[-8.12842304435681,52.6182595642936],[-8.12844175445933,52.6182795783509],[-8.12852184053306,52.6183001370253],[-8.12853214829357,52.618269863113],[-8.12864495685383,52.6182844810564],[-8.12871573554816,52.6182936528717],[-8.12873243275815,52.6182365696653],[-8.12877666398861,52.6182322792403],[-8.12886242790667,52.6182552223313],[-8.12894012096672,52.6182956109416],[-8.12909590245102,52.6183600383338],[-8.12921749933089,52.6184101489116],[-8.12933753065283,52.6184450712867],[-8.12933111531574,52.6184730490691],[-8.12944097016302,52.618532402951],[-8.1295172843751,52.6185505832426],[-8.12968168956703,52.6185742127121],[-8.12983288277946,52.6185895424967],[-8.12992270653822,52.6186016497828],[-8.12995334708193,52.6186057776391],[-8.13003106534582,52.6185644102988],[-8.13013461941848,52.6185653122445],[-8.1301917762691,52.6185821649375],[-8.1302284325606,52.6185731366099],[-8.13025742419118,52.6185640447941],[-8.13045287159485,52.6185727548661],[-8.13052923844206,52.6185886065457],[-8.13057068304415,52.618620504368],[-8.13075977189707,52.6186560232747],[-8.13081341681383,52.6186588312383],[-8.13101138024993,52.618723622976],[-8.13119465817749,52.6187614126],[-8.13125336748586,52.6187934708236],[-8.13139718374394,52.6187958909722],[-8.131576399574,52.6188430051073],[-8.13205414740124,52.618899772303],[-8.13223291258508,52.618904776984],[-8.13237837419691,52.618918878556],[-8.1325140545259,52.6189410891136],[-8.13253420043938,52.6189272609502],[-8.13258382434657,52.6189383236303],[-8.13262712335968,52.6189479732602],[-8.13275910907847,52.6189887659497],[-8.13291750216248,52.6190595129658],[-8.13296458350855,52.6190599275127],[-8.13300973018438,52.6190603172488],[-8.13316077245451,52.6190979692445],[-8.13334210363842,52.6191160559526],[-8.13351539096139,52.6191307719459],[-8.13358318336704,52.6191381196466],[-8.13364797692903,52.619145147122],[-8.13370389488176,52.6191472950859],[-8.13375910389914,52.6191494168597],[-8.13390208827272,52.6191836885168],[-8.13387786864721,52.6191497411014],[-8.13395397444609,52.6191760978854],[-8.13414939662939,52.6192285646492],[-8.13460144244834,52.6192665656717],[-8.13476339049902,52.6193010124792],[-8.13509926977179,52.6193237381868],[-8.13540203621293,52.6193693214216],[-8.13608485720203,52.6194049675833],[-8.13656033151678,52.6194486416229],[-8.13715716413638,52.6194902319029],[-8.13774241758525,52.6195217300841],[-8.13833295027873,52.619559879347],[-8.13896159530802,52.6195917432705],[-8.13965414091721,52.6196183694167],[-8.13967020861007,52.6198596523459],[-8.13972550991794,52.6201640389529],[-8.13973380578277,52.6205060150125],[-8.13974552944434,52.6208762453964],[-8.13974630201909,52.620900880694],[-8.13974140534196,52.6213434843478],[-8.13977795013787,52.6216377994125],[-8.139784778609,52.6219269005037],[-8.13980556629466,52.6220823420184],[-8.13984740514009,52.6224989239985],[-8.13984831643939,52.6226921746461],[-8.1398837213448,52.6230360329982],[-8.13987177637271,52.623315071607],[-8.13983598832395,52.6234534936081],[-8.13978041561998,52.6236264439959],[-8.1397236319218,52.6238505826246],[-8.13961291552318,52.6240953134477],[-8.13957306032405,52.6241767470338],[-8.13925007610686,52.6249905438985],[-8.13908799319428,52.6253965258709],[-8.13887933260612,52.6257871477281],[-8.13885719490646,52.6258253638113],[-8.13874738721016,52.6260149151649],[-8.13853023466889,52.6264404917614],[-8.13840449622272,52.626731383439],[-8.13835634844521,52.626985576152],[-8.13827699764433,52.6270970124686],[-8.13821803107685,52.6271572381377],[-8.13819289705515,52.6272481094447],[-8.13819119015397,52.6273205099921],[-8.13818387668392,52.6274699444659],[-8.13793087670825,52.6274584020344],[-8.13784947968761,52.6274927411458],[-8.13769805146057,52.6275685065323],[-8.13758062543883,52.6276679336711],[-8.13752495048977,52.6277515420104],[-8.13754949769184,52.6278498604963],[-8.13759790890636,52.6279133406397],[-8.13771520614497,52.6279844344652],[-8.13785244569713,52.6280229952841],[-8.13801334964394,52.6280337374057],[-8.13804910933916,52.6281461629108],[-8.13804782090649,52.628365714908],[-8.13804933103226,52.6286296824552],[-8.13815327435636,52.6289435849045],[-8.13827810268354,52.6292939722274],[-8.13830061009314,52.629372312537],[-8.13839177268554,52.6295763151196],[-8.13858251273688,52.6301175486611],[-8.13874493165543,52.6305580862541],[-8.13876695704268,52.6306003221397],[-8.13890069871011,52.6309541856257],[-8.13895586007961,52.6312209483316],[-8.13894009330097,52.6317323582268],[-8.13890283148865,52.6321781717461],[-8.13890097048682,52.6322575740913],[-8.1388914941329,52.6323345855613],[-8.13887156637386,52.6325306106513],[-8.13890350657479,52.6328065233634],[-8.13894000993633,52.6329698827396],[-8.13938956195971,52.63302795662],[-8.13966847766997,52.633081754022],[-8.13996662109468,52.6331333709316],[-8.1401734370501,52.6331515159317],[-8.14028433161533,52.6331688214455],[-8.14051071412362,52.633170782233],[-8.14067506577176,52.6332002297052],[-8.14084652462241,52.6332530912765],[-8.14108097191545,52.6332913080407],[-8.14117554167715,52.6333080928756],[-8.14135737274489,52.6333428484684],[-8.14146569397109,52.6333635444293],[-8.14166488111851,52.6333792781573],[-8.14175590169861,52.6334267788294],[-8.14181417215713,52.633442572954],[-8.14183598109295,52.6334484879297],[-8.14197822364675,52.6334380352821],[-8.14233409786955,52.6334831506118],[-8.14238099954129,52.6334461714849],[-8.14258016546968,52.6334642495726],[-8.1428357842184,52.6335295092964],[-8.14294559210739,52.6335935243577],[-8.14304853469423,52.6336224493962],[-8.14313262528741,52.6336371780755],[-8.14325103519586,52.6336615632798],[-8.14333550094354,52.6336599511455],[-8.14351806158607,52.6337315983519],[-8.14366283719821,52.6337772168561],[-8.1438227935445,52.6338299891959],[-8.14399379583857,52.6339038697372],[-8.14418358507668,52.6339942651235],[-8.1442485558817,52.6340390092883],[-8.14429242868017,52.6340246649223],[-8.14438651236813,52.6340634684278],[-8.14441854330758,52.6340868611527],[-8.14442447867022,52.6341172424042],[-8.14443307392693,52.634161309163],[-8.14445352254999,52.6342159853068],[-8.14449027122809,52.6342678013576],[-8.14449706541024,52.6343256669127],[-8.14449975160301,52.6344459772282],[-8.14449385064015,52.6345830157238],[-8.14449297120429,52.6346210001533],[-8.14448579035809,52.6346969037192],[-8.14446913259271,52.6348289040588],[-8.14449952187845,52.6349233040864],[-8.14454856972316,52.6350310824759],[-8.14469892898627,52.6351017424948],[-8.14483325060294,52.6351607105421],[-8.14494624373317,52.6352029688444],[-8.14486396116331,52.6352402528893],[-8.14475705712921,52.6353554121591],[-8.14473313537478,52.6353811740687],[-8.14457319189903,52.6356077414723],[-8.14446665397459,52.6357538187957],[-8.14440505260079,52.6358358735654],[-8.14437557041098,52.6359363775163],[-8.14423198143908,52.6361371828358],[-8.14421006946512,52.6361678316693],[-8.14410688452729,52.6362875157649],[-8.14400556170004,52.6364435540197],[-8.14395942275763,52.6365604272942],[-8.14396204947321,52.6366810252644],[-8.14395542137204,52.6367321661234],[-8.14388919770735,52.6367794965436],[-8.14379707350172,52.6368893699901],[-8.14366535917587,52.6370682743662],[-8.14355769178479,52.6371466275293],[-8.14349947621602,52.6371989723244],[-8.14343622697378,52.6373520428477],[-8.14339675001397,52.637424138532],[-8.14337952286098,52.6374555994442],[-8.14336547940498,52.6375254443001],[-8.14336958792164,52.637598152344],[-8.14315608889368,52.6377255638707],[-8.14295471925646,52.6378850026366],[-8.14267925381408,52.6380940182853],[-8.14270299536492,52.6381073998078],[-8.14271714556572,52.6381153731075],[-8.14256202198032,52.6382356396631],[-8.14232234954558,52.6384214672729],[-8.14198242587921,52.638678986079],[-8.14178940446356,52.63880929168],[-8.1415698946324,52.6390047826927],[-8.14169823322427,52.63909814953],[-8.14181431654501,52.6391617536206],[-8.14185247668084,52.6391928424083],[-8.14180809885248,52.6392127680132],[-8.1416624103661,52.6392874259048],[-8.14152045980432,52.6393667888685],[-8.14140201113446,52.6394265027953],[-8.1412197013212,52.6395078549603],[-8.14104913662885,52.6395799621788],[-8.14093109948072,52.6396209890729],[-8.14068601053309,52.6396796034969],[-8.14061756360378,52.6396949733435],[-8.14057292584195,52.6397355442468],[-8.14050915877488,52.6397497759897],[-8.14032762781372,52.6397984274797],[-8.14009787385476,52.6398571753195],[-8.13987804715628,52.6398924882465],[-8.13980003004873,52.6399092980099],[-8.13986267250482,52.6399314424441],[-8.13999910313575,52.6399866204986],[-8.14002145696744,52.6399956629861],[-8.1400493901707,52.6400122128497],[-8.14001730115417,52.6401100762453],[-8.13994061906882,52.6401888298701],[-8.13980613537562,52.6402764329374],[-8.13964680235969,52.6403603081506],[-8.1395416367209,52.6404031610254],[-8.13942785336132,52.6404495202814],[-8.1392437846266,52.6405238428366],[-8.13902928033607,52.6406593462267],[-8.13895280232673,52.6407287604255],[-8.13888767918058,52.6408052797668],[-8.13887075397289,52.6408728714344],[-8.13882410756915,52.6409799193165],[-8.13865089573189,52.6410823696693],[-8.13853868843644,52.641202859292],[-8.13849967302816,52.6412563206169],[-8.1384455043573,52.6413305259742],[-8.13838533281037,52.6414409599777],[-8.13832349571549,52.6414591070551],[-8.13832449275724,52.6414988238865],[-8.13827869061892,52.6415696758596],[-8.13819306372632,52.6416203153012],[-8.13806532536426,52.6416659345182],[-8.13794895299757,52.6417174814371],[-8.13784035628175,52.6417655947668],[-8.13766579128179,52.6418434989968],[-8.13765570618299,52.6418644347874],[-8.13754601416032,52.6419592597774],[-8.1374698569968,52.6420146603304],[-8.1373807120197,52.6420512550109],[-8.13726477061008,52.6420852921218],[-8.13715413298336,52.6421380629691],[-8.13696820318681,52.6422917841437],[-8.13686852759592,52.6423680007407],[-8.13674926875795,52.6424615687246],[-8.13665219069167,52.6425086160682],[-8.13647478897717,52.6426262038374],[-8.13629112740643,52.6427647585613],[-8.13613674523118,52.6428825530286],[-8.13600755486001,52.6430002195129],[-8.13592083950732,52.6430780382668],[-8.13566610081903,52.6432688938077],[-8.13542906004636,52.6434735611039],[-8.13510793648978,52.6437440620572],[-8.13491164773183,52.6439452843649],[-8.1347893456206,52.6440706533593],[-8.1345143510053,52.6443380532622],[-8.13432143762498,52.644543099626],[-8.13412230296996,52.644767944285],[-8.13395856487575,52.6449568954617],[-8.1339095112891,52.6450020167326],[-8.13381054624894,52.6450339909812],[-8.13373351759345,52.6450588848136],[-8.13338035060543,52.6451399052002],[-8.13285593674493,52.6452702899873],[-8.13275332067407,52.6452925693933],[-8.13268793993556,52.6453337267612],[-8.1326030574427,52.6453516809276],[-8.13247223333202,52.6453645542522],[-8.13233042186856,52.6453551494654],[-8.13222506566798,52.6453460543697],[-8.13214837650156,52.6453418885911],[-8.13206586089233,52.6453411626718],[-8.13197728103277,52.6453532423592],[-8.13183452516535,52.645383538021],[-8.1316877446804,52.6454219631337],[-8.13158363911002,52.6454603137224],[-8.13166408096725,52.6455527917699],[-8.13181775371972,52.6456440828013],[-8.13186454726705,52.6456719744275],[-8.13200034380992,52.645685736663],[-8.13210476135043,52.6457116315734],[-8.13226953732337,52.6457504646701],[-8.13234753276463,52.6457710320081],[-8.13237399812201,52.6457954767667],[-8.13240810922529,52.6458512810898],[-8.13245587109373,52.6459060185497],[-8.13250042246934,52.6459447609434],[-8.132597093819,52.6459693428444],[-8.13265319849085,52.645997493379],[-8.1327539083809,52.646082029564],[-8.13278105703244,52.6461172680503],[-8.13278086641703,52.6461958233626],[-8.13279163123676,52.6462274490515],[-8.13282308202762,52.6462779443261],[-8.13282330145058,52.6463503693627],[-8.13285793981179,52.6464140374581],[-8.13278791126239,52.6464531418319],[-8.13282849575105,52.6465235622456],[-8.13282706902212,52.6465842867523],[-8.13285722345964,52.6466896551884],[-8.13282746701391,52.6467302783383],[-8.13284775940235,52.6467654885385],[-8.13290797147437,52.6468173986077],[-8.13295529706716,52.64684466903],[-8.13301753453443,52.6468919299763],[-8.13312346737104,52.6469582502923],[-8.13317559072663,52.6470276060231],[-8.13325101282746,52.6470854938155],[-8.13325183458776,52.6471322124955],[-8.1332895327526,52.6471617406072],[-8.13327370702478,52.6471814600937],[-8.13326633548829,52.6472502984571],[-8.13330260764425,52.6473405420798],[-8.13331196181741,52.6474328922015],[-8.13328681998428,52.6474408478942],[-8.13331293968736,52.6474726090541],[-8.13336626468367,52.6475723427684],[-8.1333211166262,52.6476151674399],[-8.13333067901554,52.6476496166558],[-8.13333704393446,52.6476725288825],[-8.13333229921967,52.6477110298048],[-8.13340130568003,52.6477968863665],[-8.13345510285126,52.6478767740111],[-8.13349095864639,52.6479027808361],[-8.13348391413303,52.6479576155403],[-8.13353993353058,52.6480246657847],[-8.13353761675132,52.6480403075063],[-8.13351938679372,52.6481634725623],[-8.13351423517698,52.6483012373577],[-8.13358239479021,52.648341543605],[-8.13360171953269,52.6484176231676],[-8.13362645715559,52.6484271854661],[-8.13358311085222,52.6484746909441],[-8.13349769908822,52.6485148287051],[-8.13352649962379,52.6485968296788],[-8.13353918674486,52.6486284710975],[-8.1336268185844,52.6486572597293],[-8.13366434757912,52.6486937985408],[-8.13367098535374,52.6487382366829],[-8.13368993172746,52.6488306658133],[-8.1336044393009,52.6489560548573],[-8.13353285152514,52.6490617175008],[-8.13349167220612,52.6491804862953],[-8.13348754617999,52.6492426069624],[-8.13352534566745,52.6492998987853],[-8.13353984803213,52.6494179846691],[-8.13350683826874,52.6494340474524],[-8.13350660210043,52.6494438446304],[-8.13347645299213,52.6495015275759],[-8.13346171211306,52.6495574584792],[-8.13344238236779,52.6496448794844],[-8.13345910896497,52.6496683822245],[-8.1334675231271,52.649718678541],[-8.13345197135613,52.649726722332],[-8.1334478688975,52.6497383664016],[-8.13346412394073,52.6497817151582],[-8.13343610516183,52.6498305245428],[-8.13345671152326,52.649851730976],[-8.13349490971867,52.6498602355336],[-8.13349757502877,52.6499104754062],[-8.13354851281636,52.6499482934124],[-8.13353425466222,52.6499832098515],[-8.13361377352814,52.6500306127719],[-8.13370707730536,52.6501447089604],[-8.13380699760935,52.6502282204562],[-8.13385923892452,52.6502861789439],[-8.13388310162406,52.6503331052546],[-8.13393439286882,52.650355741976],[-8.13394734425724,52.6503768760814],[-8.13393517825742,52.6504048065325],[-8.13396069296915,52.6504167946379],[-8.13398833889227,52.6504297959712],[-8.13400433536414,52.6504414802487],[-8.13402231660617,52.650454618334],[-8.13406834940941,52.6504877319533],[-8.13411103500948,52.650518449549],[-8.13426077040588,52.6506003403632],[-8.13437422850583,52.6506737335355],[-8.13442658917348,52.6506930882137],[-8.13447128590184,52.65070961136],[-8.13457250123829,52.6507326764966],[-8.13461205794125,52.6507645569145],[-8.13465013850599,52.6507777349878],[-8.13467547534411,52.6507942261241],[-8.13469742111872,52.6508085100637],[-8.13470596261433,52.6508419985962],[-8.13471323275197,52.6508705451783],[-8.13471681203879,52.6508810930105],[-8.13471344078086,52.6509045734741],[-8.13470993916371,52.6509289169327],[-8.13471687203497,52.6509535091817],[-8.13472411882841,52.6509792605241],[-8.13474975815609,52.6510027619328],[-8.13477298182502,52.6510240640253],[-8.13479385445387,52.6510353471782],[-8.13481468270228,52.6510466124019],[-8.13493233776699,52.6511048644854],[-8.13497959339405,52.6511362956013],[-8.13502307277549,52.6511652143636],[-8.13513957909784,52.6512725060228],[-8.13515379241454,52.6512904298421],[-8.13516754585646,52.6513077879408],[-8.13520587158178,52.6513379528558],[-8.13524105664112,52.6513656496453],[-8.13528396091142,52.6513948475949],[-8.13532797597665,52.6514247992515],[-8.13537447114263,52.6514490586612],[-8.13541901242409,52.6514723046424],[-8.13546368412443,52.6514899149881],[-8.13550079467661,52.6515045499499],[-8.13553274757323,52.6515240083611],[-8.13557083048492,52.651547198755],[-8.13568377077003,52.6516427826024],[-8.13577807635014,52.6517148391602],[-8.13581221795414,52.6517442087401],[-8.13584392932239,52.6517714689183],[-8.13589053691487,52.6518031790386],[-8.13593085027641,52.6518306180772],[-8.13596028513284,52.6518576561353],[-8.13598348028552,52.6518789580208],[-8.13600333121421,52.6518989065532],[-8.13603037239356,52.6519260821605],[-8.13611095581469,52.6520097037663],[-8.13614124669784,52.65203153675],[-8.13617325585294,52.652054617082],[-8.13621047216496,52.6520697640143],[-8.13624361914268,52.6520832618233],[-8.13627413953349,52.6520980659017],[-8.1363024545495,52.652111802938],[-8.1363218048195,52.6521227550154],[-8.13634225070194,52.6521343349884],[-8.13636649479563,52.6521649111957],[-8.13637610664779,52.6521999173393],[-8.13638417876819,52.6522292987731],[-8.13639610997912,52.6522639876659],[-8.13640754902484,52.6522972390457],[-8.13643641226696,52.6523493541295],[-8.13640838905179,52.6523629582508],[-8.13642111807078,52.6523880470504],[-8.13644570804682,52.6524394659871],[-8.13648301818258,52.6525273255501],[-8.13650617019831,52.6525820357328],[-8.1365543016657,52.652613833713],[-8.13672567211264,52.6526914002],[-8.13674118265316,52.6526984198992],[-8.13677201162614,52.6527361428613],[-8.13684804082667,52.6528512631209],[-8.13692563649463,52.6529804027804],[-8.13700762334551,52.6531052140881],[-8.13702068866159,52.6531242355402],[-8.13712176725501,52.6532808960936],[-8.1372273617907,52.6534116209857],[-8.13734097504252,52.653530616154],[-8.13751504684086,52.6537185957745],[-8.13758254781359,52.6538183020562],[-8.13768408801309,52.6539560868065],[-8.13778762517878,52.6541741318592],[-8.13780974432505,52.6542238905939],[-8.1378724364182,52.6543636887101],[-8.13786428536817,52.6543801372179],[-8.13772730299737,52.6544308808704],[-8.1374499968059,52.6545087241846],[-8.13688721526873,52.6546808752985],[-8.13675225805462,52.6546992227836],[-8.13638118791836,52.6547496685151],[-8.13591822200048,52.6548023037234],[-8.13527742618462,52.6548274302832],[-8.13462476045428,52.6548618963899],[-8.13417044036006,52.654876828328],[-8.13315965447057,52.6549601005383],[-8.13285933228677,52.6550259420219],[-8.13270343267163,52.6550552557341],[-8.13261704359957,52.6550602149343],[-8.13273279671405,52.6553809473816],[-8.1328403263501,52.6557090051351],[-8.13293772484819,52.6560002503735],[-8.13297010644583,52.6560238973808],[-8.13334231025855,52.6562975048015],[-8.13380629506643,52.6566353344411],[-8.13417747207433,52.6569370637681],[-8.13467902624185,52.6573272024086],[-8.13509453739785,52.6576510697687],[-8.1351640565663,52.6577052599296],[-8.13524501077857,52.6577672205917],[-8.1356977453457,52.6581137739342],[-8.13605155628058,52.6583840413072],[-8.13613518798144,52.65842683591],[-8.13630850223727,52.6585520010387],[-8.13670729026231,52.6588238864645],[-8.13677249664576,52.6589205398582],[-8.1371604998232,52.6592725010991],[-8.13743583996649,52.6595571729309],[-8.13773831722511,52.6597883431],[-8.13791173063117,52.6599183592524],[-8.13796440271958,52.6599762793902],[-8.13804243506288,52.6601310513716],[-8.1382353371995,52.6603045281741],[-8.1384598928495,52.6604745971925],[-8.13865148640699,52.6606119162101],[-8.13874499765522,52.6607102341041],[-8.13888179454401,52.6608050228622],[-8.13888788296569,52.6608511060675],[-8.13887714271166,52.6608577427911],[-8.1388783067122,52.6608845345828],[-8.13888623890892,52.6609060425017],[-8.13889646030905,52.6609129243008],[-8.13890842974451,52.6609209904631],[-8.13892167314016,52.6609299089886],[-8.13916004158064,52.6609418709726],[-8.13918176645121,52.6609450451818],[-8.13936136135678,52.661003372828],[-8.13939129733776,52.6610180509403],[-8.13951412104258,52.66107830562],[-8.13952872350919,52.6610822521273],[-8.13954721696846,52.6610872366567],[-8.13957395117218,52.6610944584729],[-8.13974775735582,52.6611264575815],[-8.13977616588509,52.6611348997425],[-8.13980083104377,52.6611422407911],[-8.13983480294518,52.6611523391511],[-8.13986767702544,52.6611658272635],[-8.13989631789405,52.6611775766964],[-8.13992198368294,52.66118810727],[-8.13994216617792,52.6612081625783],[-8.14012080006402,52.6613443620239],[-8.14013906263584,52.6613602940875],[-8.14015597622515,52.6613750323428],[-8.14016664916036,52.6613843402513],[-8.14018050916916,52.6613964306616],[-8.14019213081618,52.6614065643394],[-8.14026446662325,52.6615379278889],[-8.1403253026072,52.6616232416372],[-8.14040456330558,52.661668833644],[-8.14044028284799,52.6617904884998],[-8.14047303645263,52.6618307427738],[-8.14063073593042,52.6618727183498],[-8.14071309365773,52.6619480297049],[-8.14070305904181,52.6620040816372],[-8.14072413478688,52.6620166667431],[-8.14075837738754,52.66203712765],[-8.14079596724084,52.662059579901],[-8.14081225296832,52.6620627872362],[-8.14084443692143,52.662072815526],[-8.14088080851332,52.6620841510738],[-8.1409265467778,52.662098405553],[-8.14092679190835,52.6621148712299],[-8.14094836522992,52.6621396433968],[-8.1409593596193,52.662152267413],[-8.14098403391875,52.662180586135],[-8.14100390099578,52.6622033919548],[-8.1411619976252,52.662271710101],[-8.14118162437881,52.6622932938126],[-8.14123356183136,52.6623503774712],[-8.14126727833691,52.6623588129483],[-8.1412923826615,52.6623645263389],[-8.14131510525059,52.6623696942975],[-8.14135349753359,52.6624024276557],[-8.14135973893671,52.6624583973115],[-8.14139266603579,52.6624878655523],[-8.14140955359225,52.662494271806],[-8.14142886847018,52.6625016009221],[-8.14145257915193,52.6625105965519],[-8.14145278429769,52.6625237726762],[-8.14140517435298,52.662603085437],[-8.14140530970929,52.6626129630582],[-8.14147747559044,52.6627311586654],[-8.1414886917886,52.6627574440858],[-8.14151059332682,52.6627737940253],[-8.14170215148732,52.6629078095238],[-8.14181163468628,52.6629862694132],[-8.14193774526239,52.6630909991096],[-8.14212299205888,52.6632016707275],[-8.14214560715759,52.6632282210419],[-8.14215126317806,52.663244662248],[-8.14223457911206,52.6633858532186],[-8.14233300897555,52.6634558592155],[-8.14249598224312,52.6635125302908],[-8.1426157309087,52.6636010526052],[-8.14270669711806,52.6636485613887],[-8.14277018757132,52.6637476761839],[-8.14281029415053,52.6637886130169],[-8.14288416815028,52.6638259319205],[-8.14304905023546,52.6639142106276],[-8.14319685476148,52.6639922814266],[-8.14333667741709,52.6640479007533],[-8.14341342233152,52.6641129617212],[-8.14341391781199,52.664146908689],[-8.1434342201394,52.664171052776],[-8.14350653870703,52.6642070339645],[-8.14360297841202,52.6642550028036],[-8.14376746058709,52.6643195886994],[-8.14393466919709,52.6643769537151],[-8.14415380793344,52.6644826196174],[-8.14425061007238,52.6645190379447],[-8.14433352019712,52.6645297675146],[-8.14440859483389,52.6645538267458],[-8.14444384994496,52.6646067498973],[-8.14459114956886,52.6646961084571],[-8.14464177817386,52.6646993272925],[-8.14476125551574,52.6646944897075],[-8.14502282884794,52.6647384986147],[-8.14537881018482,52.6647917836135],[-8.14546510265964,52.6647969087373],[-8.14551749937605,52.6647983004707],[-8.14559619793968,52.6648003879003],[-8.1456326696556,52.6647785292884],[-8.14571623544287,52.6647550129178],[-8.14580843395567,52.664771284602],[-8.14578272873965,52.6648210466621],[-8.14584049683549,52.6648417018544],[-8.14588392497196,52.6649022632818],[-8.14594463692744,52.6648879605833],[-8.14600788826895,52.6648904083022],[-8.14604016360039,52.6648958242367],[-8.14616007430558,52.6649986156519],[-8.14620853332231,52.6650116243931],[-8.14632700688584,52.6650158822945],[-8.1464281530535,52.6650153349453],[-8.14650286697656,52.6650149280398],[-8.14662837870815,52.6651078971934],[-8.14669635318385,52.665196281671],[-8.14682647874213,52.6653820187255],[-8.14683371240065,52.6654010103323],[-8.14684800070796,52.6654385084157],[-8.14681081200793,52.665489030922],[-8.14682046506867,52.6655197308566],[-8.14687053585463,52.6655634851732],[-8.14692127650074,52.6656526638349],[-8.14700375991138,52.665711621508],[-8.14710792746885,52.6657606744339],[-8.14712219557399,52.6657920517004],[-8.14712954270756,52.6658227634586],[-8.14711692633321,52.6658826389924],[-8.14707722766874,52.6659385574751],[-8.1470302235461,52.6660290617221],[-8.14701656373268,52.6661172776023],[-8.14706786965851,52.666163178424],[-8.14706515829949,52.666214260413],[-8.14709309807416,52.6662357968669],[-8.14715821201122,52.6662816086082],[-8.14719144161974,52.666350693811],[-8.14723982246516,52.6664322804226],[-8.14721768425239,52.6664918621981],[-8.1472316846543,52.6665050750968],[-8.1472930303459,52.6665292304403],[-8.14738184158038,52.6665700602356],[-8.1474494347774,52.6666011374525],[-8.14755072249877,52.6666810402713],[-8.14752977671052,52.6667434158762],[-8.14745848428037,52.6668256546157],[-8.14746707780215,52.6668619822769],[-8.14746391338124,52.666879359955],[-8.14746069069932,52.6668969983565],[-8.1475323593416,52.6670756978169],[-8.14760216370452,52.6672845002514],[-8.1476158506606,52.6674327307297],[-8.14765934790044,52.667494756435],[-8.14768988043711,52.6675132156295],[-8.14794495617925,52.667667400665],[-8.14797921504568,52.6677034985111],[-8.14799055055886,52.6677154293656],[-8.14803674279287,52.6678047210542],[-8.14808895595821,52.6678338217807],[-8.14828017102206,52.6679020260845],[-8.14834815318129,52.667977314101],[-8.14842493279283,52.66798729349],[-8.1484360508467,52.6680397063718],[-8.14839043069603,52.6680672397054],[-8.14832302042769,52.6680997886118],[-8.1483143103388,52.6681341155639],[-8.1483348464706,52.6681997649299],[-8.14848151018623,52.6683136925039],[-8.14854491620134,52.6683558924471],[-8.14862570262306,52.6683657228768],[-8.14870771266596,52.6683788682754],[-8.14875453515054,52.6683962461749],[-8.14878576615104,52.6684154412214],[-8.14882772802447,52.6684381820204],[-8.14883928655103,52.6684503551875],[-8.14885737100279,52.6684642728112],[-8.14887543839091,52.6684731661809],[-8.14891449590068,52.6684808917072],[-8.1489718649771,52.6684866977467],[-8.14903199037773,52.6684943787776],[-8.14907618298299,52.6684948265301],[-8.14913050548027,52.6685003397217],[-8.14917306049836,52.6685104965008],[-8.14919398912504,52.668517318989],[-8.14926723209109,52.6685781112502],[-8.1492949091534,52.6686085635699],[-8.14930397660634,52.6686185557536],[-8.1493113221263,52.6686568801713],[-8.14928628960114,52.6687256606455],[-8.14928634146738,52.6687582329646],[-8.14937697177536,52.6687930190495],[-8.14949926959265,52.668810058837],[-8.14956489910591,52.6688101558007],[-8.14966141603334,52.6688411952465],[-8.14969343049613,52.6688514909785],[-8.14974186953014,52.6688830494537],[-8.1497753130728,52.6689048299769],[-8.14978140302142,52.6689649697403],[-8.14979863108354,52.6690093305373],[-8.1497959195142,52.6690508224079],[-8.14979150865538,52.66907962542],[-8.14978006330682,52.6691136503405],[-8.14977609769405,52.6691429561151],[-8.14976474860167,52.6692267652455],[-8.14977460185502,52.6692719263028],[-8.14973882169927,52.6693322268199],[-8.14971905507887,52.6693800228176],[-8.1497161616231,52.6694245618332],[-8.14969984847637,52.6694575862403],[-8.14965598369642,52.6694927935581],[-8.14959074482479,52.6695294569227],[-8.14957151032505,52.6695383163642],[-8.14951701009498,52.6695634255912],[-8.14945099079341,52.669583749745],[-8.14941178521952,52.6696066196108],[-8.14939533729181,52.6696435628969],[-8.14938564892193,52.6696683369469],[-8.14936932587955,52.6696855514919],[-8.14936078503533,52.6696999879357],[-8.14929090340729,52.6697454112602],[-8.1492524808051,52.6697855189999],[-8.1491688776866,52.6698437494002],[-8.14914147618144,52.669885748681],[-8.14912755748968,52.6699317665881],[-8.14912125101023,52.669968490351],[-8.1491220292239,52.6700146785132],[-8.14912892673062,52.6700603556503],[-8.14913568290979,52.6701166297725],[-8.14912464230138,52.6701611969942],[-8.14911467642284,52.6702044236561],[-8.14909413121595,52.67024966794],[-8.14904216822911,52.6702603750377],[-8.14899234153669,52.6702688683885],[-8.14896528906246,52.670265810531],[-8.14889758290631,52.670273076984],[-8.14881015025367,52.6702533323747],[-8.14877571952762,52.6702457807675],[-8.14866931558239,52.6703735433392],[-8.14856863992544,52.6704902973669],[-8.14855222501343,52.6705111250726],[-8.14855374935097,52.6706074651264],[-8.14855913756951,52.6706267824913],[-8.14858198455235,52.6707063332681],[-8.14857948276877,52.6707185061043],[-8.14857001383489,52.6707645902648],[-8.14856815467199,52.6708310945229],[-8.14855592584458,52.6710137991534],[-8.14855495960172,52.6712912766981],[-8.14856858999119,52.6713212434518],[-8.14858062496794,52.671342907328],[-8.1485817245212,52.6713488649676],[-8.14864383738889,52.6716840020674],[-8.1487098564238,52.6720065960115],[-8.14874875092529,52.6724312552566],[-8.1487847729568,52.6726455908441],[-8.14876603473901,52.6727400688212],[-8.14875962403551,52.6727724335179],[-8.14878237541474,52.6728408123154],[-8.14880676365436,52.6728643571162],[-8.14885935357368,52.6728718679327],[-8.14887662953241,52.6728822902434],[-8.14889211636596,52.6728970559829],[-8.14889965646762,52.6729098723281],[-8.14889238707755,52.672920145708],[-8.14887435109363,52.6729688830961],[-8.14884719415238,52.673039993975],[-8.14883309367954,52.6730720627394],[-8.14882259327762,52.6730844523417],[-8.14880791537696,52.673098896442],[-8.14879932416559,52.6731118139349],[-8.14878319434792,52.6731384744897],[-8.14877479312355,52.6731594449527],[-8.1487703959807,52.6731838977173],[-8.14877402401881,52.6731942023515],[-8.14878288879304,52.6732139287806],[-8.14880650838151,52.6732461838761],[-8.14881719257586,52.6732661147414],[-8.14882347296251,52.6732824199998],[-8.14882289549125,52.6732995877243],[-8.14882002256486,52.6733156977517],[-8.14880953892722,52.673333039696],[-8.1487750605311,52.6733556966771],[-8.1487393519968,52.6733818694831],[-8.14867161511294,52.6734294288533],[-8.14863786953415,52.6734502153798],[-8.14860295828462,52.6734717313825],[-8.14856232568843,52.6734935331723],[-8.14843561177274,52.6734948064245],[-8.1483965484679,52.6735608539065],[-8.14840580073753,52.6736295103169],[-8.1484737868027,52.6737686845872],[-8.14850424975669,52.673839363672],[-8.14849617419199,52.6739302959608],[-8.14855819426787,52.6739843437242],[-8.14856396244189,52.6739760585867],[-8.14862379376243,52.6739863826493],[-8.14862906541726,52.6740235052886],[-8.14866767376076,52.6740455672455],[-8.1486851740939,52.6740653367758],[-8.14869621744368,52.6740821304019],[-8.14880426604313,52.6741094080794],[-8.14896871609323,52.6741427086243],[-8.14904346030608,52.6741857388819],[-8.14907372184414,52.6742142645537],[-8.14908904546364,52.6742287069032],[-8.14910192863718,52.6742907255735],[-8.14895966980361,52.674317499793],[-8.14881188349709,52.6743407664902],[-8.1486460675931,52.6743408846626],[-8.1486317184189,52.6743739064309],[-8.14858778477285,52.6743905173262],[-8.14856539112556,52.6743972324344],[-8.1485256387541,52.6744085171959],[-8.14849453254459,52.674414272508],[-8.14845800306026,52.6744210322674],[-8.14839405558113,52.6744310709952],[-8.1482957536265,52.6743915301676],[-8.14814129329026,52.6744483833811],[-8.14813036482527,52.6744524056669],[-8.14811227790316,52.6744515384605],[-8.1480997116707,52.6744784730896],[-8.14812275380964,52.6745148185559],[-8.14812193702566,52.6745837302339],[-8.148121324903,52.674634459021],[-8.14815472440899,52.6747295817549],[-8.14817793111252,52.6747839208903],[-8.1480691893791,52.6748843983083],[-8.1480071537043,52.6749090668292],[-8.14789083496965,52.6749247252208],[-8.14779427207271,52.6749231019938],[-8.14767643374444,52.674900347549],[-8.14758882449994,52.6748834334756],[-8.14755587355083,52.6748772278691],[-8.14750382086273,52.6748674328666],[-8.14725702773215,52.6748973999651],[-8.1470323782859,52.6749122123559],[-8.14693600893811,52.6749241869658],[-8.14689710851586,52.6749208197568],[-8.14684819395874,52.6748767135527],[-8.1468438738116,52.6748230697998],[-8.14684721413928,52.674730022348],[-8.14685172125128,52.6747159506141],[-8.14685546747372,52.6747042706188],[-8.14689224146296,52.6745895117769],[-8.14688692942946,52.6745487489926],[-8.1468461925453,52.6745003094445],[-8.14669252226772,52.6744582023965],[-8.14656702365169,52.6744390694859],[-8.14634798205258,52.6744056892166],[-8.14621052146603,52.6743910017588],[-8.14610000660726,52.6743555097669],[-8.14591809727776,52.674234117805],[-8.14588494716532,52.6741412680815],[-8.14589166848148,52.6739573122945],[-8.14588410185612,52.6739230055892],[-8.14574577433951,52.6738028180239],[-8.14559539688959,52.6737449496134],[-8.14530359518739,52.6736756779694],[-8.14496752813126,52.6736388523478],[-8.14475885570498,52.6736185159597],[-8.14459098086019,52.6736525335487],[-8.14443956671359,52.6736832142866],[-8.14425947489771,52.6736849076234],[-8.14417782953446,52.6736863371768],[-8.14408292162648,52.6736880074946],[-8.14391137271192,52.6737111172067],[-8.14382932337323,52.673738135723],[-8.14352472818113,52.6738384420125],[-8.14343896422945,52.6738510750372],[-8.14321345925202,52.6738064888145],[-8.14317100910208,52.6738024236108],[-8.14295511108685,52.6738515337262],[-8.14260665858944,52.6739342831313],[-8.14254473783174,52.6739675321564],[-8.14239024784256,52.674271789373],[-8.14237610657396,52.6743520148749],[-8.14231364441697,52.6744282088779],[-8.14224677270031,52.6744443146693],[-8.14219253267167,52.6744388791178],[-8.14208973225674,52.6743646809864],[-8.14201049784357,52.6743074687343],[-8.1419796617931,52.6742918935942],[-8.14194443220319,52.6742985239577],[-8.1418999349183,52.6743244805218],[-8.14184286312875,52.6743577503366],[-8.1416210791717,52.6744307550438],[-8.14157103553563,52.6744472358173],[-8.14151025738075,52.674477624764],[-8.14141765941942,52.6745861839396],[-8.14134080943032,52.674694939975],[-8.14131613963376,52.6747298516412],[-8.14129545327794,52.6747436638238],[-8.14105029971943,52.6749073298456],[-8.14101835013704,52.6749776266993],[-8.1410460911461,52.6750605974523],[-8.14105775201828,52.675095492791],[-8.14111447166002,52.675191084078],[-8.14113246908619,52.675214602103],[-8.14112216825395,52.6752346934564],[-8.14108748027247,52.6752490705352],[-8.14103254585176,52.6753129593687],[-8.14092912782526,52.6753501397018],[-8.14077115757682,52.6753725276538],[-8.14056213043169,52.675377242717],[-8.14050799595756,52.6753911753103],[-8.14046071710533,52.675435676774],[-8.14044125866558,52.6754544756649],[-8.14042078831504,52.6754989543347],[-8.14040550362927,52.675597372555],[-8.14038740800452,52.6757138239351],[-8.14026653048266,52.6759835516954],[-8.14005672156592,52.6761285148042],[-8.13998732561622,52.6761331806334],[-8.13993039334192,52.6761048638996],[-8.13989176671436,52.6760392345208],[-8.13989599182798,52.6760055786395],[-8.13991714889864,52.6759767832316],[-8.13995140941213,52.6759301402515],[-8.13995665002272,52.6758857425647],[-8.13988096270176,52.6757816615286],[-8.13964679212853,52.6756276324513],[-8.1392971483422,52.6754677706598],[-8.13918400075353,52.675459077399],[-8.13906365613004,52.6754749745266],[-8.13900890829981,52.6754822021411],[-8.13870040498907,52.6755604261622],[-8.13841390447186,52.6756950680343],[-8.13823344230553,52.6757929327282],[-8.13811134754294,52.6758591365004],[-8.13807814947108,52.6759244367006],[-8.13811097949506,52.6760284519816],[-8.13814602027992,52.6761394752782],[-8.13813850388938,52.6761896098479],[-8.13800030173216,52.6763205904654],[-8.13797164407343,52.6763722056815],[-8.13795249048238,52.676511720987],[-8.13791281576187,52.6766148769349],[-8.13783583358289,52.6767278102057],[-8.13782529461887,52.6767433087002],[-8.13775297456694,52.6767824723775],[-8.13777874524353,52.67687999765],[-8.13787023438898,52.6769972649298],[-8.1379254281982,52.6770558560904],[-8.13794161726982,52.6771111760664],[-8.13792644834235,52.677126221571],[-8.13771443137447,52.6771704371294],[-8.13757801900654,52.6772135309703],[-8.13752703855897,52.6772016002017],[-8.13738715805533,52.677086734612],[-8.1373265403599,52.6770619262046],[-8.13722478542994,52.6770328421907],[-8.13713782495985,52.677062621041],[-8.13712191592029,52.6770680681674],[-8.13706808729814,52.6771051428038],[-8.13699846996805,52.6771530841204],[-8.13674033696275,52.6774411493797],[-8.13667238574959,52.6774593834043],[-8.13658269496429,52.6774391290738],[-8.13652935882764,52.6774115345935],[-8.13650359011654,52.6773423121129],[-8.13648897602984,52.6773030785613],[-8.13644267218151,52.6772733008601],[-8.13634011553866,52.677257411322],[-8.13621112608837,52.6772818720174],[-8.13613292022811,52.6773264252469],[-8.136062560099,52.6773403924123],[-8.13598249863271,52.6773351004996],[-8.13584983209436,52.677270746094],[-8.13575077358818,52.677252685941],[-8.1356254819852,52.6772680100066],[-8.13556625600176,52.677377254387],[-8.13552535687186,52.6774260967354],[-8.13547115902609,52.6774400001302],[-8.13541677719459,52.6774422373511],[-8.13537166878686,52.6774210773111],[-8.13532295089314,52.6773707644639],[-8.13528643471615,52.6773449927516],[-8.13499839531989,52.6773617870595],[-8.13491387888281,52.6773743945074],[-8.13483462282956,52.6774241431094],[-8.13476667306012,52.6774430950756],[-8.13468894699653,52.677437476068],[-8.13463303506318,52.6774518843523],[-8.13459647952846,52.677461309285],[-8.1345196532413,52.677459769674],[-8.13447131565925,52.6774366895347],[-8.13444951967739,52.6774225402609],[-8.13440246060727,52.6773920076326],[-8.1342771171151,52.6774003377059],[-8.13422270204781,52.6774592793933],[-8.13418561961343,52.6774994705485],[-8.13409314671089,52.6775651243091],[-8.13408269978116,52.6775725421969],[-8.13400192218964,52.6776232356957],[-8.13395049188339,52.677662283549],[-8.1339600731102,52.6776715662617],[-8.13397318415476,52.6776793979244],[-8.13404840209885,52.6777206125179],[-8.13407441290635,52.6777348649531],[-8.13411059344811,52.677786369916],[-8.1341076813762,52.677830189464],[-8.13406584700386,52.677878520049],[-8.13401880977673,52.6778938527514],[-8.13395963781756,52.6778869899263],[-8.13384112573086,52.6778617687901],[-8.13370410629517,52.6777806364027],[-8.13362357868117,52.6777681350873],[-8.13353763572102,52.677706125204],[-8.13347612127644,52.6776632141106],[-8.13341709655387,52.6776220348571],[-8.13326527391492,52.6776616177961],[-8.13320785128978,52.6776949467393],[-8.13317990681045,52.6777157852414],[-8.13316227554984,52.6777289454311],[-8.13316612880319,52.6777511772893],[-8.13318460980629,52.6777694380157],[-8.13326440767031,52.6778483164555],[-8.13325402013816,52.6778656029714],[-8.13318456915474,52.6778824884879],[-8.13307249786885,52.677893858276],[-8.13294588802924,52.6778801678862],[-8.13288356138186,52.6778180231861],[-8.13288339561882,52.6778072558087],[-8.13290728828555,52.6777425067992],[-8.13291377186325,52.677700822408],[-8.13284599826834,52.6776710224362],[-8.13280303728934,52.6776554674939],[-8.13265264028648,52.6776630869021],[-8.13249992511709,52.6776767665886],[-8.1324350793761,52.6776663860681],[-8.1324039746941,52.6776300915229],[-8.13240123312714,52.6776183742988],[-8.13237149262854,52.6776028583606],[-8.13213830881861,52.6774811790112],[-8.13199738855041,52.6774928405896],[-8.13190094316276,52.6774926333669],[-8.13185792436044,52.6774871716137],[-8.13158984018673,52.6774528209688],[-8.13141713289479,52.677466602344],[-8.1313581045916,52.6774777229483],[-8.13124938846017,52.6774982280406],[-8.13119392685983,52.6774856613666],[-8.13116498594717,52.677435765333],[-8.13116815182233,52.6774213990862],[-8.13118485648991,52.6773455852201],[-8.13119454379548,52.6772819038618],[-8.13115831015678,52.6772163229353],[-8.13110950844113,52.6771758322793],[-8.13087502969045,52.6770988759113],[-8.130794736381,52.6771146215425],[-8.13077744475378,52.6771228286432],[-8.13075953290661,52.6771313240399],[-8.1307026450712,52.6772005580426],[-8.13067224971481,52.6772229805364],[-8.13064865779533,52.6772259815522],[-8.13052071725128,52.6772015224743],[-8.13048733948328,52.6771808779481],[-8.13049326397663,52.6770997012489],[-8.13052439179842,52.6770650364057],[-8.13054443617891,52.6770427062405],[-8.13060945661781,52.6769633788712],[-8.13061582998088,52.6769137943141],[-8.13057112030074,52.676851817724],[-8.13045870047607,52.676874591137],[-8.13042543412475,52.6768813327549],[-8.13010255063548,52.6769209379555],[-8.1299218304906,52.6769497717772],[-8.12984784390945,52.6769580228922],[-8.12960840314353,52.6769121138334],[-8.12954316454599,52.6768332979054],[-8.12946311234112,52.676770532624],[-8.12936686454503,52.6767315491057],[-8.12916812763169,52.676713205712],[-8.12899098860488,52.676717730795],[-8.12892521981292,52.6767446493532],[-8.12892831466409,52.6767963356906],[-8.12895960435863,52.6768363789254],[-8.12894581434308,52.676863735272],[-8.1288739705349,52.6769569465425],[-8.12880475084758,52.6769721125454],[-8.12868376390042,52.6769834698981],[-8.12856146104619,52.6769848339539],[-8.12833065236272,52.677048242378],[-8.12821207111532,52.6770631738487],[-8.1280586184329,52.6771075874017],[-8.12796895494747,52.6771709683869],[-8.12771828264138,52.6772437804773],[-8.12758472654567,52.6773520133818],[-8.12746002804684,52.6773892857372],[-8.12712562308201,52.6773845846202],[-8.12693139492508,52.6773511328871],[-8.12673443707384,52.6772889942193],[-8.12655996972939,52.6772620280244],[-8.12649414287283,52.6772645250333],[-8.12644476744353,52.6772901753921],[-8.1262952379457,52.677311402553],[-8.12623384719742,52.677313876715],[-8.12620539254976,52.6773075615209],[-8.12619584883666,52.6773004352496],[-8.12617927949002,52.6772157864034],[-8.1261552392829,52.6771864753231],[-8.1261115470097,52.6771881396454],[-8.12603758532896,52.6772208445658],[-8.12579863599451,52.6773657055077],[-8.12570405698767,52.6774437583247],[-8.1256914267724,52.6774689559512],[-8.12567126553684,52.6775494014957],[-8.1255404540767,52.6776112513625],[-8.12535569514769,52.6776880062373],[-8.12489128347836,52.6777848113002],[-8.12468523380378,52.6778530939452],[-8.12458103107096,52.6778865218289],[-8.12425919202129,52.6779182365602],[-8.12401974601298,52.6779538009656],[-8.12383059667737,52.6779698085086],[-8.12380765772557,52.677989623931],[-8.12376972358899,52.6779988492278],[-8.12374705447345,52.6780042746516],[-8.12368187763176,52.6780174650778],[-8.12366316483302,52.6780204865754],[-8.12358397550167,52.6780202186307],[-8.12353479691375,52.6780169533387],[-8.12347266048746,52.678007113358],[-8.12344669025203,52.6780008398544],[-8.12342693386006,52.6779956204531],[-8.12336387857284,52.6779850443604],[-8.12308292654291,52.6779853364122],[-8.12295667014197,52.6780122335492],[-8.12281494846124,52.6780454381393],[-8.12273387487051,52.6780640732334],[-8.12270665476669,52.6780708603502],[-8.1226500214246,52.6780775430782],[-8.1226234178439,52.678077426794],[-8.12259228698458,52.6780870850853],[-8.12243165726795,52.6781383385927],[-8.12237747189483,52.6781690883862],[-8.12234975908427,52.6781848189376],[-8.12235848039777,52.6782206089315],[-8.1224393693463,52.6783314636474],[-8.12244367457353,52.6783427390746],[-8.12244172048513,52.6783948801765],[-8.12237556135124,52.678453792586],[-8.12230059639548,52.6784837908291],[-8.12222134764635,52.6784890226588],[-8.12214110118841,52.6784811780001],[-8.12198413920656,52.6784483179071],[-8.12188369413197,52.6784197856271],[-8.12177933632127,52.6784465601218],[-8.12172923263845,52.6784723710407],[-8.1216741634049,52.6785046763331],[-8.1216410868472,52.6785327616625],[-8.12163363367243,52.678543393064],[-8.12160783089909,52.6785814655173],[-8.12157437887861,52.6786501228058],[-8.12155636126174,52.6787012916892],[-8.12153463656049,52.6787861422069],[-8.12151895132136,52.678814542223],[-8.12149731928382,52.6788475591488],[-8.12145215333873,52.6788890578425],[-8.1214514658934,52.6789024595752],[-8.12144945658049,52.6789351238316],[-8.1214281309012,52.6789773350995],[-8.12140719778704,52.6790384745763],[-8.12139539565215,52.6790913807274],[-8.12139353657464,52.6791089091265],[-8.12140443020129,52.6791550241103],[-8.12141956623344,52.6791684815391],[-8.12142394498836,52.679185005887],[-8.12142562691964,52.679247587233],[-8.12139412670588,52.6792897729622],[-8.12140751726792,52.6793083822728],[-8.12141927064915,52.6793232093335],[-8.1214501115053,52.6793525413593],[-8.12145267320142,52.679380401367],[-8.12142858955624,52.679414706065],[-8.12138746099444,52.6794565061841],[-8.12133374879853,52.6795147760977],[-8.12131832486841,52.6795308803066],[-8.12130804781054,52.6795418471296],[-8.1212943455482,52.6795548667081],[-8.12122314983811,52.6796065393308],[-8.1211282328362,52.6796526366615],[-8.12109077108776,52.6796676308757],[-8.12103499525932,52.6797018240541],[-8.12100759237659,52.6797285552156],[-8.12100073853465,52.6797367861817],[-8.12098229254314,52.6797724781636],[-8.12096041598279,52.6798136562895],[-8.12093641055791,52.6798390267874],[-8.1209131112662,52.6798523527138],[-8.12088019088938,52.6798625606418],[-8.12086653616556,52.6798714546548],[-8.12083237735383,52.679888404791],[-8.12081535597975,52.6798937969311],[-8.12065791767884,52.6799256937174],[-8.12021301879279,52.6800104616318],[-8.12018428390833,52.6800155150292],[-8.11998621800513,52.6799006789666],[-8.11971687060299,52.6797849079306],[-8.11946169254892,52.6797290176693],[-8.11919708138411,52.6797115957616],[-8.11901307579685,52.6796919981736],[-8.1189902359847,52.679689567393],[-8.11870235624609,52.6796204870502],[-8.11849606669428,52.6795686262722],[-8.11847773151037,52.679564015807],[-8.1183995839609,52.6795726773742],[-8.11836948509405,52.6795818931132],[-8.11786625412844,52.6797358726946],[-8.11749039449761,52.6798796754394],[-8.11721347051826,52.6799694784992],[-8.11714717147226,52.6799961932921],[-8.11703402852499,52.6800417570847],[-8.1169837537916,52.6800938379193],[-8.11692600880187,52.6801728809456],[-8.11688402973764,52.6802303463204],[-8.11679395597053,52.6803036059526],[-8.11662918779508,52.6803779906168],[-8.11615499779747,52.6805083769305],[-8.11555839696953,52.6806603349562],[-8.11510481046027,52.6807660340576],[-8.11497979721041,52.6807981884082],[-8.11444360422679,52.6809176267436],[-8.11426039757594,52.6809559572898],[-8.11401570273788,52.6810071455384],[-8.11383778082073,52.6810591140446],[-8.11350087907083,52.6812196561564],[-8.11342732219989,52.6812607475301],[-8.1133228715045,52.6813190982802],[-8.11316051950179,52.6813822318811],[-8.1130003997964,52.6816228659948],[-8.11294207351115,52.6816463890948],[-8.11283358749207,52.6816831991579],[-8.11276081482872,52.6816962739539],[-8.11218425383337,52.6818882461591],[-8.1118763217056,52.681977508799],[-8.11176584655009,52.6819599517038],[-8.1115461004836,52.6819214116659],[-8.11136618499544,52.6819190102719],[-8.11115508056954,52.6819404019699],[-8.11074027537533,52.6820045686213],[-8.11036543817173,52.6820546754288],[-8.11035266901589,52.6820229059572],[-8.1101786058156,52.6819249375243],[-8.11001263782156,52.6818641983624],[-8.10991807022634,52.6818440452425],[-8.1093075897568,52.6818134754979],[-8.10895598334698,52.6817970636392],[-8.1079181536059,52.6817459188733],[-8.10707905034487,52.6817145389118],[-8.10696689288801,52.6816005562308],[-8.1069389611258,52.6815721795369],[-8.1069033183434,52.6815958589585],[-8.10677657491208,52.6816800194262],[-8.10664158191843,52.6817351381532],[-8.1065090941569,52.681780655354],[-8.10643801457138,52.6818157541896],[-8.10634480401746,52.681866484891],[-8.10617386617329,52.6819983204332],[-8.10608707815549,52.6820815275946],[-8.10600905428009,52.6821563500938],[-8.10589750491189,52.6823114468239],[-8.10583742902882,52.6824023775368],[-8.10580154201233,52.6824540362983],[-8.10584884244879,52.6824864135724],[-8.10586838670528,52.6825629553909],[-8.10587875665068,52.6826435499725],[-8.10587347852038,52.68276044284],[-8.10586760111506,52.6828741634976],[-8.10585987358169,52.6830239993439],[-8.10586874039943,52.6831190209043],[-8.10587216037119,52.6832000171547],[-8.10587576884972,52.6832855701204],[-8.1058757861975,52.6833722497844],[-8.1058989315216,52.6833965504722],[-8.10600214977437,52.6834766486077],[-8.1060797696107,52.6835392970096],[-8.10599837647333,52.6836224543158],[-8.10594414264408,52.6836713073003],[-8.10589407027303,52.6837163905963],[-8.10573866857185,52.6838607587486],[-8.1056863803715,52.6839071112308],[-8.10547257565245,52.6840467225352],[-8.10525761779982,52.6841870984487],[-8.1049406491868,52.6844062806659],[-8.10466176254277,52.6845701436136],[-8.10442707219244,52.684742604383],[-8.10437225320469,52.6847892730849],[-8.10420019417872,52.6849358109597],[-8.10404415830949,52.6850602152092],[-8.1039039480886,52.685141427338],[-8.10379373955689,52.6852009161595],[-8.10367102671125,52.6852577553846],[-8.10363218577996,52.6852757382518],[-8.10339463722003,52.6853560191887],[-8.10311978565654,52.6854609770203],[-8.10291092298538,52.6855704248415],[-8.102719445613,52.6856642272112],[-8.10257372914051,52.6857391959132],[-8.10241343201499,52.685809206704],[-8.10237340089862,52.6858246465995],[-8.10230309855732,52.6858294798815],[-8.10220460856972,52.6858292232919],[-8.10217010637159,52.6858308708604],[-8.10214453657988,52.6858320882899],[-8.1020979074194,52.6858405861037],[-8.10205805240896,52.685849149971],[-8.10199773658251,52.6858616411823],[-8.10194808337616,52.6858990017962],[-8.10188126080636,52.6859437652276],[-8.10183978071585,52.6859722656561],[-8.10179817705037,52.6860048916378],[-8.10173009333907,52.6860544556228],[-8.10166198310694,52.6861054037328],[-8.10162348281163,52.686149747257],[-8.10160570210931,52.6861805371834],[-8.10156827142555,52.686226955985],[-8.10147028993427,52.6863124612132],[-8.10141074509032,52.6863644174812],[-8.10124069443842,52.686548527847],[-8.10115092496467,52.6866488019549],[-8.10110343573147,52.6867336526013],[-8.10103859279719,52.6869641764575],[-8.10099138430203,52.6871260803601],[-8.10097830700737,52.6871764329089],[-8.1009568729124,52.6872588884787],[-8.10094234404879,52.6873147968005],[-8.10090082833478,52.6874313427054],[-8.100885523665,52.6874972462592],[-8.10083315767285,52.6875524677237],[-8.10072745025437,52.6876119947777],[-8.10061973836501,52.6876618703997],[-8.10056074826875,52.6876668098872],[-8.10041860661309,52.6876475613806],[-8.10038461921819,52.687648605801],[-8.10030239797112,52.687675342587],[-8.10020452636371,52.6876950370191],[-8.10008280405957,52.6877179512114],[-8.09996232790581,52.6877360646724],[-8.09990860674898,52.6877554969258],[-8.09984186173428,52.6877975088195],[-8.09976580512029,52.6878490467308],[-8.09965793103245,52.6879323657044],[-8.09961147203936,52.6880103391],[-8.09956835997633,52.6880251694508],[-8.09943604752907,52.6880683147156],[-8.09931636520638,52.6881304497379],[-8.09925084944671,52.6881671394109],[-8.09918796304889,52.6882023438391],[-8.09912093434159,52.6882372550955],[-8.09903889306261,52.6883182150361],[-8.09900680508153,52.6883745332463],[-8.09890795935497,52.688428839938],[-8.09885913938823,52.6884511887013],[-8.09884066464649,52.6885034149921],[-8.09876762794513,52.6885898948103],[-8.09871397026605,52.6886578522999],[-8.09843840772682,52.6886450219675],[-8.09837969844678,52.6886242366798],[-8.09828042541065,52.6885744629715],[-8.09816662644203,52.6884978272978],[-8.09806152241498,52.6884001615533],[-8.0980448505434,52.6883860193523],[-8.09798549890889,52.6883357360126],[-8.09781999521397,52.688208073306],[-8.09770393493553,52.6881314300619],[-8.09764302783313,52.6880996360042],[-8.09751749888508,52.6880216791488],[-8.09745247125111,52.6879925398217],[-8.09747873634015,52.6879575372013],[-8.09741446438356,52.6879222944266],[-8.09727690939337,52.687843529294],[-8.09723886216571,52.6878348332263],[-8.09712120663176,52.6877716007093],[-8.09698930743207,52.6876949158078],[-8.09682951343217,52.6875583220191],[-8.09669133087054,52.6874087228265],[-8.09667565556143,52.6873833357154],[-8.09664878790247,52.6873398290689],[-8.09635040573043,52.687277165415],[-8.09621667654862,52.6872481531266],[-8.09582948887052,52.687164150949],[-8.09575366448479,52.6871477013856],[-8.09521124197551,52.6870197636266],[-8.0948564747781,52.6869266813791],[-8.09475157864724,52.6868720736957],[-8.09456090156793,52.6867856092366],[-8.09439649200198,52.6866641335352],[-8.09428329022933,52.6865022071429],[-8.094239777191,52.68641336906],[-8.09418636488664,52.6862811720474],[-8.09412000819157,52.6860581442418],[-8.09408384175976,52.6859050275482],[-8.09405254735431,52.6858303087222],[-8.09396518928062,52.6856966465268],[-8.09387285585286,52.685629004581],[-8.09374764505666,52.6855688485517],[-8.09350934452711,52.6854932594843],[-8.09319715547462,52.6854120746368],[-8.09318165936693,52.6854140012481],[-8.09303024843215,52.6853778448598],[-8.09288339921273,52.6853375772177],[-8.09280171470614,52.6853106324463],[-8.0924800085866,52.6852179126502],[-8.09231976281354,52.6851717317101],[-8.09205996334278,52.6850967766335],[-8.09191765365928,52.6850551381025],[-8.09181489438147,52.6850211714358],[-8.09171112307866,52.6849700025551],[-8.09161757676926,52.6849140530879],[-8.0914947354734,52.6848387571593],[-8.09142942510688,52.6847904434678],[-8.09138926440734,52.6847593851664],[-8.09130897277799,52.6846972774873],[-8.09118199512674,52.6845669512885],[-8.09106560767736,52.6844649917297],[-8.09094121661192,52.6843331982478],[-8.09086166448766,52.6842490332993],[-8.09061558144791,52.6839945934216],[-8.09048850607562,52.6838794022258],[-8.09022555481358,52.6836118430225],[-8.08989617207188,52.6832939023028],[-8.08983573691719,52.683284250132],[-8.08979555530999,52.6832778272362],[-8.08975285894975,52.6832350679992],[-8.08970385746987,52.6832332445856],[-8.08964409122614,52.6832035127583],[-8.0895761133543,52.6831575998303],[-8.08952538654005,52.6831292632304],[-8.08944971552143,52.6830819539207],[-8.08941136178169,52.6830579760726],[-8.08916469314951,52.6829660714502],[-8.08896339654068,52.6828945528676],[-8.08890124727259,52.6828779628182],[-8.08886914545337,52.6828517780606]]]},"properties":{"sa_code":"217064001","sa_guid_2022":"4c07d11d-f557-851d-e053-ca3ca8c0ca7f","ed_code":"217064","ed_name":"CURRAHEEN","census_vintage":2022,"population_total":291,"population_65_plus":63,"households_no_car":11,"households_car_availability_total":104,"no_car_household_share":0.105769,"older_no_car_population_estimate":6.7,"older_no_car_estimate_method":"ecological proxy: population_65_plus × no-car-household share; not an observed age-by-car cross-tabulation","urban_rural_category":"5. Rural areas with moderate urban influence","legacy_administrative_area":"SOUTH TIPPERARY","county":"Tipperary","pobal_ed_index_relative_weighted":-2.22,"pobal_ed_category":"Marginally Below Average","pobal_geography_level":"Electoral Division (not Small Area)","cso_gp_person_median_distance_km_2026":9.2,"cso_gp_dwelling_median_distance_km_2026":9.1,"cso_health_distance_measure":"published median distance to nearest GP; not transit journey time","screening_exposure_person_km":61.3}}]}
