sa_code,sa_guid_2022,ed_code,ed_name,census_vintage,population_total,population_65_plus,households_no_car,households_car_availability_total,no_car_household_share,older_no_car_population_estimate,older_no_car_estimate_method,urban_rural_category,legacy_administrative_area,county,pobal_ed_index_relative_weighted,pobal_ed_category,pobal_geography_level,cso_gp_person_median_distance_km_2026,cso_gp_dwelling_median_distance_km_2026,cso_health_distance_measure,screening_exposure_person_km
217001001,4c07d11d-f554-851d-e053-ca3ca8c0ca7f,217001,ABINGTON,2022,166,25,8,69,0.115942,2.9,ecological proxy: population_65_plus × no-car-household share; not an observed age-by-car cross-tabulation,5. Rural areas with moderate urban influence,NORTH TIPPERARY,Tipperary,-2.32,Marginally Below Average,Electoral Division (not Small Area),12.5,12.5,published median distance to nearest GP; not transit journey time,36.2
217001002,4c07d11d-f555-851d-e053-ca3ca8c0ca7f,217001,ABINGTON,2022,474,73,6,161,0.037267,2.7,ecological proxy: population_65_plus × no-car-household share; not an observed age-by-car cross-tabulation,4. Rural areas with high urban influence,NORTH TIPPERARY,Tipperary,-2.32,Marginally Below Average,Electoral Division (not Small Area),13.6,13.6,published median distance to nearest GP; not transit journey time,37.0
217002001,4c07d11d-f5a4-851d-e053-ca3ca8c0ca7f,217002,AGHNAMEADLE,2022,350,61,0,102,0.0,0.0,ecological proxy: population_65_plus × no-car-household share; not an observed age-by-car cross-tabulation,5. Rural areas with moderate urban influence,NORTH TIPPERARY,Tipperary,6.24,Marginally Above Average,Electoral Division (not Small Area),5.7,5.7,published median distance to nearest GP; not transit journey time,0.0
217003001,4c07d11d-f770-851d-e053-ca3ca8c0ca7f,217003,AGLISHCLOGHANE,2022,267,59,6,107,0.056075,3.3,ecological proxy: population_65_plus × no-car-household share; not an observed age-by-car cross-tabulation,5. Rural areas with moderate urban influence,NORTH TIPPERARY,Tipperary,-6.91,Marginally Below Average,Electoral Division (not Small Area),7.3,7.4,published median distance to nearest GP; not transit journey time,24.2
217004001,4c07d11d-f506-851d-e053-ca3ca8c0ca7f,217004,ANNER,2022,402,55,5,134,0.037313,2.1,ecological proxy: population_65_plus × no-car-household share; not an observed age-by-car cross-tabulation,4. Rural areas with high urban influence,SOUTH TIPPERARY,Tipperary,5.4,Marginally Above Average,Electoral Division (not Small Area),6.2,6.2,published median distance to nearest GP; not transit journey time,12.7
217005001,4c07d11e-12b1-851d-e053-ca3ca8c0ca7f,217005,ARDCRONY,2022,275,45,3,95,0.031579,1.4,ecological proxy: population_65_plus × no-car-household share; not an observed age-by-car cross-tabulation,5. Rural areas with moderate urban influence,NORTH TIPPERARY,Tipperary,4.73,Marginally Above Average,Electoral Division (not Small Area),8.2,8.2,published median distance to nearest GP; not transit journey time,11.7
217005002,4c07d11d-f75d-851d-e053-ca3ca8c0ca7f,217005,ARDCRONY,2022,361,46,4,94,0.042553,2.0,ecological proxy: population_65_plus × no-car-household share; not an observed age-by-car cross-tabulation,5. Rural areas with moderate urban influence,NORTH TIPPERARY,Tipperary,4.73,Marginally Above Average,Electoral Division (not Small Area),7.9,7.9,published median distance to nearest GP; not transit journey time,15.5
217006001,4c07d11e-11a4-851d-e053-ca3ca8c0ca7f,217006,ARDFINNAN,2022,253,53,2,95,0.021053,1.1,ecological proxy: population_65_plus × no-car-household share; not an observed age-by-car cross-tabulation,5. Rural areas with moderate urban influence,SOUTH TIPPERARY,Tipperary,-0.31,Marginally Below Average,Electoral Division (not Small Area),10.5,10.6,published median distance to nearest GP; not transit journey time,11.7
217006002,4c07d11e-03f7-851d-e053-ca3ca8c0ca7f,217006,ARDFINNAN,2022,258,34,10,100,0.1,3.4,ecological proxy: population_65_plus × no-car-household share; not an observed age-by-car cross-tabulation,5. Rural areas with moderate urban influence,SOUTH TIPPERARY,Tipperary,-0.31,Marginally Below Average,Electoral Division (not Small Area),9.6,9.6,published median distance to nearest GP; not transit journey time,32.6
217006003,4c07d11e-142f-851d-e053-ca3ca8c0ca7f,217006,ARDFINNAN,2022,181,32,10,74,0.135135,4.3,ecological proxy: population_65_plus × no-car-household share; not an observed age-by-car cross-tabulation,6. Highly rural/remote areas,SOUTH TIPPERARY,Tipperary,-0.31,Marginally Below Average,Electoral Division (not Small Area),9.8,9.8,published median distance to nearest GP; not transit journey time,42.4
217006004,4c07d11e-11a5-851d-e053-ca3ca8c0ca7f,217006,ARDFINNAN,2022,269,48,3,95,0.031579,1.5,ecological proxy: population_65_plus × no-car-household share; not an observed age-by-car cross-tabulation,5. Rural areas with moderate urban influence,SOUTH TIPPERARY,Tipperary,-0.31,Marginally Below Average,Electoral Division (not Small Area),9.8,9.9,published median distance to nearest GP; not transit journey time,14.9
217006005,4c07d11e-1430-851d-e053-ca3ca8c0ca7f,217006,ARDFINNAN,2022,217,51,18,89,0.202247,10.3,ecological proxy: population_65_plus × no-car-household share; not an observed age-by-car cross-tabulation,6. Highly rural/remote areas,SOUTH TIPPERARY,Tipperary,-0.31,Marginally Below Average,Electoral Division (not Small Area),9.7,9.7,published median distance to nearest GP; not transit journey time,100.1
217007001,4c07d11d-f50c-851d-e053-ca3ca8c0ca7f,217007,ARDMAYLE,2022,494,98,7,181,0.038674,3.8,ecological proxy: population_65_plus × no-car-household share; not an observed age-by-car cross-tabulation,4. Rural areas with high urban influence,SOUTH TIPPERARY,Tipperary,0.54,Marginally Above Average,Electoral Division (not Small Area),7.4,7.4,published median distance to nearest GP; not transit journey time,28.0
217007002,4c07d11e-0dd9-851d-e053-ca3ca8c0ca7f,217007,ARDMAYLE,2022,171,21,5,58,0.086207,1.8,ecological proxy: population_65_plus × no-car-household share; not an observed age-by-car cross-tabulation,6. Highly rural/remote areas,SOUTH TIPPERARY,Tipperary,0.54,Marginally Above Average,Electoral Division (not Small Area),6.3,6.3,published median distance to nearest GP; not transit journey time,11.4
217008001,4c07d11e-0dcb-851d-e053-ca3ca8c0ca7f,217008,ARDSALLAGH,2022,240,40,1,88,0.011364,0.5,ecological proxy: population_65_plus × no-car-household share; not an observed age-by-car cross-tabulation,5. Rural areas with moderate urban influence,SOUTH TIPPERARY,Tipperary,7.64,Marginally Above Average,Electoral Division (not Small Area),6.3,6.2,published median distance to nearest GP; not transit journey time,2.9
217008002,4c07d11d-f50b-851d-e053-ca3ca8c0ca7f,217008,ARDSALLAGH,2022,230,35,3,79,0.037975,1.3,ecological proxy: population_65_plus × no-car-household share; not an observed age-by-car cross-tabulation,6. Highly rural/remote areas,SOUTH TIPPERARY,Tipperary,7.64,Marginally Above Average,Electoral Division (not Small Area),8.5,8.7,published median distance to nearest GP; not transit journey time,11.3
217009001,4c07d11e-1a11-851d-e053-ca3ca8c0ca7f,217009,BALLINA,2022,361,22,2,110,0.018182,0.4,ecological proxy: population_65_plus × no-car-household share; not an observed age-by-car cross-tabulation,2. Satellite urban towns,NORTH TIPPERARY,Tipperary,9.46,Marginally Above Average,Electoral Division (not Small Area),1.1,1.1,published median distance to nearest GP; not transit journey time,0.4
217009002,4c07d11d-f937-851d-e053-ca3ca8c0ca7f,217009,BALLINA,2022,292,18,0,86,0.0,0.0,ecological proxy: population_65_plus × no-car-household share; not an observed age-by-car cross-tabulation,2. Satellite urban towns,NORTH TIPPERARY,Tipperary,9.46,Marginally Above Average,Electoral Division (not Small Area),1.5,1.5,published median distance to nearest GP; not transit journey time,0.0
217009003,4c07d11e-1a05-851d-e053-ca3ca8c0ca7f,217009,BALLINA,2022,268,45,9,92,0.097826,4.4,ecological proxy: population_65_plus × no-car-household share; not an observed age-by-car cross-tabulation,2. Satellite urban towns,NORTH TIPPERARY,Tipperary,9.46,Marginally Above Average,Electoral Division (not Small Area),0.8,0.7,published median distance to nearest GP; not transit journey time,3.5
217009004,4c07d11d-f938-851d-e053-ca3ca8c0ca7f,217009,BALLINA,2022,254,43,6,101,0.059406,2.6,ecological proxy: population_65_plus × no-car-household share; not an observed age-by-car cross-tabulation,2. Satellite urban towns,NORTH TIPPERARY,Tipperary,9.46,Marginally Above Average,Electoral Division (not Small Area),1.1,1.0,published median distance to nearest GP; not transit journey time,2.8
217009005,4c07d11d-f951-851d-e053-ca3ca8c0ca7f,217009,BALLINA,2022,237,31,4,82,0.04878,1.5,ecological proxy: population_65_plus × no-car-household share; not an observed age-by-car cross-tabulation,2. Satellite urban towns,NORTH TIPPERARY,Tipperary,9.46,Marginally Above Average,Electoral Division (not Small Area),0.3,0.3,published median distance to nearest GP; not transit journey time,0.5
217009006,4c07d11d-f947-851d-e053-ca3ca8c0ca7f,217009,BALLINA,2022,260,29,5,99,0.050505,1.5,ecological proxy: population_65_plus × no-car-household share; not an observed age-by-car cross-tabulation,2. Satellite urban towns,NORTH TIPPERARY,Tipperary,9.46,Marginally Above Average,Electoral Division (not Small Area),0.3,0.3,published median distance to nearest GP; not transit journey time,0.4
217009007,4c07d11e-1a04-851d-e053-ca3ca8c0ca7f,217009,BALLINA,2022,168,33,3,57,0.052632,1.7,ecological proxy: population_65_plus × no-car-household share; not an observed age-by-car cross-tabulation,2. Satellite urban towns,NORTH TIPPERARY,Tipperary,9.46,Marginally Above Average,Electoral Division (not Small Area),0.7,0.7,published median distance to nearest GP; not transit journey time,1.2
217009008,4c07d11d-f946-851d-e053-ca3ca8c0ca7f,217009,BALLINA,2022,451,40,4,139,0.028777,1.2,ecological proxy: population_65_plus × no-car-household share; not an observed age-by-car cross-tabulation,2. Satellite urban towns,NORTH TIPPERARY,Tipperary,9.46,Marginally Above Average,Electoral Division (not Small Area),1.1,1.0,published median distance to nearest GP; not transit journey time,1.3
217009009,4c07d11d-f59b-851d-e053-ca3ca8c0ca7f,217009,BALLINA,2022,455,73,1,143,0.006993,0.5,ecological proxy: population_65_plus × no-car-household share; not an observed age-by-car cross-tabulation,4. Rural areas with high urban influence,NORTH TIPPERARY,Tipperary,9.46,Marginally Above Average,Electoral Division (not Small Area),3.6,3.5,published median distance to nearest GP; not transit journey time,1.8
217009010,4c07d11e-00b6-851d-e053-ca3ca8c0ca7f,217009,BALLINA,2022,205,44,2,71,0.028169,1.2,ecological proxy: population_65_plus × no-car-household share; not an observed age-by-car cross-tabulation,2. Satellite urban towns,NORTH TIPPERARY,Tipperary,9.46,Marginally Above Average,Electoral Division (not Small Area),1.8,1.7,published median distance to nearest GP; not transit journey time,2.2
217009011,4c07d11e-1a06-851d-e053-ca3ca8c0ca7f,217009,BALLINA,2022,270,11,4,95,0.042105,0.5,ecological proxy: population_65_plus × no-car-household share; not an observed age-by-car cross-tabulation,2. Satellite urban towns,NORTH TIPPERARY,Tipperary,9.46,Marginally Above Average,Electoral Division (not Small Area),0.7,0.7,published median distance to nearest GP; not transit journey time,0.3
217009012,4c07d11e-1a10-851d-e053-ca3ca8c0ca7f,217009,BALLINA,2022,193,13,9,83,0.108434,1.4,ecological proxy: population_65_plus × no-car-household share; not an observed age-by-car cross-tabulation,2. Satellite urban towns,NORTH TIPPERARY,Tipperary,9.46,Marginally Above Average,Electoral Division (not Small Area),0.7,0.6,published median distance to nearest GP; not transit journey time,1.0
217010001,4c07d11e-13ad-851d-e053-ca3ca8c0ca7f,217010,BALLINGARRY,2022,291,59,19,111,0.171171,10.1,ecological proxy: population_65_plus × no-car-household share; not an observed age-by-car cross-tabulation,6. Highly rural/remote areas,SOUTH TIPPERARY,Tipperary,-9.34,Marginally Below Average,Electoral Division (not Small Area),0.2,0.3,published median distance to nearest GP; not transit journey time,2.0
217010002,4c07d11d-f549-851d-e053-ca3ca8c0ca7f,217010,BALLINGARRY,2022,236,42,6,81,0.074074,3.1,ecological proxy: population_65_plus × no-car-household share; not an observed age-by-car cross-tabulation,6. Highly rural/remote areas,SOUTH TIPPERARY,Tipperary,-9.34,Marginally Below Average,Electoral Division (not Small Area),2.0,1.9,published median distance to nearest GP; not transit journey time,6.2
217010003,4c07d11d-f548-851d-e053-ca3ca8c0ca7f,217010,BALLINGARRY,2022,240,52,3,78,0.038462,2.0,ecological proxy: population_65_plus × no-car-household share; not an observed age-by-car cross-tabulation,6. Highly rural/remote areas,SOUTH TIPPERARY,Tipperary,-9.34,Marginally Below Average,Electoral Division (not Small Area),4.5,4.7,published median distance to nearest GP; not transit journey time,9.0
217011001,4c07d11d-f7b3-851d-e053-ca3ca8c0ca7f,217011,BALLINGARRY,2022,330,68,8,125,0.064,4.4,ecological proxy: population_65_plus × no-car-household share; not an observed age-by-car cross-tabulation,5. Rural areas with moderate urban influence,NORTH TIPPERARY,Tipperary,-3.44,Marginally Below Average,Electoral Division (not Small Area),8.6,8.5,published median distance to nearest GP; not transit journey time,37.4
217011002,4c07d11d-f7b2-851d-e053-ca3ca8c0ca7f,217011,BALLINGARRY,2022,249,55,5,89,0.05618,3.1,ecological proxy: population_65_plus × no-car-household share; not an observed age-by-car cross-tabulation,5. Rural areas with moderate urban influence,NORTH TIPPERARY,Tipperary,-3.44,Marginally Below Average,Electoral Division (not Small Area),8.4,8.4,published median distance to nearest GP; not transit journey time,26.0
217012001,4c07d11d-f3ed-851d-e053-ca3ca8c0ca7f,217012,BALLYBACON,2022,182,33,2,58,0.034483,1.1,ecological proxy: population_65_plus × no-car-household share; not an observed age-by-car cross-tabulation,6. Highly rural/remote areas,SOUTH TIPPERARY,Tipperary,1.08,Marginally Above Average,Electoral Division (not Small Area),8.8,8.7,published median distance to nearest GP; not transit journey time,10.0
217012002,4c07d11d-f8c5-851d-e053-ca3ca8c0ca7f,217012,BALLYBACON,2022,318,50,4,106,0.037736,1.9,ecological proxy: population_65_plus × no-car-household share; not an observed age-by-car cross-tabulation,4. Rural areas with high urban influence,SOUTH TIPPERARY,Tipperary,1.08,Marginally Above Average,Electoral Division (not Small Area),10.6,10.7,published median distance to nearest GP; not transit journey time,20.0
217013001,4c07d11e-0ebd-851d-e053-ca3ca8c0ca7f,217013,BALLYCAHILL,2022,169,40,3,65,0.046154,1.8,ecological proxy: population_65_plus × no-car-household share; not an observed age-by-car cross-tabulation,6. Highly rural/remote areas,NORTH TIPPERARY,Tipperary,7.46,Marginally Above Average,Electoral Division (not Small Area),9.0,9.2,published median distance to nearest GP; not transit journey time,16.6
217013002,4c07d11e-0ebe-851d-e053-ca3ca8c0ca7f,217013,BALLYCAHILL,2022,255,40,2,88,0.022727,0.9,ecological proxy: population_65_plus × no-car-household share; not an observed age-by-car cross-tabulation,5. Rural areas with moderate urban influence,NORTH TIPPERARY,Tipperary,7.46,Marginally Above Average,Electoral Division (not Small Area),6.8,6.7,published median distance to nearest GP; not transit journey time,6.2
217014001,4c07d11e-0d5f-851d-e053-ca3ca8c0ca7f,217014,BALLYCARRON,2022,346,49,4,117,0.034188,1.7,ecological proxy: population_65_plus × no-car-household share; not an observed age-by-car cross-tabulation,5. Rural areas with moderate urban influence,SOUTH TIPPERARY,Tipperary,4.76,Marginally Above Average,Electoral Division (not Small Area),9.1,9.1,published median distance to nearest GP; not transit journey time,15.2
217015001,4c07d11d-f4fa-851d-e053-ca3ca8c0ca7f,217015,BALLYCLERAHAN,2022,415,64,4,152,0.026316,1.7,ecological proxy: population_65_plus × no-car-household share; not an observed age-by-car cross-tabulation,4. Rural areas with high urban influence,SOUTH TIPPERARY,Tipperary,7.8,Marginally Above Average,Electoral Division (not Small Area),8.2,8.2,published median distance to nearest GP; not transit journey time,13.8
217015002,4c07d11e-09de-851d-e053-ca3ca8c0ca7f,217015,BALLYCLERAHAN,2022,416,18,2,137,0.014599,0.3,ecological proxy: population_65_plus × no-car-household share; not an observed age-by-car cross-tabulation,4. Rural areas with high urban influence,SOUTH TIPPERARY,Tipperary,7.8,Marginally Above Average,Electoral Division (not Small Area),8.4,8.4,published median distance to nearest GP; not transit journey time,2.2
217015003,4c07d11e-0d79-851d-e053-ca3ca8c0ca7f,217015,BALLYCLERAHAN,2022,218,11,2,78,0.025641,0.3,ecological proxy: population_65_plus × no-car-household share; not an observed age-by-car cross-tabulation,5. Rural areas with moderate urban influence,SOUTH TIPPERARY,Tipperary,7.8,Marginally Above Average,Electoral Division (not Small Area),8.2,8.2,published median distance to nearest GP; not transit journey time,2.3
217016001,4c07d11e-13cd-851d-e053-ca3ca8c0ca7f,217016,BALLYGIBBON,2022,217,55,3,80,0.0375,2.1,ecological proxy: population_65_plus × no-car-household share; not an observed age-by-car cross-tabulation,5. Rural areas with moderate urban influence,NORTH TIPPERARY,Tipperary,1.56,Marginally Above Average,Electoral Division (not Small Area),5.2,5.2,published median distance to nearest GP; not transit journey time,10.7
217016002,4c07d11e-0e63-851d-e053-ca3ca8c0ca7f,217016,BALLYGIBBON,2022,250,36,1,82,0.012195,0.4,ecological proxy: population_65_plus × no-car-household share; not an observed age-by-car cross-tabulation,4. Rural areas with high urban influence,NORTH TIPPERARY,Tipperary,1.56,Marginally Above Average,Electoral Division (not Small Area),7.8,7.8,published median distance to nearest GP; not transit journey time,3.4
217016003,4c07d11e-0e64-851d-e053-ca3ca8c0ca7f,217016,BALLYGIBBON,2022,206,25,5,74,0.067568,1.7,ecological proxy: population_65_plus × no-car-household share; not an observed age-by-car cross-tabulation,5. Rural areas with moderate urban influence,NORTH TIPPERARY,Tipperary,1.56,Marginally Above Average,Electoral Division (not Small Area),5.3,5.3,published median distance to nearest GP; not transit journey time,9.0
217017001,4c07d11d-f4b6-851d-e053-ca3ca8c0ca7f,217017,BALLYGRIFFIN,2022,263,62,5,93,0.053763,3.3,ecological proxy: population_65_plus × no-car-household share; not an observed age-by-car cross-tabulation,6. Highly rural/remote areas,SOUTH TIPPERARY,Tipperary,-6.42,Marginally Below Average,Electoral Division (not Small Area),6.7,6.7,published median distance to nearest GP; not transit journey time,22.3
217018001,4c07d11e-1536-851d-e053-ca3ca8c0ca7f,217018,BALLYKISTEEN,2022,340,82,8,133,0.06015,4.9,ecological proxy: population_65_plus × no-car-household share; not an observed age-by-car cross-tabulation,4. Rural areas with high urban influence,SOUTH TIPPERARY,Tipperary,0.22,Marginally Above Average,Electoral Division (not Small Area),6.4,6.2,published median distance to nearest GP; not transit journey time,31.6
217018002/01/217018003,549e5cdd-5f44-432f-b04e-45391d78ff4f,217018,BALLYKISTEEN,2022,308,47,6,113,0.053097,2.5,ecological proxy: population_65_plus × no-car-household share; not an observed age-by-car cross-tabulation,4. Rural areas with high urban influence,SOUTH TIPPERARY,Tipperary,0.22,Marginally Above Average,Electoral Division (not Small Area),5.7,5.6,published median distance to nearest GP; not transit journey time,14.2
217018002/02,3efd788f-a07f-41fa-b0a0-5f7101e5c8b2,217018,BALLYKISTEEN,2022,244,26,9,96,0.09375,2.4,ecological proxy: population_65_plus × no-car-household share; not an observed age-by-car cross-tabulation,4. Rural areas with high urban influence,SOUTH TIPPERARY,Tipperary,0.22,Marginally Above Average,Electoral Division (not Small Area),6.5,6.5,published median distance to nearest GP; not transit journey time,15.8
217019001,4c07d11d-f767-851d-e053-ca3ca8c0ca7f,217019,BALLYLUSKY,2022,365,52,3,123,0.02439,1.3,ecological proxy: population_65_plus × no-car-household share; not an observed age-by-car cross-tabulation,4. Rural areas with high urban influence,NORTH TIPPERARY,Tipperary,3.88,Marginally Above Average,Electoral Division (not Small Area),6.5,6.3,published median distance to nearest GP; not transit journey time,8.2
217020001,4c07d11e-0e62-851d-e053-ca3ca8c0ca7f,217020,BALLYMACKEY,2022,299,51,4,110,0.036364,1.9,ecological proxy: population_65_plus × no-car-household share; not an observed age-by-car cross-tabulation,4. Rural areas with high urban influence,NORTH TIPPERARY,Tipperary,2.39,Marginally Above Average,Electoral Division (not Small Area),5.3,5.4,published median distance to nearest GP; not transit journey time,9.8
217020002,4c07d11d-f5a8-851d-e053-ca3ca8c0ca7f,217020,BALLYMACKEY,2022,283,48,1,97,0.010309,0.5,ecological proxy: population_65_plus × no-car-household share; not an observed age-by-car cross-tabulation,4. Rural areas with high urban influence,NORTH TIPPERARY,Tipperary,2.39,Marginally Above Average,Electoral Division (not Small Area),3.2,3.2,published median distance to nearest GP; not transit journey time,1.6
217021001,4c07d11e-0de0-851d-e053-ca3ca8c0ca7f,217021,BALLYMURREEN,2022,241,50,5,84,0.059524,3.0,ecological proxy: population_65_plus × no-car-household share; not an observed age-by-car cross-tabulation,6. Highly rural/remote areas,NORTH TIPPERARY,Tipperary,-8.06,Marginally Below Average,Electoral Division (not Small Area),8.7,8.7,published median distance to nearest GP; not transit journey time,25.9
217022001,4c07d11d-f5a3-851d-e053-ca3ca8c0ca7f,217022,BALLYNACLOGH,2022,420,72,5,148,0.033784,2.4,ecological proxy: population_65_plus × no-car-household share; not an observed age-by-car cross-tabulation,4. Rural areas with high urban influence,NORTH TIPPERARY,Tipperary,3.44,Marginally Above Average,Electoral Division (not Small Area),7.4,7.6,published median distance to nearest GP; not transit journey time,18.0
217022002,4c07d11d-f5a5-851d-e053-ca3ca8c0ca7f,217022,BALLYNACLOGH,2022,325,77,3,124,0.024194,1.9,ecological proxy: population_65_plus × no-car-household share; not an observed age-by-car cross-tabulation,4. Rural areas with high urban influence,NORTH TIPPERARY,Tipperary,3.44,Marginally Above Average,Electoral Division (not Small Area),4.3,4.2,published median distance to nearest GP; not transit journey time,8.0
217023001,4c07d11e-0e47-851d-e053-ca3ca8c0ca7f,217023,BALLYPHILIP,2022,191,40,3,66,0.045455,1.8,ecological proxy: population_65_plus × no-car-household share; not an observed age-by-car cross-tabulation,6. Highly rural/remote areas,SOUTH TIPPERARY,Tipperary,-5.17,Marginally Below Average,Electoral Division (not Small Area),5.1,5.1,published median distance to nearest GP; not transit journey time,9.3
217023002,4c07d11e-0de7-851d-e053-ca3ca8c0ca7f,217023,BALLYPHILIP,2022,219,29,5,78,0.064103,1.9,ecological proxy: population_65_plus × no-car-household share; not an observed age-by-car cross-tabulation,6. Highly rural/remote areas,SOUTH TIPPERARY,Tipperary,-5.17,Marginally Below Average,Electoral Division (not Small Area),5.0,5.0,published median distance to nearest GP; not transit journey time,9.3
217024001,4c07d11d-f8ae-851d-e053-ca3ca8c0ca7f,217024,BALLYPOREEN,2022,162,19,0,53,0.0,0.0,ecological proxy: population_65_plus × no-car-household share; not an observed age-by-car cross-tabulation,6. Highly rural/remote areas,SOUTH TIPPERARY,Tipperary,-0.15,Marginally Below Average,Electoral Division (not Small Area),1.7,1.7,published median distance to nearest GP; not transit journey time,0.0
217024002,4c07d11d-f8ad-851d-e053-ca3ca8c0ca7f,217024,BALLYPOREEN,2022,231,48,4,81,0.049383,2.4,ecological proxy: population_65_plus × no-car-household share; not an observed age-by-car cross-tabulation,5. Rural areas with moderate urban influence,SOUTH TIPPERARY,Tipperary,-0.15,Marginally Below Average,Electoral Division (not Small Area),3.5,3.2,published median distance to nearest GP; not transit journey time,8.3
217024003,4c07d11e-03c3-851d-e053-ca3ca8c0ca7f,217024,BALLYPOREEN,2022,346,74,16,150,0.106667,7.9,ecological proxy: population_65_plus × no-car-household share; not an observed age-by-car cross-tabulation,5. Rural areas with moderate urban influence,SOUTH TIPPERARY,Tipperary,-0.15,Marginally Below Average,Electoral Division (not Small Area),0.2,0.2,published median distance to nearest GP; not transit journey time,1.6
217024004/217024001,4c07d11e-112e-851d-e053-ca3ca8c0ca7f,217024,BALLYPOREEN,2022,225,55,3,78,0.038462,2.1,ecological proxy: population_65_plus × no-car-household share; not an observed age-by-car cross-tabulation,6. Highly rural/remote areas,SOUTH TIPPERARY,Tipperary,-0.15,Marginally Below Average,Electoral Division (not Small Area),3.3,4.1,published median distance to nearest GP; not transit journey time,7.0
217025001,4c07d11e-0ddd-851d-e053-ca3ca8c0ca7f,217025,BALLYSHEEHAN,2022,208,47,2,80,0.025,1.2,ecological proxy: population_65_plus × no-car-household share; not an observed age-by-car cross-tabulation,6. Highly rural/remote areas,SOUTH TIPPERARY,Tipperary,7.53,Marginally Above Average,Electoral Division (not Small Area),9.4,9.4,published median distance to nearest GP; not transit journey time,11.0
217025002,4c07d11d-f50f-851d-e053-ca3ca8c0ca7f,217025,BALLYSHEEHAN,2022,332,75,4,94,0.042553,3.2,ecological proxy: population_65_plus × no-car-household share; not an observed age-by-car cross-tabulation,5. Rural areas with moderate urban influence,SOUTH TIPPERARY,Tipperary,7.53,Marginally Above Average,Electoral Division (not Small Area),7.0,6.9,published median distance to nearest GP; not transit journey time,22.3
217026001,4c07d11e-0d37-851d-e053-ca3ca8c0ca7f,217026,BANSHA,2022,160,42,3,56,0.053571,2.2,ecological proxy: population_65_plus × no-car-household share; not an observed age-by-car cross-tabulation,6. Highly rural/remote areas,SOUTH TIPPERARY,Tipperary,-4.69,Marginally Below Average,Electoral Division (not Small Area),3.0,3.2,published median distance to nearest GP; not transit journey time,6.8
217026002,4c07d11e-0d5e-851d-e053-ca3ca8c0ca7f,217026,BANSHA,2022,176,38,4,68,0.058824,2.2,ecological proxy: population_65_plus × no-car-household share; not an observed age-by-car cross-tabulation,6. Highly rural/remote areas,SOUTH TIPPERARY,Tipperary,-4.69,Marginally Below Average,Electoral Division (not Small Area),2.6,2.6,published median distance to nearest GP; not transit journey time,5.8
217026003,4c07d11d-f4a5-851d-e053-ca3ca8c0ca7f,217026,BANSHA,2022,203,33,2,77,0.025974,0.9,ecological proxy: population_65_plus × no-car-household share; not an observed age-by-car cross-tabulation,6. Highly rural/remote areas,SOUTH TIPPERARY,Tipperary,-4.69,Marginally Below Average,Electoral Division (not Small Area),1.8,1.8,published median distance to nearest GP; not transit journey time,1.5
217026004,4c07d11e-1538-851d-e053-ca3ca8c0ca7f,217026,BANSHA,2022,329,58,21,135,0.155556,9.0,ecological proxy: population_65_plus × no-car-household share; not an observed age-by-car cross-tabulation,5. Rural areas with moderate urban influence,SOUTH TIPPERARY,Tipperary,-4.69,Marginally Below Average,Electoral Division (not Small Area),0.4,0.4,published median distance to nearest GP; not transit journey time,3.6
217027001,4c07d11d-f552-851d-e053-ca3ca8c0ca7f,217027,BIRDHILL,2022,337,47,4,114,0.035088,1.6,ecological proxy: population_65_plus × no-car-household share; not an observed age-by-car cross-tabulation,4. Rural areas with high urban influence,NORTH TIPPERARY,Tipperary,3.98,Marginally Above Average,Electoral Division (not Small Area),7.0,6.8,published median distance to nearest GP; not transit journey time,11.5
217027002,4c07d11e-00a9-851d-e053-ca3ca8c0ca7f,217027,BIRDHILL,2022,406,71,2,136,0.014706,1.0,ecological proxy: population_65_plus × no-car-household share; not an observed age-by-car cross-tabulation,4. Rural areas with high urban influence,NORTH TIPPERARY,Tipperary,3.98,Marginally Above Average,Electoral Division (not Small Area),6.4,6.4,published median distance to nearest GP; not transit journey time,6.7
217028001,4c07d11d-f5b6-851d-e053-ca3ca8c0ca7f,217028,BORRISNAFARNEY,2022,310,47,4,97,0.041237,1.9,ecological proxy: population_65_plus × no-car-household share; not an observed age-by-car cross-tabulation,5. Rural areas with moderate urban influence,NORTH TIPPERARY,Tipperary,2.18,Marginally Above Average,Electoral Division (not Small Area),7.0,6.9,published median distance to nearest GP; not transit journey time,13.6
217029001,4c07d11e-0ed3-851d-e053-ca3ca8c0ca7f,217029,BORRISNOE,2022,133,20,1,40,0.025,0.5,ecological proxy: population_65_plus × no-car-household share; not an observed age-by-car cross-tabulation,6. Highly rural/remote areas,NORTH TIPPERARY,Tipperary,8.37,Marginally Above Average,Electoral Division (not Small Area),7.9,8.0,published median distance to nearest GP; not transit journey time,4.0
217030001,4c07d11d-f771-851d-e053-ca3ca8c0ca7f,217030,BORRISOKANE,2022,341,57,20,132,0.151515,8.6,ecological proxy: population_65_plus × no-car-household share; not an observed age-by-car cross-tabulation,5. Rural areas with moderate urban influence,NORTH TIPPERARY,Tipperary,-8.72,Marginally Below Average,Electoral Division (not Small Area),1.2,1.2,published median distance to nearest GP; not transit journey time,10.4
217030002,4c07d11d-f76e-851d-e053-ca3ca8c0ca7f,217030,BORRISOKANE,2022,354,76,8,126,0.063492,4.8,ecological proxy: population_65_plus × no-car-household share; not an observed age-by-car cross-tabulation,5. Rural areas with moderate urban influence,NORTH TIPPERARY,Tipperary,-8.72,Marginally Below Average,Electoral Division (not Small Area),2.6,2.5,published median distance to nearest GP; not transit journey time,12.5
217030003,4c07d11e-1db6-851d-e053-ca3ca8c0ca7f,217030,BORRISOKANE,2022,343,33,27,126,0.214286,7.1,ecological proxy: population_65_plus × no-car-household share; not an observed age-by-car cross-tabulation,5. Rural areas with moderate urban influence,NORTH TIPPERARY,Tipperary,-8.72,Marginally Below Average,Electoral Division (not Small Area),0.8,0.8,published median distance to nearest GP; not transit journey time,5.7
217030004,4c07d11e-14ef-851d-e053-ca3ca8c0ca7f,217030,BORRISOKANE,2022,201,44,15,85,0.176471,7.8,ecological proxy: population_65_plus × no-car-household share; not an observed age-by-car cross-tabulation,6. Highly rural/remote areas,NORTH TIPPERARY,Tipperary,-8.72,Marginally Below Average,Electoral Division (not Small Area),0.3,0.3,published median distance to nearest GP; not transit journey time,2.3
217030005,4c07d11e-1daa-851d-e053-ca3ca8c0ca7f,217030,BORRISOKANE,2022,232,69,1,85,0.011765,0.8,ecological proxy: population_65_plus × no-car-household share; not an observed age-by-car cross-tabulation,6. Highly rural/remote areas,NORTH TIPPERARY,Tipperary,-8.72,Marginally Below Average,Electoral Division (not Small Area),1.1,1.1,published median distance to nearest GP; not transit journey time,0.9
217031001,4c07d11d-f560-851d-e053-ca3ca8c0ca7f,217031,BORRISOLEIGH,2022,280,54,3,90,0.033333,1.8,ecological proxy: population_65_plus × no-car-household share; not an observed age-by-car cross-tabulation,5. Rural areas with moderate urban influence,NORTH TIPPERARY,Tipperary,-1.7,Marginally Below Average,Electoral Division (not Small Area),11.8,11.8,published median distance to nearest GP; not transit journey time,21.2
217031002,4c07d11e-13ae-851d-e053-ca3ca8c0ca7f,217031,BORRISOLEIGH,2022,255,61,24,116,0.206897,12.6,ecological proxy: population_65_plus × no-car-household share; not an observed age-by-car cross-tabulation,6. Highly rural/remote areas,NORTH TIPPERARY,Tipperary,-1.7,Marginally Below Average,Electoral Division (not Small Area),10.2,10.2,published median distance to nearest GP; not transit journey time,128.7
217031003,4c07d11e-0a08-851d-e053-ca3ca8c0ca7f,217031,BORRISOLEIGH,2022,306,64,14,135,0.103704,6.6,ecological proxy: population_65_plus × no-car-household share; not an observed age-by-car cross-tabulation,5. Rural areas with moderate urban influence,NORTH TIPPERARY,Tipperary,-1.7,Marginally Below Average,Electoral Division (not Small Area),10.4,10.3,published median distance to nearest GP; not transit journey time,69.0
217031004,4c07d11e-0e50-851d-e053-ca3ca8c0ca7f,217031,BORRISOLEIGH,2022,253,32,2,84,0.02381,0.8,ecological proxy: population_65_plus × no-car-household share; not an observed age-by-car cross-tabulation,5. Rural areas with moderate urban influence,NORTH TIPPERARY,Tipperary,-1.7,Marginally Below Average,Electoral Division (not Small Area),9.5,9.1,published median distance to nearest GP; not transit journey time,7.2
217031005,4c07d11e-13af-851d-e053-ca3ca8c0ca7f,217031,BORRISOLEIGH,2022,163,14,3,62,0.048387,0.7,ecological proxy: population_65_plus × no-car-household share; not an observed age-by-car cross-tabulation,6. Highly rural/remote areas,NORTH TIPPERARY,Tipperary,-1.7,Marginally Below Average,Electoral Division (not Small Area),9.9,9.9,published median distance to nearest GP; not transit journey time,6.7
217032001,4c07d11d-f5f9-851d-e053-ca3ca8c0ca7f,217032,BOURNEY EAST,2022,317,58,2,111,0.018018,1.0,ecological proxy: population_65_plus × no-car-household share; not an observed age-by-car cross-tabulation,5. Rural areas with moderate urban influence,NORTH TIPPERARY,Tipperary,3.49,Marginally Above Average,Electoral Division (not Small Area),9.3,9.2,published median distance to nearest GP; not transit journey time,9.7
217033001,4c07d11d-f5f5-851d-e053-ca3ca8c0ca7f,217033,BOURNEY WEST,2022,411,94,4,146,0.027397,2.6,ecological proxy: population_65_plus × no-car-household share; not an observed age-by-car cross-tabulation,5. Rural areas with moderate urban influence,NORTH TIPPERARY,Tipperary,-4.38,Marginally Below Average,Electoral Division (not Small Area),10.0,10.0,published median distance to nearest GP; not transit journey time,25.8
217034001,4c07d11d-f49f-851d-e053-ca3ca8c0ca7f,217034,BRUIS,2022,333,61,1,116,0.008621,0.5,ecological proxy: population_65_plus × no-car-household share; not an observed age-by-car cross-tabulation,4. Rural areas with high urban influence,SOUTH TIPPERARY,Tipperary,7.25,Marginally Above Average,Electoral Division (not Small Area),6.6,6.7,published median distance to nearest GP; not transit journey time,3.5
217035001/217035003,4c07d11d-f5b0-851d-e053-ca3ca8c0ca7f,217035,BUOLICK,2022,376,65,5,134,0.037313,2.4,ecological proxy: population_65_plus × no-car-household share; not an observed age-by-car cross-tabulation,5. Rural areas with moderate urban influence,SOUTH TIPPERARY,Tipperary,-5.05,Marginally Below Average,Electoral Division (not Small Area),7.0,7.1,published median distance to nearest GP; not transit journey time,17.0
217035002,4c07d11e-1a8d-851d-e053-ca3ca8c0ca7f,217035,BUOLICK,2022,321,36,14,124,0.112903,4.1,ecological proxy: population_65_plus × no-car-household share; not an observed age-by-car cross-tabulation,6. Highly rural/remote areas,SOUTH TIPPERARY,Tipperary,-5.05,Marginally Below Average,Electoral Division (not Small Area),3.9,3.9,published median distance to nearest GP; not transit journey time,15.9
217036001,4c07d11d-f59d-851d-e053-ca3ca8c0ca7f,217036,BURGESBEG,2022,484,87,3,161,0.018634,1.6,ecological proxy: population_65_plus × no-car-household share; not an observed age-by-car cross-tabulation,4. Rural areas with high urban influence,NORTH TIPPERARY,Tipperary,1.76,Marginally Above Average,Electoral Division (not Small Area),9.0,9.1,published median distance to nearest GP; not transit journey time,14.6
217037001,4c07d11d-f51c-851d-e053-ca3ca8c0ca7f,217037,BURNCOURT,2022,195,42,9,85,0.105882,4.4,ecological proxy: population_65_plus × no-car-household share; not an observed age-by-car cross-tabulation,6. Highly rural/remote areas,SOUTH TIPPERARY,Tipperary,2.95,Marginally Above Average,Electoral Division (not Small Area),6.6,6.5,published median distance to nearest GP; not transit journey time,29.4
217037002,4c07d11e-112f-851d-e053-ca3ca8c0ca7f,217037,BURNCOURT,2022,277,42,2,92,0.021739,0.9,ecological proxy: population_65_plus × no-car-household share; not an observed age-by-car cross-tabulation,5. Rural areas with moderate urban influence,SOUTH TIPPERARY,Tipperary,2.95,Marginally Above Average,Electoral Division (not Small Area),5.6,5.7,published median distance to nearest GP; not transit journey time,5.1
217038001,4c07d11e-1b3c-851d-e053-ca3ca8c0ca7f,217038,CAHER,2022,206,54,25,98,0.255102,13.8,ecological proxy: population_65_plus × no-car-household share; not an observed age-by-car cross-tabulation,3. Independent urban towns,SOUTH TIPPERARY,Tipperary,2.79,Marginally Above Average,Electoral Division (not Small Area),0.2,0.2,published median distance to nearest GP; not transit journey time,2.8
217038002,4c07d11e-1b46-851d-e053-ca3ca8c0ca7f,217038,CAHER,2022,173,59,26,76,0.342105,20.2,ecological proxy: population_65_plus × no-car-household share; not an observed age-by-car cross-tabulation,3. Independent urban towns,SOUTH TIPPERARY,Tipperary,2.79,Marginally Above Average,Electoral Division (not Small Area),0.4,0.4,published median distance to nearest GP; not transit journey time,8.1
217038003,4c07d11e-1537-851d-e053-ca3ca8c0ca7f,217038,CAHER,2022,257,38,23,94,0.244681,9.3,ecological proxy: population_65_plus × no-car-household share; not an observed age-by-car cross-tabulation,3. Independent urban towns,SOUTH TIPPERARY,Tipperary,2.79,Marginally Above Average,Electoral Division (not Small Area),0.4,0.4,published median distance to nearest GP; not transit journey time,3.7
217038004,4c07d11d-f4f6-851d-e053-ca3ca8c0ca7f,217038,CAHER,2022,332,75,8,121,0.066116,5.0,ecological proxy: population_65_plus × no-car-household share; not an observed age-by-car cross-tabulation,5. Rural areas with moderate urban influence,SOUTH TIPPERARY,Tipperary,2.79,Marginally Above Average,Electoral Division (not Small Area),3.1,3.0,published median distance to nearest GP; not transit journey time,15.4
217038005,4c07d11e-1b47-851d-e053-ca3ca8c0ca7f,217038,CAHER,2022,262,66,5,94,0.053191,3.5,ecological proxy: population_65_plus × no-car-household share; not an observed age-by-car cross-tabulation,3. Independent urban towns,SOUTH TIPPERARY,Tipperary,2.79,Marginally Above Average,Electoral Division (not Small Area),0.7,0.7,published median distance to nearest GP; not transit journey time,2.5
217039001,4c07d11e-0d6e-851d-e053-ca3ca8c0ca7f,217039,CAPPAGH,2022,603,79,6,197,0.030457,2.4,ecological proxy: population_65_plus × no-car-household share; not an observed age-by-car cross-tabulation,4. Rural areas with high urban influence,SOUTH TIPPERARY,Tipperary,-1.5,Marginally Below Average,Electoral Division (not Small Area),3.1,3.1,published median distance to nearest GP; not transit journey time,7.5
217039002,4c07d11e-1539-851d-e053-ca3ca8c0ca7f,217039,CAPPAGH,2022,267,52,23,117,0.196581,10.2,ecological proxy: population_65_plus × no-car-household share; not an observed age-by-car cross-tabulation,6. Highly rural/remote areas,SOUTH TIPPERARY,Tipperary,-1.5,Marginally Below Average,Electoral Division (not Small Area),0.6,0.6,published median distance to nearest GP; not transit journey time,6.1
217039003,4c07d11e-0d75-851d-e053-ca3ca8c0ca7f,217039,CAPPAGH,2022,136,33,11,56,0.196429,6.5,ecological proxy: population_65_plus × no-car-household share; not an observed age-by-car cross-tabulation,6. Highly rural/remote areas,SOUTH TIPPERARY,Tipperary,-1.5,Marginally Below Average,Electoral Division (not Small Area),0.3,0.3,published median distance to nearest GP; not transit journey time,1.9
217040001,4c07d11e-0f28-851d-e053-ca3ca8c0ca7f,217040,CARRICK-on-SUIR RURAL,2022,280,61,2,100,0.02,1.2,ecological proxy: population_65_plus × no-car-household share; not an observed age-by-car cross-tabulation,5. Rural areas with moderate urban influence,SOUTH TIPPERARY,Tipperary,0.41,Marginally Above Average,Electoral Division (not Small Area),3.8,3.8,published median distance to nearest GP; not transit journey time,4.6
217040002,4c07d11e-0f29-851d-e053-ca3ca8c0ca7f,217040,CARRICK-on-SUIR RURAL,2022,235,39,1,82,0.012195,0.5,ecological proxy: population_65_plus × no-car-household share; not an observed age-by-car cross-tabulation,5. Rural areas with moderate urban influence,SOUTH TIPPERARY,Tipperary,0.41,Marginally Above Average,Electoral Division (not Small Area),2.8,2.8,published median distance to nearest GP; not transit journey time,1.3
217041001,4c07d11e-28b2-851d-e053-ca3ca8c0ca7f,217041,CARRICK-on-SUIR URBAN,2022,129,43,28,68,0.411765,17.7,ecological proxy: population_65_plus × no-car-household share; not an observed age-by-car cross-tabulation,3. Independent urban towns,SOUTH TIPPERARY,Tipperary,-15.1,Disadvantaged,Electoral Division (not Small Area),0.6,0.6,published median distance to nearest GP; not transit journey time,10.6
217041002,4c07d11e-17b3-851d-e053-ca3ca8c0ca7f,217041,CARRICK-on-SUIR URBAN,2022,214,80,35,115,0.304348,24.3,ecological proxy: population_65_plus × no-car-household share; not an observed age-by-car cross-tabulation,3. Independent urban towns,SOUTH TIPPERARY,Tipperary,-15.1,Disadvantaged,Electoral Division (not Small Area),0.2,0.4,published median distance to nearest GP; not transit journey time,4.9
217041003,4c07d11e-17ba-851d-e053-ca3ca8c0ca7f,217041,CARRICK-on-SUIR URBAN,2022,215,46,35,99,0.353535,16.3,ecological proxy: population_65_plus × no-car-household share; not an observed age-by-car cross-tabulation,3. Independent urban towns,SOUTH TIPPERARY,Tipperary,-15.1,Disadvantaged,Electoral Division (not Small Area),0.1,0.1,published median distance to nearest GP; not transit journey time,1.6
217041004/01,4c07d11e-28a5-851d-e053-ca3ca8c0ca7f,217041,CARRICK-on-SUIR URBAN,2022,74,30,21,44,0.477273,14.3,ecological proxy: population_65_plus × no-car-household share; not an observed age-by-car cross-tabulation,3. Independent urban towns,SOUTH TIPPERARY,Tipperary,-15.1,Disadvantaged,Electoral Division (not Small Area),0.2,0.2,published median distance to nearest GP; not transit journey time,2.9
217041004/02,4c07d11e-28a4-851d-e053-ca3ca8c0ca7f,217041,CARRICK-on-SUIR URBAN,2022,155,6,31,59,0.525424,3.2,ecological proxy: population_65_plus × no-car-household share; not an observed age-by-car cross-tabulation,3. Independent urban towns,SOUTH TIPPERARY,Tipperary,-15.1,Disadvantaged,Electoral Division (not Small Area),0.1,0.2,published median distance to nearest GP; not transit journey time,0.3
217041005,4c07d11e-3a0b-851d-e053-ca3ca8c0ca7f,217041,CARRICK-on-SUIR URBAN,2022,132,13,16,67,0.238806,3.1,ecological proxy: population_65_plus × no-car-household share; not an observed age-by-car cross-tabulation,3. Independent urban towns,SOUTH TIPPERARY,Tipperary,-15.1,Disadvantaged,Electoral Division (not Small Area),0.2,0.2,published median distance to nearest GP; not transit journey time,0.6
217041006,4c07d11e-28a6-851d-e053-ca3ca8c0ca7f,217041,CARRICK-on-SUIR URBAN,2022,224,62,29,99,0.292929,18.2,ecological proxy: population_65_plus × no-car-household share; not an observed age-by-car cross-tabulation,3. Independent urban towns,SOUTH TIPPERARY,Tipperary,-15.1,Disadvantaged,Electoral Division (not Small Area),0.3,0.3,published median distance to nearest GP; not transit journey time,5.4
217041007,4c07d11e-03a9-851d-e053-ca3ca8c0ca7f,217041,CARRICK-on-SUIR URBAN,2022,152,42,23,75,0.306667,12.9,ecological proxy: population_65_plus × no-car-household share; not an observed age-by-car cross-tabulation,3. Independent urban towns,SOUTH TIPPERARY,Tipperary,-15.1,Disadvantaged,Electoral Division (not Small Area),0.2,0.2,published median distance to nearest GP; not transit journey time,2.6
217041008,4c07d11e-17b4-851d-e053-ca3ca8c0ca7f,217041,CARRICK-on-SUIR URBAN,2022,308,52,39,120,0.325,16.9,ecological proxy: population_65_plus × no-car-household share; not an observed age-by-car cross-tabulation,3. Independent urban towns,SOUTH TIPPERARY,Tipperary,-15.1,Disadvantaged,Electoral Division (not Small Area),0.7,0.7,published median distance to nearest GP; not transit journey time,11.8
217041009,4c07d11e-03a7-851d-e053-ca3ca8c0ca7f,217041,CARRICK-on-SUIR URBAN,2022,269,86,9,118,0.076271,6.6,ecological proxy: population_65_plus × no-car-household share; not an observed age-by-car cross-tabulation,3. Independent urban towns,SOUTH TIPPERARY,Tipperary,-15.1,Disadvantaged,Electoral Division (not Small Area),1.1,1.1,published median distance to nearest GP; not transit journey time,7.2
217041010,4c07d11e-03b7-851d-e053-ca3ca8c0ca7f,217041,CARRICK-on-SUIR URBAN,2022,303,53,25,109,0.229358,12.2,ecological proxy: population_65_plus × no-car-household share; not an observed age-by-car cross-tabulation,3. Independent urban towns,SOUTH TIPPERARY,Tipperary,-15.1,Disadvantaged,Electoral Division (not Small Area),0.8,0.8,published median distance to nearest GP; not transit journey time,9.7
217041011,4c07d11e-17b5-851d-e053-ca3ca8c0ca7f,217041,CARRICK-on-SUIR URBAN,2022,198,31,37,103,0.359223,11.1,ecological proxy: population_65_plus × no-car-household share; not an observed age-by-car cross-tabulation,3. Independent urban towns,SOUTH TIPPERARY,Tipperary,-15.1,Disadvantaged,Electoral Division (not Small Area),0.3,0.3,published median distance to nearest GP; not transit journey time,3.3
217041012,4c07d11e-145c-851d-e053-ca3ca8c0ca7f,217041,CARRICK-on-SUIR URBAN,2022,216,51,6,82,0.073171,3.7,ecological proxy: population_65_plus × no-car-household share; not an observed age-by-car cross-tabulation,3. Independent urban towns,SOUTH TIPPERARY,Tipperary,-15.1,Disadvantaged,Electoral Division (not Small Area),1.5,1.5,published median distance to nearest GP; not transit journey time,5.6
217041013,4c07d11e-28b3-851d-e053-ca3ca8c0ca7f,217041,CARRICK-on-SUIR URBAN,2022,341,50,47,128,0.367188,18.4,ecological proxy: population_65_plus × no-car-household share; not an observed age-by-car cross-tabulation,3. Independent urban towns,SOUTH TIPPERARY,Tipperary,-15.1,Disadvantaged,Electoral Division (not Small Area),1.7,1.7,published median distance to nearest GP; not transit journey time,31.2
217041014,4c07d11e-145d-851d-e053-ca3ca8c0ca7f,217041,CARRICK-on-SUIR URBAN,2022,222,22,11,76,0.144737,3.2,ecological proxy: population_65_plus × no-car-household share; not an observed age-by-car cross-tabulation,3. Independent urban towns,SOUTH TIPPERARY,Tipperary,-15.1,Disadvantaged,Electoral Division (not Small Area),1.7,1.7,published median distance to nearest GP; not transit journey time,5.4
217041015,4c07d11e-17bb-851d-e053-ca3ca8c0ca7f,217041,CARRICK-on-SUIR URBAN,2022,421,88,9,110,0.081818,7.2,ecological proxy: population_65_plus × no-car-household share; not an observed age-by-car cross-tabulation,3. Independent urban towns,SOUTH TIPPERARY,Tipperary,-15.1,Disadvantaged,Electoral Division (not Small Area),2.0,2.0,published median distance to nearest GP; not transit journey time,14.4
217041016,4c07d11e-145b-851d-e053-ca3ca8c0ca7f,217041,CARRICK-on-SUIR URBAN,2022,251,18,6,91,0.065934,1.2,ecological proxy: population_65_plus × no-car-household share; not an observed age-by-car cross-tabulation,5. Rural areas with moderate urban influence,SOUTH TIPPERARY,Tipperary,-15.1,Disadvantaged,Electoral Division (not Small Area),1.4,1.4,published median distance to nearest GP; not transit journey time,1.7
217041017,4c07d11e-03b6-851d-e053-ca3ca8c0ca7f,217041,CARRICK-on-SUIR URBAN,2022,300,38,7,97,0.072165,2.7,ecological proxy: population_65_plus × no-car-household share; not an observed age-by-car cross-tabulation,3. Independent urban towns,SOUTH TIPPERARY,Tipperary,-15.1,Disadvantaged,Electoral Division (not Small Area),1.1,1.1,published median distance to nearest GP; not transit journey time,3.0
217041018,4c07d11e-28a7-851d-e053-ca3ca8c0ca7f,217041,CARRICK-on-SUIR URBAN,2022,193,60,32,79,0.405063,24.3,ecological proxy: population_65_plus × no-car-household share; not an observed age-by-car cross-tabulation,3. Independent urban towns,SOUTH TIPPERARY,Tipperary,-15.1,Disadvantaged,Electoral Division (not Small Area),0.8,0.8,published median distance to nearest GP; not transit journey time,19.4
217041019,4c07d11e-03b8-851d-e053-ca3ca8c0ca7f,217041,CARRICK-on-SUIR URBAN,2022,202,12,11,69,0.15942,1.9,ecological proxy: population_65_plus × no-car-household share; not an observed age-by-car cross-tabulation,3. Independent urban towns,SOUTH TIPPERARY,Tipperary,-15.1,Disadvantaged,Electoral Division (not Small Area),1.0,1.0,published median distance to nearest GP; not transit journey time,1.9
217042001,4c07d11e-28a3-851d-e053-ca3ca8c0ca7f,217042,CARRICKBEG URBAN,2022,232,44,31,106,0.292453,12.9,ecological proxy: population_65_plus × no-car-household share; not an observed age-by-car cross-tabulation,3. Independent urban towns,SOUTH TIPPERARY,Tipperary,-8.63,Marginally Below Average,Electoral Division (not Small Area),0.7,0.7,published median distance to nearest GP; not transit journey time,9.0
217042002/01,4c07d11e-17ac-851d-e053-ca3ca8c0ca7f,217042,CARRICKBEG URBAN,2022,134,14,28,75,0.373333,5.2,ecological proxy: population_65_plus × no-car-household share; not an observed age-by-car cross-tabulation,3. Independent urban towns,SOUTH TIPPERARY,Tipperary,-8.63,Marginally Below Average,Electoral Division (not Small Area),0.5,0.5,published median distance to nearest GP; not transit journey time,2.6
217042002/02,4c07d11e-17ab-851d-e053-ca3ca8c0ca7f,217042,CARRICKBEG URBAN,2022,143,24,20,64,0.3125,7.5,ecological proxy: population_65_plus × no-car-household share; not an observed age-by-car cross-tabulation,3. Independent urban towns,SOUTH TIPPERARY,Tipperary,-8.63,Marginally Below Average,Electoral Division (not Small Area),0.7,0.7,published median distance to nearest GP; not transit journey time,5.2
217042003,4c07d11e-1459-851d-e053-ca3ca8c0ca7f,217042,CARRICKBEG URBAN,2022,254,58,32,113,0.283186,16.4,ecological proxy: population_65_plus × no-car-household share; not an observed age-by-car cross-tabulation,3. Independent urban towns,SOUTH TIPPERARY,Tipperary,-8.63,Marginally Below Average,Electoral Division (not Small Area),0.6,0.6,published median distance to nearest GP; not transit journey time,9.9
217042004,4c07d11e-03a8-851d-e053-ca3ca8c0ca7f,217042,CARRICKBEG URBAN,2022,257,74,13,111,0.117117,8.7,ecological proxy: population_65_plus × no-car-household share; not an observed age-by-car cross-tabulation,3. Independent urban towns,SOUTH TIPPERARY,Tipperary,-8.63,Marginally Below Average,Electoral Division (not Small Area),0.8,0.8,published median distance to nearest GP; not transit journey time,6.9
217042005,4c07d11e-145a-851d-e053-ca3ca8c0ca7f,217042,CARRICKBEG URBAN,2022,464,43,6,139,0.043165,1.9,ecological proxy: population_65_plus × no-car-household share; not an observed age-by-car cross-tabulation,3. Independent urban towns,SOUTH TIPPERARY,Tipperary,-8.63,Marginally Below Average,Electoral Division (not Small Area),1.2,1.2,published median distance to nearest GP; not transit journey time,2.2
217043001,4c07d11e-12be-851d-e053-ca3ca8c0ca7f,217043,CARRIG,2022,186,42,0,70,0.0,0.0,ecological proxy: population_65_plus × no-car-household share; not an observed age-by-car cross-tabulation,6. Highly rural/remote areas,NORTH TIPPERARY,Tipperary,4.61,Marginally Above Average,Electoral Division (not Small Area),5.1,5.1,published median distance to nearest GP; not transit journey time,0.0
217044001,4c07d11d-f5a1-851d-e053-ca3ca8c0ca7f,217044,CARRIGATOGHER,2022,446,103,5,131,0.038168,3.9,ecological proxy: population_65_plus × no-car-household share; not an observed age-by-car cross-tabulation,4. Rural areas with high urban influence,NORTH TIPPERARY,Tipperary,2.49,Marginally Above Average,Electoral Division (not Small Area),5.1,5.2,published median distance to nearest GP; not transit journey time,20.0
217044002,4c07d11d-f59e-851d-e053-ca3ca8c0ca7f,217044,CARRIGATOGHER,2022,302,41,8,109,0.073394,3.0,ecological proxy: population_65_plus × no-car-household share; not an observed age-by-car cross-tabulation,4. Rural areas with high urban influence,NORTH TIPPERARY,Tipperary,2.49,Marginally Above Average,Electoral Division (not Small Area),6.8,6.9,published median distance to nearest GP; not transit journey time,20.5
217045001,4c07d11e-0dd8-851d-e053-ca3ca8c0ca7f,217045,CASHEL RURAL,2022,341,70,2,129,0.015504,1.1,ecological proxy: population_65_plus × no-car-household share; not an observed age-by-car cross-tabulation,5. Rural areas with moderate urban influence,SOUTH TIPPERARY,Tipperary,-1.09,Marginally Below Average,Electoral Division (not Small Area),3.0,3.1,published median distance to nearest GP; not transit journey time,3.3
217045002,4c07d11d-f507-851d-e053-ca3ca8c0ca7f,217045,CASHEL RURAL,2022,271,46,4,87,0.045977,2.1,ecological proxy: population_65_plus × no-car-household share; not an observed age-by-car cross-tabulation,5. Rural areas with moderate urban influence,SOUTH TIPPERARY,Tipperary,-1.09,Marginally Below Average,Electoral Division (not Small Area),3.8,3.9,published median distance to nearest GP; not transit journey time,8.0
217045003,4c07d11e-09f6-851d-e053-ca3ca8c0ca7f,217045,CASHEL RURAL,2022,325,24,9,116,0.077586,1.9,ecological proxy: population_65_plus × no-car-household share; not an observed age-by-car cross-tabulation,3. Independent urban towns,SOUTH TIPPERARY,Tipperary,-1.09,Marginally Below Average,Electoral Division (not Small Area),1.0,1.0,published median distance to nearest GP; not transit journey time,1.9
217045004,4c07d11e-09df-851d-e053-ca3ca8c0ca7f,217045,CASHEL RURAL,2022,378,4,13,111,0.117117,0.5,ecological proxy: population_65_plus × no-car-household share; not an observed age-by-car cross-tabulation,3. Independent urban towns,SOUTH TIPPERARY,Tipperary,-1.09,Marginally Below Average,Electoral Division (not Small Area),0.4,0.4,published median distance to nearest GP; not transit journey time,0.2
217045005,4c07d11e-2e2a-851d-e053-ca3ca8c0ca7f,217045,CASHEL RURAL,2022,179,81,28,84,0.333333,27.0,ecological proxy: population_65_plus × no-car-household share; not an observed age-by-car cross-tabulation,3. Independent urban towns,SOUTH TIPPERARY,Tipperary,-1.09,Marginally Below Average,Electoral Division (not Small Area),0.7,0.7,published median distance to nearest GP; not transit journey time,18.9
217045006,4c07d11e-1a8a-851d-e053-ca3ca8c0ca7f,217045,CASHEL RURAL,2022,335,27,10,111,0.09009,2.4,ecological proxy: population_65_plus × no-car-household share; not an observed age-by-car cross-tabulation,3. Independent urban towns,SOUTH TIPPERARY,Tipperary,-1.09,Marginally Below Average,Electoral Division (not Small Area),1.2,1.2,published median distance to nearest GP; not transit journey time,2.9
217045007,4c07d11e-155e-851d-e053-ca3ca8c0ca7f,217045,CASHEL RURAL,2022,215,22,14,87,0.16092,3.5,ecological proxy: population_65_plus × no-car-household share; not an observed age-by-car cross-tabulation,3. Independent urban towns,SOUTH TIPPERARY,Tipperary,-1.09,Marginally Below Average,Electoral Division (not Small Area),1.3,1.3,published median distance to nearest GP; not transit journey time,4.6
217045008,4c07d11e-1a89-851d-e053-ca3ca8c0ca7f,217045,CASHEL RURAL,2022,465,11,2,132,0.015152,0.2,ecological proxy: population_65_plus × no-car-household share; not an observed age-by-car cross-tabulation,3. Independent urban towns,SOUTH TIPPERARY,Tipperary,-1.09,Marginally Below Average,Electoral Division (not Small Area),0.9,1.0,published median distance to nearest GP; not transit journey time,0.2
217045009,4c07d11e-0dd7-851d-e053-ca3ca8c0ca7f,217045,CASHEL RURAL,2022,256,48,1,89,0.011236,0.5,ecological proxy: population_65_plus × no-car-household share; not an observed age-by-car cross-tabulation,3. Independent urban towns,SOUTH TIPPERARY,Tipperary,-1.09,Marginally Below Average,Electoral Division (not Small Area),1.6,1.5,published median distance to nearest GP; not transit journey time,0.9
217045010,4c07d11d-f508-851d-e053-ca3ca8c0ca7f,217045,CASHEL RURAL,2022,318,49,3,84,0.035714,1.8,ecological proxy: population_65_plus × no-car-household share; not an observed age-by-car cross-tabulation,5. Rural areas with moderate urban influence,SOUTH TIPPERARY,Tipperary,-1.09,Marginally Below Average,Electoral Division (not Small Area),2.4,2.5,published median distance to nearest GP; not transit journey time,4.2
217046001,4c07d11e-09f4-851d-e053-ca3ca8c0ca7f,217046,CASHEL URBAN,2022,218,45,12,87,0.137931,6.2,ecological proxy: population_65_plus × no-car-household share; not an observed age-by-car cross-tabulation,3. Independent urban towns,SOUTH TIPPERARY,Tipperary,-7.34,Marginally Below Average,Electoral Division (not Small Area),0.7,0.7,published median distance to nearest GP; not transit journey time,4.3
217046002,4c07d11e-09ec-851d-e053-ca3ca8c0ca7f,217046,CASHEL URBAN,2022,223,25,24,90,0.266667,6.7,ecological proxy: population_65_plus × no-car-household share; not an observed age-by-car cross-tabulation,3. Independent urban towns,SOUTH TIPPERARY,Tipperary,-7.34,Marginally Below Average,Electoral Division (not Small Area),0.8,0.7,published median distance to nearest GP; not transit journey time,5.3
217046003,4c07d11e-1aad-851d-e053-ca3ca8c0ca7f,217046,CASHEL URBAN,2022,263,35,26,112,0.232143,8.1,ecological proxy: population_65_plus × no-car-household share; not an observed age-by-car cross-tabulation,3. Independent urban towns,SOUTH TIPPERARY,Tipperary,-7.34,Marginally Below Average,Electoral Division (not Small Area),0.6,0.6,published median distance to nearest GP; not transit journey time,4.9
217046004,4c07d11e-09f5-851d-e053-ca3ca8c0ca7f,217046,CASHEL URBAN,2022,272,62,30,124,0.241935,15.0,ecological proxy: population_65_plus × no-car-household share; not an observed age-by-car cross-tabulation,3. Independent urban towns,SOUTH TIPPERARY,Tipperary,-7.34,Marginally Below Average,Electoral Division (not Small Area),0.3,0.3,published median distance to nearest GP; not transit journey time,4.5
217046005,4c07d11e-1a8b-851d-e053-ca3ca8c0ca7f,217046,CASHEL URBAN,2022,149,38,24,72,0.333333,12.7,ecological proxy: population_65_plus × no-car-household share; not an observed age-by-car cross-tabulation,3. Independent urban towns,SOUTH TIPPERARY,Tipperary,-7.34,Marginally Below Average,Electoral Division (not Small Area),0.6,0.6,published median distance to nearest GP; not transit journey time,7.6
217046006,4c07d11e-1a8c-851d-e053-ca3ca8c0ca7f,217046,CASHEL URBAN,2022,391,46,21,137,0.153285,7.1,ecological proxy: population_65_plus × no-car-household share; not an observed age-by-car cross-tabulation,3. Independent urban towns,SOUTH TIPPERARY,Tipperary,-7.34,Marginally Below Average,Electoral Division (not Small Area),1.0,1.0,published median distance to nearest GP; not transit journey time,7.1
217046007,4c07d11e-09e8-851d-e053-ca3ca8c0ca7f,217046,CASHEL URBAN,2022,375,15,15,134,0.11194,1.7,ecological proxy: population_65_plus × no-car-household share; not an observed age-by-car cross-tabulation,3. Independent urban towns,SOUTH TIPPERARY,Tipperary,-7.34,Marginally Below Average,Electoral Division (not Small Area),0.6,0.6,published median distance to nearest GP; not transit journey time,1.0
217046008,4c07d11e-1a96-851d-e053-ca3ca8c0ca7f,217046,CASHEL URBAN,2022,169,54,20,72,0.277778,15.0,ecological proxy: population_65_plus × no-car-household share; not an observed age-by-car cross-tabulation,3. Independent urban towns,SOUTH TIPPERARY,Tipperary,-7.34,Marginally Below Average,Electoral Division (not Small Area),0.4,0.4,published median distance to nearest GP; not transit journey time,6.0
217046009,4c07d11e-1a97-851d-e053-ca3ca8c0ca7f,217046,CASHEL URBAN,2022,312,41,26,128,0.203125,8.3,ecological proxy: population_65_plus × no-car-household share; not an observed age-by-car cross-tabulation,3. Independent urban towns,SOUTH TIPPERARY,Tipperary,-7.34,Marginally Below Average,Electoral Division (not Small Area),0.2,0.2,published median distance to nearest GP; not transit journey time,1.7
217046010,4c07d11e-1aa3-851d-e053-ca3ca8c0ca7f,217046,CASHEL URBAN,2022,280,93,10,83,0.120482,11.2,ecological proxy: population_65_plus × no-car-household share; not an observed age-by-car cross-tabulation,3. Independent urban towns,SOUTH TIPPERARY,Tipperary,-7.34,Marginally Below Average,Electoral Division (not Small Area),0.3,0.3,published median distance to nearest GP; not transit journey time,3.4
217047001/217047005,4c07d11e-0e58-851d-e053-ca3ca8c0ca7f,217047,CASTLETOWN,2022,265,39,3,93,0.032258,1.3,ecological proxy: population_65_plus × no-car-household share; not an observed age-by-car cross-tabulation,4. Rural areas with high urban influence,NORTH TIPPERARY,Tipperary,0.66,Marginally Above Average,Electoral Division (not Small Area),8.6,8.8,published median distance to nearest GP; not transit journey time,10.8
217047003/217047004/217047002/217047006,4c07d11e-0a14-851d-e053-ca3ca8c0ca7f,217047,CASTLETOWN,2022,203,42,7,87,0.08046,3.4,ecological proxy: population_65_plus × no-car-household share; not an observed age-by-car cross-tabulation,5. Rural areas with moderate urban influence,NORTH TIPPERARY,Tipperary,0.66,Marginally Above Average,Electoral Division (not Small Area),9.4,9.4,published median distance to nearest GP; not transit journey time,31.8
217047004/217047003/217047005,4c07d11e-0e53-851d-e053-ca3ca8c0ca7f,217047,CASTLETOWN,2022,251,44,3,89,0.033708,1.5,ecological proxy: population_65_plus × no-car-household share; not an observed age-by-car cross-tabulation,5. Rural areas with moderate urban influence,NORTH TIPPERARY,Tipperary,0.66,Marginally Above Average,Electoral Division (not Small Area),9.4,9.3,published median distance to nearest GP; not transit journey time,13.9
217047005/217047001/217047003/217047004/217047002/217047006,4c07d11e-0e54-851d-e053-ca3ca8c0ca7f,217047,CASTLETOWN,2022,256,28,6,96,0.0625,1.8,ecological proxy: population_65_plus × no-car-household share; not an observed age-by-car cross-tabulation,5. Rural areas with moderate urban influence,NORTH TIPPERARY,Tipperary,0.66,Marginally Above Average,Electoral Division (not Small Area),9.1,9.1,published median distance to nearest GP; not transit journey time,15.9
217047006/217047002,4c07d11e-0e56-851d-e053-ca3ca8c0ca7f,217047,CASTLETOWN,2022,237,47,5,94,0.053191,2.5,ecological proxy: population_65_plus × no-car-household share; not an observed age-by-car cross-tabulation,5. Rural areas with moderate urban influence,NORTH TIPPERARY,Tipperary,0.66,Marginally Above Average,Electoral Division (not Small Area),11.6,11.6,published median distance to nearest GP; not transit journey time,29.0
217047007,4c07d11e-010a-851d-e053-ca3ca8c0ca7f,217047,CASTLETOWN,2022,285,39,4,99,0.040404,1.6,ecological proxy: population_65_plus × no-car-household share; not an observed age-by-car cross-tabulation,4. Rural areas with high urban influence,NORTH TIPPERARY,Tipperary,0.66,Marginally Above Average,Electoral Division (not Small Area),7.9,8.0,published median distance to nearest GP; not transit journey time,12.4
217048001/01,a5b973e9-8dfa-414a-b8e7-3eade469b330,217048,CLOGHEEN,2022,137,28,5,52,0.096154,2.7,ecological proxy: population_65_plus × no-car-household share; not an observed age-by-car cross-tabulation,6. Highly rural/remote areas,SOUTH TIPPERARY,Tipperary,-4.3,Marginally Below Average,Electoral Division (not Small Area),9.4,9.4,published median distance to nearest GP; not transit journey time,25.3
217048001/02,725a0fb8-18ec-4f96-a9bf-bcbf84a4f4c3,217048,CLOGHEEN,2022,157,21,7,57,0.122807,2.6,ecological proxy: population_65_plus × no-car-household share; not an observed age-by-car cross-tabulation,6. Highly rural/remote areas,SOUTH TIPPERARY,Tipperary,-4.3,Marginally Below Average,Electoral Division (not Small Area),7.7,7.7,published median distance to nearest GP; not transit journey time,19.9
217048002,4c07d11d-f8af-851d-e053-ca3ca8c0ca7f,217048,CLOGHEEN,2022,172,25,1,59,0.016949,0.4,ecological proxy: population_65_plus × no-car-household share; not an observed age-by-car cross-tabulation,6. Highly rural/remote areas,SOUTH TIPPERARY,Tipperary,-4.3,Marginally Below Average,Electoral Division (not Small Area),3.1,3.0,published median distance to nearest GP; not transit journey time,1.3
217048003,4c07d11d-f8b0-851d-e053-ca3ca8c0ca7f,217048,CLOGHEEN,2022,138,36,3,58,0.051724,1.9,ecological proxy: population_65_plus × no-car-household share; not an observed age-by-car cross-tabulation,6. Highly rural/remote areas,SOUTH TIPPERARY,Tipperary,-4.3,Marginally Below Average,Electoral Division (not Small Area),6.4,6.4,published median distance to nearest GP; not transit journey time,11.9
217048004,4c07d11e-1418-851d-e053-ca3ca8c0ca7f,217048,CLOGHEEN,2022,244,62,16,107,0.149533,9.3,ecological proxy: population_65_plus × no-car-household share; not an observed age-by-car cross-tabulation,6. Highly rural/remote areas,SOUTH TIPPERARY,Tipperary,-4.3,Marginally Below Average,Electoral Division (not Small Area),7.3,7.3,published median distance to nearest GP; not transit journey time,67.7
217048005,4c07d11e-1419-851d-e053-ca3ca8c0ca7f,217048,CLOGHEEN,2022,163,49,16,75,0.213333,10.5,ecological proxy: population_65_plus × no-car-household share; not an observed age-by-car cross-tabulation,6. Highly rural/remote areas,SOUTH TIPPERARY,Tipperary,-4.3,Marginally Below Average,Electoral Division (not Small Area),7.7,7.7,published median distance to nearest GP; not transit journey time,80.5
217049001,4c07d11d-f558-851d-e053-ca3ca8c0ca7f,217049,CLOGHER,2022,242,44,2,85,0.023529,1.0,ecological proxy: population_65_plus × no-car-household share; not an observed age-by-car cross-tabulation,6. Highly rural/remote areas,SOUTH TIPPERARY,Tipperary,-3.72,Marginally Below Average,Electoral Division (not Small Area),10.7,10.6,published median distance to nearest GP; not transit journey time,11.1
217050001,4c07d11d-f769-851d-e053-ca3ca8c0ca7f,217050,CLOGHJORDAN,2022,193,42,1,72,0.013889,0.6,ecological proxy: population_65_plus × no-car-household share; not an observed age-by-car cross-tabulation,6. Highly rural/remote areas,NORTH TIPPERARY,Tipperary,1.31,Marginally Above Average,Electoral Division (not Small Area),2.7,2.6,published median distance to nearest GP; not transit journey time,1.6
217050002,4c07d11d-f76a-851d-e053-ca3ca8c0ca7f,217050,CLOGHJORDAN,2022,301,54,1,100,0.01,0.5,ecological proxy: population_65_plus × no-car-household share; not an observed age-by-car cross-tabulation,5. Rural areas with moderate urban influence,NORTH TIPPERARY,Tipperary,1.31,Marginally Above Average,Electoral Division (not Small Area),3.1,3.2,published median distance to nearest GP; not transit journey time,1.7
217050003,4c07d11e-14f0-851d-e053-ca3ca8c0ca7f,217050,CLOGHJORDAN,2022,337,56,15,134,0.11194,6.3,ecological proxy: population_65_plus × no-car-household share; not an observed age-by-car cross-tabulation,5. Rural areas with moderate urban influence,NORTH TIPPERARY,Tipperary,1.31,Marginally Above Average,Electoral Division (not Small Area),0.4,0.2,published median distance to nearest GP; not transit journey time,2.5
217050004,4c07d11e-12e5-851d-e053-ca3ca8c0ca7f,217050,CLOGHJORDAN,2022,364,72,28,155,0.180645,13.0,ecological proxy: population_65_plus × no-car-household share; not an observed age-by-car cross-tabulation,5. Rural areas with moderate urban influence,NORTH TIPPERARY,Tipperary,1.31,Marginally Above Average,Electoral Division (not Small Area),0.8,0.7,published median distance to nearest GP; not transit journey time,10.4
217051001,4c07d11d-f75e-851d-e053-ca3ca8c0ca7f,217051,CLOGHPRIOR,2022,326,46,4,106,0.037736,1.7,ecological proxy: population_65_plus × no-car-household share; not an observed age-by-car cross-tabulation,4. Rural areas with high urban influence,NORTH TIPPERARY,Tipperary,1.97,Marginally Above Average,Electoral Division (not Small Area),9.3,9.3,published median distance to nearest GP; not transit journey time,16.1
217052001,4c07d11d-f7c0-851d-e053-ca3ca8c0ca7f,217052,CLOHASKIN,2022,249,45,3,88,0.034091,1.5,ecological proxy: population_65_plus × no-car-household share; not an observed age-by-car cross-tabulation,5. Rural areas with moderate urban influence,NORTH TIPPERARY,Tipperary,-1.35,Marginally Below Average,Electoral Division (not Small Area),8.3,8.2,published median distance to nearest GP; not transit journey time,12.7
217053001,4c07d11d-f463-851d-e053-ca3ca8c0ca7f,217053,CLONBEG,2022,224,51,10,99,0.10101,5.2,ecological proxy: population_65_plus × no-car-household share; not an observed age-by-car cross-tabulation,6. Highly rural/remote areas,SOUTH TIPPERARY,Tipperary,1.62,Marginally Above Average,Electoral Division (not Small Area),9.7,9.8,published median distance to nearest GP; not transit journey time,50.0
217053002,4c07d11d-f4a0-851d-e053-ca3ca8c0ca7f,217053,CLONBEG,2022,251,53,4,91,0.043956,2.3,ecological proxy: population_65_plus × no-car-household share; not an observed age-by-car cross-tabulation,5. Rural areas with moderate urban influence,SOUTH TIPPERARY,Tipperary,1.62,Marginally Above Average,Electoral Division (not Small Area),9.1,9.1,published median distance to nearest GP; not transit journey time,21.2
217053003,4c07d11e-0d29-851d-e053-ca3ca8c0ca7f,217053,CLONBEG,2022,302,43,2,107,0.018692,0.8,ecological proxy: population_65_plus × no-car-household share; not an observed age-by-car cross-tabulation,5. Rural areas with moderate urban influence,SOUTH TIPPERARY,Tipperary,1.62,Marginally Above Average,Electoral Division (not Small Area),8.9,8.9,published median distance to nearest GP; not transit journey time,7.2
217054001,4c07d11e-0dd5-851d-e053-ca3ca8c0ca7f,217054,CLONEEN,2022,220,41,2,78,0.025641,1.1,ecological proxy: population_65_plus × no-car-household share; not an observed age-by-car cross-tabulation,6. Highly rural/remote areas,SOUTH TIPPERARY,Tipperary,5.92,Marginally Above Average,Electoral Division (not Small Area),7.5,7.5,published median distance to nearest GP; not transit journey time,7.9
217054002,4c07d11d-f505-851d-e053-ca3ca8c0ca7f,217054,CLONEEN,2022,277,37,2,87,0.022989,0.9,ecological proxy: population_65_plus × no-car-household share; not an observed age-by-car cross-tabulation,5. Rural areas with moderate urban influence,SOUTH TIPPERARY,Tipperary,5.92,Marginally Above Average,Electoral Division (not Small Area),6.7,6.7,published median distance to nearest GP; not transit journey time,5.7
217055001,4c07d11e-0d78-851d-e053-ca3ca8c0ca7f,217055,CLONMEL RURAL,2022,276,56,2,96,0.020833,1.2,ecological proxy: population_65_plus × no-car-household share; not an observed age-by-car cross-tabulation,5. Rural areas with moderate urban influence,SOUTH TIPPERARY,Tipperary,3.73,Marginally Above Average,Electoral Division (not Small Area),4.2,4.2,published median distance to nearest GP; not transit journey time,4.9
217055002,4c07d11e-0428-851d-e053-ca3ca8c0ca7f,217055,CLONMEL RURAL,2022,317,13,2,107,0.018692,0.2,ecological proxy: population_65_plus × no-car-household share; not an observed age-by-car cross-tabulation,3. Independent urban towns,SOUTH TIPPERARY,Tipperary,3.73,Marginally Above Average,Electoral Division (not Small Area),2.2,2.2,published median distance to nearest GP; not transit journey time,0.5
217055003,4c07d11e-0dcd-851d-e053-ca3ca8c0ca7f,217055,CLONMEL RURAL,2022,335,80,3,121,0.024793,2.0,ecological proxy: population_65_plus × no-car-household share; not an observed age-by-car cross-tabulation,5. Rural areas with moderate urban influence,SOUTH TIPPERARY,Tipperary,3.73,Marginally Above Average,Electoral Division (not Small Area),4.6,4.6,published median distance to nearest GP; not transit journey time,9.1
217055004,4c07d11e-0dce-851d-e053-ca3ca8c0ca7f,217055,CLONMEL RURAL,2022,261,57,3,84,0.035714,2.0,ecological proxy: population_65_plus × no-car-household share; not an observed age-by-car cross-tabulation,3. Independent urban towns,SOUTH TIPPERARY,Tipperary,3.73,Marginally Above Average,Electoral Division (not Small Area),3.1,3.0,published median distance to nearest GP; not transit journey time,6.3
217055005,4c07d11e-1436-851d-e053-ca3ca8c0ca7f,217055,CLONMEL RURAL,2022,356,14,2,108,0.018519,0.3,ecological proxy: population_65_plus × no-car-household share; not an observed age-by-car cross-tabulation,3. Independent urban towns,SOUTH TIPPERARY,Tipperary,3.73,Marginally Above Average,Electoral Division (not Small Area),2.0,2.0,published median distance to nearest GP; not transit journey time,0.5
217055006,4c07d11e-155f-851d-e053-ca3ca8c0ca7f,217055,CLONMEL RURAL,2022,230,49,2,83,0.024096,1.2,ecological proxy: population_65_plus × no-car-household share; not an observed age-by-car cross-tabulation,3. Independent urban towns,SOUTH TIPPERARY,Tipperary,3.73,Marginally Above Average,Electoral Division (not Small Area),2.4,2.5,published median distance to nearest GP; not transit journey time,2.8
217055007,4c07d11e-0dcc-851d-e053-ca3ca8c0ca7f,217055,CLONMEL RURAL,2022,226,65,0,89,0.0,0.0,ecological proxy: population_65_plus × no-car-household share; not an observed age-by-car cross-tabulation,5. Rural areas with moderate urban influence,SOUTH TIPPERARY,Tipperary,3.73,Marginally Above Average,Electoral Division (not Small Area),3.3,3.3,published median distance to nearest GP; not transit journey time,0.0
217055008,4c07d11e-0426-851d-e053-ca3ca8c0ca7f,217055,CLONMEL RURAL,2022,207,21,12,76,0.157895,3.3,ecological proxy: population_65_plus × no-car-household share; not an observed age-by-car cross-tabulation,3. Independent urban towns,SOUTH TIPPERARY,Tipperary,3.73,Marginally Above Average,Electoral Division (not Small Area),1.7,1.7,published median distance to nearest GP; not transit journey time,5.6
217055009,4c07d11e-179d-851d-e053-ca3ca8c0ca7f,217055,CLONMEL RURAL,2022,209,33,14,85,0.164706,5.4,ecological proxy: population_65_plus × no-car-household share; not an observed age-by-car cross-tabulation,3. Independent urban towns,SOUTH TIPPERARY,Tipperary,3.73,Marginally Above Average,Electoral Division (not Small Area),1.3,1.3,published median distance to nearest GP; not transit journey time,7.1
217055010,4c07d11e-2875-851d-e053-ca3ca8c0ca7f,217055,CLONMEL RURAL,2022,224,24,6,77,0.077922,1.9,ecological proxy: population_65_plus × no-car-household share; not an observed age-by-car cross-tabulation,3. Independent urban towns,SOUTH TIPPERARY,Tipperary,3.73,Marginally Above Average,Electoral Division (not Small Area),1.8,1.8,published median distance to nearest GP; not transit journey time,3.4
217055011,4c07d11e-17a9-851d-e053-ca3ca8c0ca7f,217055,CLONMEL RURAL,2022,200,32,8,79,0.101266,3.2,ecological proxy: population_65_plus × no-car-household share; not an observed age-by-car cross-tabulation,3. Independent urban towns,SOUTH TIPPERARY,Tipperary,3.73,Marginally Above Average,Electoral Division (not Small Area),1.6,1.6,published median distance to nearest GP; not transit journey time,5.2
217055012,4c07d11e-17b0-851d-e053-ca3ca8c0ca7f,217055,CLONMEL RURAL,2022,336,5,11,116,0.094828,0.5,ecological proxy: population_65_plus × no-car-household share; not an observed age-by-car cross-tabulation,3. Independent urban towns,SOUTH TIPPERARY,Tipperary,3.73,Marginally Above Average,Electoral Division (not Small Area),2.3,2.3,published median distance to nearest GP; not transit journey time,1.1
217055013,4c07d11e-2883-851d-e053-ca3ca8c0ca7f,217055,CLONMEL RURAL,2022,324,5,0,102,0.0,0.0,ecological proxy: population_65_plus × no-car-household share; not an observed age-by-car cross-tabulation,3. Independent urban towns,SOUTH TIPPERARY,Tipperary,3.73,Marginally Above Average,Electoral Division (not Small Area),2.5,2.5,published median distance to nearest GP; not transit journey time,0.0
217055014,4c07d11e-2863-851d-e053-ca3ca8c0ca7f,217055,CLONMEL RURAL,2022,241,49,6,97,0.061856,3.0,ecological proxy: population_65_plus × no-car-household share; not an observed age-by-car cross-tabulation,3. Independent urban towns,SOUTH TIPPERARY,Tipperary,3.73,Marginally Above Average,Electoral Division (not Small Area),1.6,1.6,published median distance to nearest GP; not transit journey time,4.8
217055015,4c07d11e-2862-851d-e053-ca3ca8c0ca7f,217055,CLONMEL RURAL,2022,259,13,8,95,0.084211,1.1,ecological proxy: population_65_plus × no-car-household share; not an observed age-by-car cross-tabulation,3. Independent urban towns,SOUTH TIPPERARY,Tipperary,3.73,Marginally Above Average,Electoral Division (not Small Area),1.7,1.7,published median distance to nearest GP; not transit journey time,1.9
217055016,4c07d11e-2872-851d-e053-ca3ca8c0ca7f,217055,CLONMEL RURAL,2022,369,12,3,127,0.023622,0.3,ecological proxy: population_65_plus × no-car-household share; not an observed age-by-car cross-tabulation,3. Independent urban towns,SOUTH TIPPERARY,Tipperary,3.73,Marginally Above Average,Electoral Division (not Small Area),1.9,1.9,published median distance to nearest GP; not transit journey time,0.5
217055017,4c07d11e-17b1-851d-e053-ca3ca8c0ca7f,217055,CLONMEL RURAL,2022,226,13,25,90,0.277778,3.6,ecological proxy: population_65_plus × no-car-household share; not an observed age-by-car cross-tabulation,3. Independent urban towns,SOUTH TIPPERARY,Tipperary,3.73,Marginally Above Average,Electoral Division (not Small Area),2.2,2.2,published median distance to nearest GP; not transit journey time,7.9
217055018,4c07d11e-2874-851d-e053-ca3ca8c0ca7f,217055,CLONMEL RURAL,2022,260,18,27,87,0.310345,5.6,ecological proxy: population_65_plus × no-car-household share; not an observed age-by-car cross-tabulation,3. Independent urban towns,SOUTH TIPPERARY,Tipperary,3.73,Marginally Above Average,Electoral Division (not Small Area),1.8,1.8,published median distance to nearest GP; not transit journey time,10.1
217055019,4c07d11e-1792-851d-e053-ca3ca8c0ca7f,217055,CLONMEL RURAL,2022,324,10,7,106,0.066038,0.7,ecological proxy: population_65_plus × no-car-household share; not an observed age-by-car cross-tabulation,3. Independent urban towns,SOUTH TIPPERARY,Tipperary,3.73,Marginally Above Average,Electoral Division (not Small Area),1.8,1.8,published median distance to nearest GP; not transit journey time,1.2
217055020,4c07d11e-2873-851d-e053-ca3ca8c0ca7f,217055,CLONMEL RURAL,2022,269,17,2,83,0.024096,0.4,ecological proxy: population_65_plus × no-car-household share; not an observed age-by-car cross-tabulation,3. Independent urban towns,SOUTH TIPPERARY,Tipperary,3.73,Marginally Above Average,Electoral Division (not Small Area),1.9,1.6,published median distance to nearest GP; not transit journey time,0.8
217055021,4c07d11e-0427-851d-e053-ca3ca8c0ca7f,217055,CLONMEL RURAL,2022,301,31,7,102,0.068627,2.1,ecological proxy: population_65_plus × no-car-household share; not an observed age-by-car cross-tabulation,3. Independent urban towns,SOUTH TIPPERARY,Tipperary,3.73,Marginally Above Average,Electoral Division (not Small Area),1.9,1.9,published median distance to nearest GP; not transit journey time,4.0
217056001,4c07d11e-041c-851d-e053-ca3ca8c0ca7f,217056,CLONMEL WEST URBAN,2022,188,89,14,77,0.181818,16.2,ecological proxy: population_65_plus × no-car-household share; not an observed age-by-car cross-tabulation,3. Independent urban towns,SOUTH TIPPERARY,Tipperary,-11.56,Disadvantaged,Electoral Division (not Small Area),1.6,1.6,published median distance to nearest GP; not transit journey time,25.9
217056002,4c07d11e-1795-851d-e053-ca3ca8c0ca7f,217056,CLONMEL WEST URBAN,2022,189,85,11,60,0.183333,15.6,ecological proxy: population_65_plus × no-car-household share; not an observed age-by-car cross-tabulation,3. Independent urban towns,SOUTH TIPPERARY,Tipperary,-11.56,Disadvantaged,Electoral Division (not Small Area),0.5,0.5,published median distance to nearest GP; not transit journey time,7.8
217056003,4c07d11e-041d-851d-e053-ca3ca8c0ca7f,217056,CLONMEL WEST URBAN,2022,225,76,13,109,0.119266,9.1,ecological proxy: population_65_plus × no-car-household share; not an observed age-by-car cross-tabulation,3. Independent urban towns,SOUTH TIPPERARY,Tipperary,-11.56,Disadvantaged,Electoral Division (not Small Area),0.9,0.8,published median distance to nearest GP; not transit journey time,8.2
217056004,4c07d11e-1788-851d-e053-ca3ca8c0ca7f,217056,CLONMEL WEST URBAN,2022,251,62,31,108,0.287037,17.8,ecological proxy: population_65_plus × no-car-household share; not an observed age-by-car cross-tabulation,3. Independent urban towns,SOUTH TIPPERARY,Tipperary,-11.56,Disadvantaged,Electoral Division (not Small Area),1.2,1.2,published median distance to nearest GP; not transit journey time,21.4
217056005,4c07d11e-1789-851d-e053-ca3ca8c0ca7f,217056,CLONMEL WEST URBAN,2022,216,60,26,95,0.273684,16.4,ecological proxy: population_65_plus × no-car-household share; not an observed age-by-car cross-tabulation,3. Independent urban towns,SOUTH TIPPERARY,Tipperary,-11.56,Disadvantaged,Electoral Division (not Small Area),1.0,1.0,published median distance to nearest GP; not transit journey time,16.4
217056006,4c07d11e-2860-851d-e053-ca3ca8c0ca7f,217056,CLONMEL WEST URBAN,2022,234,54,32,88,0.363636,19.6,ecological proxy: population_65_plus × no-car-household share; not an observed age-by-car cross-tabulation,3. Independent urban towns,SOUTH TIPPERARY,Tipperary,-11.56,Disadvantaged,Electoral Division (not Small Area),1.2,1.2,published median distance to nearest GP; not transit journey time,23.6
217056007,4c07d11e-1794-851d-e053-ca3ca8c0ca7f,217056,CLONMEL WEST URBAN,2022,282,52,22,113,0.19469,10.1,ecological proxy: population_65_plus × no-car-household share; not an observed age-by-car cross-tabulation,3. Independent urban towns,SOUTH TIPPERARY,Tipperary,-11.56,Disadvantaged,Electoral Division (not Small Area),0.9,0.9,published median distance to nearest GP; not transit journey time,9.1
217056008,4c07d11e-1793-851d-e053-ca3ca8c0ca7f,217056,CLONMEL WEST URBAN,2022,242,47,33,108,0.305556,14.4,ecological proxy: population_65_plus × no-car-household share; not an observed age-by-car cross-tabulation,3. Independent urban towns,SOUTH TIPPERARY,Tipperary,-11.56,Disadvantaged,Electoral Division (not Small Area),0.7,0.7,published median distance to nearest GP; not transit journey time,10.1
217056009,4c07d11e-285d-851d-e053-ca3ca8c0ca7f,217056,CLONMEL WEST URBAN,2022,168,41,34,85,0.4,16.4,ecological proxy: population_65_plus × no-car-household share; not an observed age-by-car cross-tabulation,3. Independent urban towns,SOUTH TIPPERARY,Tipperary,-11.56,Disadvantaged,Electoral Division (not Small Area),0.4,0.4,published median distance to nearest GP; not transit journey time,6.6
217056010,4c07d11e-285e-851d-e053-ca3ca8c0ca7f,217056,CLONMEL WEST URBAN,2022,217,56,37,100,0.37,20.7,ecological proxy: population_65_plus × no-car-household share; not an observed age-by-car cross-tabulation,3. Independent urban towns,SOUTH TIPPERARY,Tipperary,-11.56,Disadvantaged,Electoral Division (not Small Area),0.4,0.4,published median distance to nearest GP; not transit journey time,8.3
217056011,4c07d11e-284d-851d-e053-ca3ca8c0ca7f,217056,CLONMEL WEST URBAN,2022,225,54,25,91,0.274725,14.8,ecological proxy: population_65_plus × no-car-household share; not an observed age-by-car cross-tabulation,3. Independent urban towns,SOUTH TIPPERARY,Tipperary,-11.56,Disadvantaged,Electoral Division (not Small Area),0.2,0.2,published median distance to nearest GP; not transit journey time,3.0
217056012,4c07d11e-0410-851d-e053-ca3ca8c0ca7f,217056,CLONMEL WEST URBAN,2022,248,66,32,109,0.293578,19.4,ecological proxy: population_65_plus × no-car-household share; not an observed age-by-car cross-tabulation,3. Independent urban towns,SOUTH TIPPERARY,Tipperary,-11.56,Disadvantaged,Electoral Division (not Small Area),0.4,0.4,published median distance to nearest GP; not transit journey time,7.8
217056013,4c07d11e-2850-851d-e053-ca3ca8c0ca7f,217056,CLONMEL WEST URBAN,2022,140,44,45,93,0.483871,21.3,ecological proxy: population_65_plus × no-car-household share; not an observed age-by-car cross-tabulation,3. Independent urban towns,SOUTH TIPPERARY,Tipperary,-11.56,Disadvantaged,Electoral Division (not Small Area),0.1,0.1,published median distance to nearest GP; not transit journey time,2.1
217056014,4c07d11e-285f-851d-e053-ca3ca8c0ca7f,217056,CLONMEL WEST URBAN,2022,118,31,23,58,0.396552,12.3,ecological proxy: population_65_plus × no-car-household share; not an observed age-by-car cross-tabulation,3. Independent urban towns,SOUTH TIPPERARY,Tipperary,-11.56,Disadvantaged,Electoral Division (not Small Area),0.1,0.1,published median distance to nearest GP; not transit journey time,1.2
217056015,4c07d11e-284f-851d-e053-ca3ca8c0ca7f,217056,CLONMEL WEST URBAN,2022,141,8,30,75,0.4,3.2,ecological proxy: population_65_plus × no-car-household share; not an observed age-by-car cross-tabulation,3. Independent urban towns,SOUTH TIPPERARY,Tipperary,-11.56,Disadvantaged,Electoral Division (not Small Area),0.3,0.3,published median distance to nearest GP; not transit journey time,1.0
217056016,4c07d11e-180a-851d-e053-ca3ca8c0ca7f,217056,CLONMEL WEST URBAN,2022,130,20,26,73,0.356164,7.1,ecological proxy: population_65_plus × no-car-household share; not an observed age-by-car cross-tabulation,3. Independent urban towns,SOUTH TIPPERARY,Tipperary,-11.56,Disadvantaged,Electoral Division (not Small Area),0.3,0.3,published median distance to nearest GP; not transit journey time,2.1
217056017,4c07d11e-040f-851d-e053-ca3ca8c0ca7f,217056,CLONMEL WEST URBAN,2022,174,27,28,78,0.358974,9.7,ecological proxy: population_65_plus × no-car-household share; not an observed age-by-car cross-tabulation,3. Independent urban towns,SOUTH TIPPERARY,Tipperary,-11.56,Disadvantaged,Electoral Division (not Small Area),0.9,0.8,published median distance to nearest GP; not transit journey time,8.7
217056018,4c07d11e-1782-851d-e053-ca3ca8c0ca7f,217056,CLONMEL WEST URBAN,2022,228,35,14,96,0.145833,5.1,ecological proxy: population_65_plus × no-car-household share; not an observed age-by-car cross-tabulation,3. Independent urban towns,SOUTH TIPPERARY,Tipperary,-11.56,Disadvantaged,Electoral Division (not Small Area),1.0,1.0,published median distance to nearest GP; not transit journey time,5.1
217056019,4c07d11e-1787-851d-e053-ca3ca8c0ca7f,217056,CLONMEL WEST URBAN,2022,200,63,5,76,0.065789,4.1,ecological proxy: population_65_plus × no-car-household share; not an observed age-by-car cross-tabulation,3. Independent urban towns,SOUTH TIPPERARY,Tipperary,-11.56,Disadvantaged,Electoral Division (not Small Area),1.4,1.4,published median distance to nearest GP; not transit journey time,5.8
217056020,4c07d11e-2861-851d-e053-ca3ca8c0ca7f,217056,CLONMEL WEST URBAN,2022,248,49,23,94,0.244681,12.0,ecological proxy: population_65_plus × no-car-household share; not an observed age-by-car cross-tabulation,3. Independent urban towns,SOUTH TIPPERARY,Tipperary,-11.56,Disadvantaged,Electoral Division (not Small Area),1.2,1.2,published median distance to nearest GP; not transit journey time,14.4
217056021,4c07d11e-1786-851d-e053-ca3ca8c0ca7f,217056,CLONMEL WEST URBAN,2022,309,48,41,116,0.353448,17.0,ecological proxy: population_65_plus × no-car-household share; not an observed age-by-car cross-tabulation,3. Independent urban towns,SOUTH TIPPERARY,Tipperary,-11.56,Disadvantaged,Electoral Division (not Small Area),1.4,1.4,published median distance to nearest GP; not transit journey time,23.8
217056022,4c07d11e-1816-851d-e053-ca3ca8c0ca7f,217056,CLONMEL WEST URBAN,2022,229,36,13,94,0.138298,5.0,ecological proxy: population_65_plus × no-car-household share; not an observed age-by-car cross-tabulation,3. Independent urban towns,SOUTH TIPPERARY,Tipperary,-11.56,Disadvantaged,Electoral Division (not Small Area),1.0,1.0,published median distance to nearest GP; not transit journey time,5.0
217056023,4c07d11e-0404-851d-e053-ca3ca8c0ca7f,217056,CLONMEL WEST URBAN,2022,612,216,38,143,0.265734,57.4,ecological proxy: population_65_plus × no-car-household share; not an observed age-by-car cross-tabulation,3. Independent urban towns,SOUTH TIPPERARY,Tipperary,-11.56,Disadvantaged,Electoral Division (not Small Area),0.8,0.7,published median distance to nearest GP; not transit journey time,45.9
217056024,4c07d11e-0411-851d-e053-ca3ca8c0ca7f,217056,CLONMEL WEST URBAN,2022,138,32,27,74,0.364865,11.7,ecological proxy: population_65_plus × no-car-household share; not an observed age-by-car cross-tabulation,3. Independent urban towns,SOUTH TIPPERARY,Tipperary,-11.56,Disadvantaged,Electoral Division (not Small Area),0.1,0.2,published median distance to nearest GP; not transit journey time,1.2
217056025,4c07d11e-1781-851d-e053-ca3ca8c0ca7f,217056,CLONMEL WEST URBAN,2022,271,82,7,96,0.072917,6.0,ecological proxy: population_65_plus × no-car-household share; not an observed age-by-car cross-tabulation,3. Independent urban towns,SOUTH TIPPERARY,Tipperary,-11.56,Disadvantaged,Electoral Division (not Small Area),1.0,1.0,published median distance to nearest GP; not transit journey time,6.0
217056026,4c07d11e-1780-851d-e053-ca3ca8c0ca7f,217056,CLONMEL WEST URBAN,2022,191,56,16,89,0.179775,10.1,ecological proxy: population_65_plus × no-car-household share; not an observed age-by-car cross-tabulation,3. Independent urban towns,SOUTH TIPPERARY,Tipperary,-11.56,Disadvantaged,Electoral Division (not Small Area),0.5,0.5,published median distance to nearest GP; not transit journey time,5.0
217057001,4c07d11e-0d76-851d-e053-ca3ca8c0ca7f,217057,CLONOULTY EAST,2022,284,56,3,105,0.028571,1.6,ecological proxy: population_65_plus × no-car-household share; not an observed age-by-car cross-tabulation,5. Rural areas with moderate urban influence,SOUTH TIPPERARY,Tipperary,-6.29,Marginally Below Average,Electoral Division (not Small Area),9.9,10.0,published median distance to nearest GP; not transit journey time,15.8
217057002,4c07d11d-f50e-851d-e053-ca3ca8c0ca7f,217057,CLONOULTY EAST,2022,244,48,2,86,0.023256,1.1,ecological proxy: population_65_plus × no-car-household share; not an observed age-by-car cross-tabulation,6. Highly rural/remote areas,SOUTH TIPPERARY,Tipperary,-6.29,Marginally Below Average,Electoral Division (not Small Area),9.5,9.4,published median distance to nearest GP; not transit journey time,10.6
217058001,4c07d11d-f4bb-851d-e053-ca3ca8c0ca7f,217058,CLONOULTY WEST,2022,370,61,5,124,0.040323,2.5,ecological proxy: population_65_plus × no-car-household share; not an observed age-by-car cross-tabulation,5. Rural areas with moderate urban influence,SOUTH TIPPERARY,Tipperary,-2.13,Marginally Below Average,Electoral Division (not Small Area),7.4,7.3,published median distance to nearest GP; not transit journey time,18.2
217058002,4c07d11d-f4bc-851d-e053-ca3ca8c0ca7f,217058,CLONOULTY WEST,2022,339,57,8,123,0.065041,3.7,ecological proxy: population_65_plus × no-car-household share; not an observed age-by-car cross-tabulation,5. Rural areas with moderate urban influence,SOUTH TIPPERARY,Tipperary,-2.13,Marginally Below Average,Electoral Division (not Small Area),6.6,6.7,published median distance to nearest GP; not transit journey time,24.5
217059001,4c07d11e-0d7b-851d-e053-ca3ca8c0ca7f,217059,COLMAN,2022,230,32,1,76,0.013158,0.4,ecological proxy: population_65_plus × no-car-household share; not an observed age-by-car cross-tabulation,5. Rural areas with moderate urban influence,SOUTH TIPPERARY,Tipperary,4.16,Marginally Above Average,Electoral Division (not Small Area),4.9,4.9,published median distance to nearest GP; not transit journey time,2.1
217059002,4c07d11e-0dd3-851d-e053-ca3ca8c0ca7f,217059,COLMAN,2022,227,56,3,79,0.037975,2.1,ecological proxy: population_65_plus × no-car-household share; not an observed age-by-car cross-tabulation,5. Rural areas with moderate urban influence,SOUTH TIPPERARY,Tipperary,4.16,Marginally Above Average,Electoral Division (not Small Area),4.8,4.8,published median distance to nearest GP; not transit journey time,10.2
217060001,4c07d11d-f8b1-851d-e053-ca3ca8c0ca7f,217060,COOLAGARRANROE,2022,389,65,7,133,0.052632,3.4,ecological proxy: population_65_plus × no-car-household share; not an observed age-by-car cross-tabulation,5. Rural areas with moderate urban influence,SOUTH TIPPERARY,Tipperary,4.42,Marginally Above Average,Electoral Division (not Small Area),6.4,6.4,published median distance to nearest GP; not transit journey time,21.9
217060002,4c07d11d-f8b2-851d-e053-ca3ca8c0ca7f,217060,COOLAGARRANROE,2022,233,50,2,81,0.024691,1.2,ecological proxy: population_65_plus × no-car-household share; not an observed age-by-car cross-tabulation,5. Rural areas with moderate urban influence,SOUTH TIPPERARY,Tipperary,4.42,Marginally Above Average,Electoral Division (not Small Area),6.3,6.2,published median distance to nearest GP; not transit journey time,7.8
217061001,4c07d11d-f543-851d-e053-ca3ca8c0ca7f,217061,COOLEAGH,2022,236,50,4,97,0.041237,2.1,ecological proxy: population_65_plus × no-car-household share; not an observed age-by-car cross-tabulation,5. Rural areas with moderate urban influence,SOUTH TIPPERARY,Tipperary,2.67,Marginally Above Average,Electoral Division (not Small Area),3.1,3.1,published median distance to nearest GP; not transit journey time,6.4
217061002,4c07d11d-f542-851d-e053-ca3ca8c0ca7f,217061,COOLEAGH,2022,346,42,4,112,0.035714,1.5,ecological proxy: population_65_plus × no-car-household share; not an observed age-by-car cross-tabulation,5. Rural areas with moderate urban influence,SOUTH TIPPERARY,Tipperary,2.67,Marginally Above Average,Electoral Division (not Small Area),5.7,5.8,published median distance to nearest GP; not transit journey time,8.6
217062001,4c07d11d-f547-851d-e053-ca3ca8c0ca7f,217062,CROHANE,2022,282,50,3,97,0.030928,1.5,ecological proxy: population_65_plus × no-car-household share; not an observed age-by-car cross-tabulation,6. Highly rural/remote areas,SOUTH TIPPERARY,Tipperary,-1.89,Marginally Below Average,Electoral Division (not Small Area),4.6,4.5,published median distance to nearest GP; not transit journey time,7.1
217063001,4c07d11d-f4a9-851d-e053-ca3ca8c0ca7f,217063,CULLEN,2022,284,49,6,110,0.054545,2.7,ecological proxy: population_65_plus × no-car-household share; not an observed age-by-car cross-tabulation,5. Rural areas with moderate urban influence,SOUTH TIPPERARY,Tipperary,-4.62,Marginally Below Average,Electoral Division (not Small Area),10.4,10.4,published median distance to nearest GP; not transit journey time,27.8
217064001,4c07d11d-f557-851d-e053-ca3ca8c0ca7f,217064,CURRAHEEN,2022,291,63,11,104,0.105769,6.7,ecological proxy: population_65_plus × no-car-household share; not an observed age-by-car cross-tabulation,5. Rural areas with moderate urban influence,SOUTH TIPPERARY,Tipperary,-2.22,Marginally Below Average,Electoral Division (not Small Area),9.2,9.1,published median distance to nearest GP; not transit journey time,61.3
217065001,4c07d11e-00b7-851d-e053-ca3ca8c0ca7f,217065,DERRYCASTLE,2022,221,45,0,76,0.0,0.0,ecological proxy: population_65_plus × no-car-household share; not an observed age-by-car cross-tabulation,5. Rural areas with moderate urban influence,NORTH TIPPERARY,Tipperary,5.39,Marginally Above Average,Electoral Division (not Small Area),3.7,3.8,published median distance to nearest GP; not transit journey time,0.0
217065002,4c07d11d-f59f-851d-e053-ca3ca8c0ca7f,217065,DERRYCASTLE,2022,269,49,2,94,0.021277,1.0,ecological proxy: population_65_plus × no-car-household share; not an observed age-by-car cross-tabulation,4. Rural areas with high urban influence,NORTH TIPPERARY,Tipperary,5.39,Marginally Above Average,Electoral Division (not Small Area),2.3,2.3,published median distance to nearest GP; not transit journey time,2.4
217066001,4c07d11d-f4f8-851d-e053-ca3ca8c0ca7f,217066,DERRYGRATH,2022,351,77,1,131,0.007634,0.6,ecological proxy: population_65_plus × no-car-household share; not an observed age-by-car cross-tabulation,4. Rural areas with high urban influence,SOUTH TIPPERARY,Tipperary,3.82,Marginally Above Average,Electoral Division (not Small Area),6.3,6.6,published median distance to nearest GP; not transit journey time,3.7
217066002,4c07d11e-11a6-851d-e053-ca3ca8c0ca7f,217066,DERRYGRATH,2022,358,58,1,113,0.00885,0.5,ecological proxy: population_65_plus × no-car-household share; not an observed age-by-car cross-tabulation,5. Rural areas with moderate urban influence,SOUTH TIPPERARY,Tipperary,3.82,Marginally Above Average,Electoral Division (not Small Area),7.7,7.7,published median distance to nearest GP; not transit journey time,4.0
217067001,4c07d11d-f55b-851d-e053-ca3ca8c0ca7f,217067,DOLLA,2022,212,26,3,78,0.038462,1.0,ecological proxy: population_65_plus × no-car-household share; not an observed age-by-car cross-tabulation,5. Rural areas with moderate urban influence,NORTH TIPPERARY,Tipperary,-2.02,Marginally Below Average,Electoral Division (not Small Area),12.8,13.4,published median distance to nearest GP; not transit journey time,12.8
217068001,4c07d11d-f4ba-851d-e053-ca3ca8c0ca7f,217068,DONOHILL,2022,340,64,4,119,0.033613,2.2,ecological proxy: population_65_plus × no-car-household share; not an observed age-by-car cross-tabulation,5. Rural areas with moderate urban influence,SOUTH TIPPERARY,Tipperary,-2.24,Marginally Below Average,Electoral Division (not Small Area),5.0,5.0,published median distance to nearest GP; not transit journey time,10.8
217068002,4c07d11e-0d72-851d-e053-ca3ca8c0ca7f,217068,DONOHILL,2022,316,75,6,122,0.04918,3.7,ecological proxy: population_65_plus × no-car-household share; not an observed age-by-car cross-tabulation,4. Rural areas with high urban influence,SOUTH TIPPERARY,Tipperary,-2.24,Marginally Below Average,Electoral Division (not Small Area),3.2,3.2,published median distance to nearest GP; not transit journey time,11.8
217069001/01,dd8fe1e1-ef81-4850-8d63-5349a3711223,217069,DRANGAN,2022,169,29,2,59,0.033898,1.0,ecological proxy: population_65_plus × no-car-household share; not an observed age-by-car cross-tabulation,6. Highly rural/remote areas,SOUTH TIPPERARY,Tipperary,-0.92,Marginally Below Average,Electoral Division (not Small Area),7.0,7.0,published median distance to nearest GP; not transit journey time,6.9
217069001/02,d01e1f41-4313-43dc-97d8-af027858715c,217069,DRANGAN,2022,151,26,7,56,0.125,3.2,ecological proxy: population_65_plus × no-car-household share; not an observed age-by-car cross-tabulation,6. Highly rural/remote areas,SOUTH TIPPERARY,Tipperary,-0.92,Marginally Below Average,Electoral Division (not Small Area),6.4,6.4,published median distance to nearest GP; not transit journey time,20.8
217069002,4c07d11d-f544-851d-e053-ca3ca8c0ca7f,217069,DRANGAN,2022,372,63,1,120,0.008333,0.5,ecological proxy: population_65_plus × no-car-household share; not an observed age-by-car cross-tabulation,5. Rural areas with moderate urban influence,SOUTH TIPPERARY,Tipperary,-0.92,Marginally Below Average,Electoral Division (not Small Area),6.5,6.4,published median distance to nearest GP; not transit journey time,3.4
217070001,4c07d11e-0ec5-851d-e053-ca3ca8c0ca7f,217070,DROM,2022,322,44,1,107,0.009346,0.4,ecological proxy: population_65_plus × no-car-household share; not an observed age-by-car cross-tabulation,4. Rural areas with high urban influence,NORTH TIPPERARY,Tipperary,3.12,Marginally Above Average,Electoral Division (not Small Area),7.8,7.6,published median distance to nearest GP; not transit journey time,3.2
217070002,4c07d11d-f5b8-851d-e053-ca3ca8c0ca7f,217070,DROM,2022,309,51,4,96,0.041667,2.1,ecological proxy: population_65_plus × no-car-household share; not an observed age-by-car cross-tabulation,4. Rural areas with high urban influence,NORTH TIPPERARY,Tipperary,3.12,Marginally Above Average,Electoral Division (not Small Area),3.1,3.0,published median distance to nearest GP; not transit journey time,6.6
217070003,4c07d11e-0ed2-851d-e053-ca3ca8c0ca7f,217070,DROM,2022,285,43,1,94,0.010638,0.5,ecological proxy: population_65_plus × no-car-household share; not an observed age-by-car cross-tabulation,5. Rural areas with moderate urban influence,NORTH TIPPERARY,Tipperary,3.12,Marginally Above Average,Electoral Division (not Small Area),1.8,1.6,published median distance to nearest GP; not transit journey time,0.8
217070004,4c07d11e-0ec6-851d-e053-ca3ca8c0ca7f,217070,DROM,2022,296,56,0,103,0.0,0.0,ecological proxy: population_65_plus × no-car-household share; not an observed age-by-car cross-tabulation,5. Rural areas with moderate urban influence,NORTH TIPPERARY,Tipperary,3.12,Marginally Above Average,Electoral Division (not Small Area),4.9,5.0,published median distance to nearest GP; not transit journey time,0.0
217071001,4c07d11e-0d6b-851d-e053-ca3ca8c0ca7f,217071,DRUMWOOD,2022,320,35,3,96,0.03125,1.1,ecological proxy: population_65_plus × no-car-household share; not an observed age-by-car cross-tabulation,4. Rural areas with high urban influence,SOUTH TIPPERARY,Tipperary,3.36,Marginally Above Average,Electoral Division (not Small Area),4.2,4.3,published median distance to nearest GP; not transit journey time,4.6
217071002,4c07d11e-0d6a-851d-e053-ca3ca8c0ca7f,217071,DRUMWOOD,2022,306,57,4,101,0.039604,2.3,ecological proxy: population_65_plus × no-car-household share; not an observed age-by-car cross-tabulation,4. Rural areas with high urban influence,SOUTH TIPPERARY,Tipperary,3.36,Marginally Above Average,Electoral Division (not Small Area),6.5,6.5,published median distance to nearest GP; not transit journey time,14.7
217072001,4c07d11e-0d2a-851d-e053-ca3ca8c0ca7f,217072,EMLY,2022,177,49,2,67,0.029851,1.5,ecological proxy: population_65_plus × no-car-household share; not an observed age-by-car cross-tabulation,6. Highly rural/remote areas,SOUTH TIPPERARY,Tipperary,-7.69,Marginally Below Average,Electoral Division (not Small Area),7.1,8.7,published median distance to nearest GP; not transit journey time,10.4
217072002,4c07d11d-f464-851d-e053-ca3ca8c0ca7f,217072,EMLY,2022,167,37,1,60,0.016667,0.6,ecological proxy: population_65_plus × no-car-household share; not an observed age-by-car cross-tabulation,6. Highly rural/remote areas,SOUTH TIPPERARY,Tipperary,-7.69,Marginally Below Average,Electoral Division (not Small Area),8.2,8.4,published median distance to nearest GP; not transit journey time,5.1
217072003/217072004,4c07d11e-1534-851d-e053-ca3ca8c0ca7f,217072,EMLY,2022,338,53,13,130,0.1,5.3,ecological proxy: population_65_plus × no-car-household share; not an observed age-by-car cross-tabulation,4. Rural areas with high urban influence,SOUTH TIPPERARY,Tipperary,-7.69,Marginally Below Average,Electoral Division (not Small Area),6.4,6.3,published median distance to nearest GP; not transit journey time,33.9
217073001,4c07d11e-0e48-851d-e053-ca3ca8c0ca7f,217073,FARRANRORY,2022,155,25,10,54,0.185185,4.6,ecological proxy: population_65_plus × no-car-household share; not an observed age-by-car cross-tabulation,6. Highly rural/remote areas,SOUTH TIPPERARY,Tipperary,-11.48,Disadvantaged,Electoral Division (not Small Area),4.8,4.7,published median distance to nearest GP; not transit journey time,22.2
217073002,4c07d11e-0e49-851d-e053-ca3ca8c0ca7f,217073,FARRANRORY,2022,298,67,8,108,0.074074,5.0,ecological proxy: population_65_plus × no-car-household share; not an observed age-by-car cross-tabulation,6. Highly rural/remote areas,SOUTH TIPPERARY,Tipperary,-11.48,Disadvantaged,Electoral Division (not Small Area),4.4,4.2,published median distance to nearest GP; not transit journey time,21.8
217074001,4c07d11d-f5b3-851d-e053-ca3ca8c0ca7f,217074,FENNOR,2022,315,71,7,119,0.058824,4.2,ecological proxy: population_65_plus × no-car-household share; not an observed age-by-car cross-tabulation,5. Rural areas with moderate urban influence,SOUTH TIPPERARY,Tipperary,-5.4,Marginally Below Average,Electoral Division (not Small Area),2.7,2.7,published median distance to nearest GP; not transit journey time,11.3
217074002,4c07d11d-f5b4-851d-e053-ca3ca8c0ca7f,217074,FENNOR,2022,248,47,3,81,0.037037,1.7,ecological proxy: population_65_plus × no-car-household share; not an observed age-by-car cross-tabulation,6. Highly rural/remote areas,SOUTH TIPPERARY,Tipperary,-5.4,Marginally Below Average,Electoral Division (not Small Area),2.7,2.7,published median distance to nearest GP; not transit journey time,4.7
217075001,4c07d11d-f76b-851d-e053-ca3ca8c0ca7f,217075,FINNOE,2022,209,43,2,70,0.028571,1.2,ecological proxy: population_65_plus × no-car-household share; not an observed age-by-car cross-tabulation,6. Highly rural/remote areas,NORTH TIPPERARY,Tipperary,2.28,Marginally Above Average,Electoral Division (not Small Area),5.0,4.5,published median distance to nearest GP; not transit journey time,6.1
217076001,4c07d11e-0e4d-851d-e053-ca3ca8c0ca7f,217076,FOILNAMAN,2022,171,24,3,60,0.05,1.2,ecological proxy: population_65_plus × no-car-household share; not an observed age-by-car cross-tabulation,6. Highly rural/remote areas,NORTH TIPPERARY,Tipperary,-1.8,Marginally Below Average,Electoral Division (not Small Area),13.9,14.1,published median distance to nearest GP; not transit journey time,16.7
217076002,4c07d11d-f55a-851d-e053-ca3ca8c0ca7f,217076,FOILNAMAN,2022,200,30,0,65,0.0,0.0,ecological proxy: population_65_plus × no-car-household share; not an observed age-by-car cross-tabulation,5. Rural areas with moderate urban influence,NORTH TIPPERARY,Tipperary,-1.8,Marginally Below Average,Electoral Division (not Small Area),16.9,16.8,published median distance to nearest GP; not transit journey time,0.0
217077001,4c07d11d-f511-851d-e053-ca3ca8c0ca7f,217077,GAILE,2022,381,111,2,122,0.016393,1.8,ecological proxy: population_65_plus × no-car-household share; not an observed age-by-car cross-tabulation,5. Rural areas with moderate urban influence,SOUTH TIPPERARY,Tipperary,-1.69,Marginally Below Average,Electoral Division (not Small Area),9.2,9.2,published median distance to nearest GP; not transit journey time,16.7
217077002,4c07d11e-0ddb-851d-e053-ca3ca8c0ca7f,217077,GAILE,2022,145,22,2,52,0.038462,0.8,ecological proxy: population_65_plus × no-car-household share; not an observed age-by-car cross-tabulation,6. Highly rural/remote areas,SOUTH TIPPERARY,Tipperary,-1.69,Marginally Below Average,Electoral Division (not Small Area),6.7,6.7,published median distance to nearest GP; not transit journey time,5.7
217077003,4c07d11e-1aae-851d-e053-ca3ca8c0ca7f,217077,GAILE,2022,242,23,5,86,0.05814,1.3,ecological proxy: population_65_plus × no-car-household share; not an observed age-by-car cross-tabulation,5. Rural areas with moderate urban influence,SOUTH TIPPERARY,Tipperary,-1.69,Marginally Below Average,Electoral Division (not Small Area),6.8,6.8,published median distance to nearest GP; not transit journey time,9.1
217078001,4c07d11d-f605-851d-e053-ca3ca8c0ca7f,217078,GARRANGIBBON,2022,381,66,4,138,0.028986,1.9,ecological proxy: population_65_plus × no-car-household share; not an observed age-by-car cross-tabulation,4. Rural areas with high urban influence,SOUTH TIPPERARY,Tipperary,-1.75,Marginally Below Average,Electoral Division (not Small Area),10.4,10.3,published median distance to nearest GP; not transit journey time,19.9
217078002,4c07d11e-0dd6-851d-e053-ca3ca8c0ca7f,217078,GARRANGIBBON,2022,282,38,13,108,0.12037,4.6,ecological proxy: population_65_plus × no-car-household share; not an observed age-by-car cross-tabulation,5. Rural areas with moderate urban influence,SOUTH TIPPERARY,Tipperary,-1.75,Marginally Below Average,Electoral Division (not Small Area),9.1,9.1,published median distance to nearest GP; not transit journey time,41.6
217079001,4c07d11d-f556-851d-e053-ca3ca8c0ca7f,217079,GLENGAR,2022,250,38,5,92,0.054348,2.1,ecological proxy: population_65_plus × no-car-household share; not an observed age-by-car cross-tabulation,5. Rural areas with moderate urban influence,SOUTH TIPPERARY,Tipperary,0.97,Marginally Above Average,Electoral Division (not Small Area),7.2,7.1,published median distance to nearest GP; not transit journey time,14.9
217080001,4c07d11d-f59a-851d-e053-ca3ca8c0ca7f,217080,GLENKEEN,2022,479,99,5,165,0.030303,3.0,ecological proxy: population_65_plus × no-car-household share; not an observed age-by-car cross-tabulation,4. Rural areas with high urban influence,NORTH TIPPERARY,Tipperary,4.8,Marginally Above Average,Electoral Division (not Small Area),11.9,11.9,published median distance to nearest GP; not transit journey time,35.7
217081001,4c07d11e-0a62-851d-e053-ca3ca8c0ca7f,217081,GOLDEN,2022,362,69,14,135,0.103704,7.2,ecological proxy: population_65_plus × no-car-household share; not an observed age-by-car cross-tabulation,5. Rural areas with moderate urban influence,SOUTH TIPPERARY,Tipperary,-2.66,Marginally Below Average,Electoral Division (not Small Area),7.2,7.2,published median distance to nearest GP; not transit journey time,51.5
217081003/217081002,4c07d11d-f4b5-851d-e053-ca3ca8c0ca7f,217081,GOLDEN,2022,519,99,3,178,0.016854,1.7,ecological proxy: population_65_plus × no-car-household share; not an observed age-by-car cross-tabulation,4. Rural areas with high urban influence,SOUTH TIPPERARY,Tipperary,-2.66,Marginally Below Average,Electoral Division (not Small Area),7.5,7.5,published median distance to nearest GP; not transit journey time,12.5
217082001,4c07d11d-f55f-851d-e053-ca3ca8c0ca7f,217082,GORTKELLY,2022,322,64,4,105,0.038095,2.4,ecological proxy: population_65_plus × no-car-household share; not an observed age-by-car cross-tabulation,5. Rural areas with moderate urban influence,NORTH TIPPERARY,Tipperary,-1.25,Marginally Below Average,Electoral Division (not Small Area),13.6,13.7,published median distance to nearest GP; not transit journey time,33.2
217082002,4c07d11d-f55e-851d-e053-ca3ca8c0ca7f,217082,GORTKELLY,2022,272,46,2,93,0.021505,1.0,ecological proxy: population_65_plus × no-car-household share; not an observed age-by-car cross-tabulation,5. Rural areas with moderate urban influence,NORTH TIPPERARY,Tipperary,-1.25,Marginally Below Average,Electoral Division (not Small Area),12.6,12.6,published median distance to nearest GP; not transit journey time,12.5
217083001,4c07d11e-0d7a-851d-e053-ca3ca8c0ca7f,217083,GRAIGUE,2022,155,31,4,48,0.083333,2.6,ecological proxy: population_65_plus × no-car-household share; not an observed age-by-car cross-tabulation,6. Highly rural/remote areas,SOUTH TIPPERARY,Tipperary,6.68,Marginally Above Average,Electoral Division (not Small Area),9.3,9.5,published median distance to nearest GP; not transit journey time,24.0
217084001,4c07d11d-f7c3-851d-e053-ca3ca8c0ca7f,217084,GRAIGUE,2022,303,65,6,99,0.060606,3.9,ecological proxy: population_65_plus × no-car-household share; not an observed age-by-car cross-tabulation,5. Rural areas with moderate urban influence,NORTH TIPPERARY,Tipperary,-7.27,Marginally Below Average,Electoral Division (not Small Area),9.5,9.6,published median distance to nearest GP; not transit journey time,37.4
217085001,4c07d11e-0dde-851d-e053-ca3ca8c0ca7f,217085,GRAYSTOWN,2022,209,47,6,76,0.078947,3.7,ecological proxy: population_65_plus × no-car-household share; not an observed age-by-car cross-tabulation,6. Highly rural/remote areas,SOUTH TIPPERARY,Tipperary,-6.9,Marginally Below Average,Electoral Division (not Small Area),5.6,5.6,published median distance to nearest GP; not transit journey time,20.8
217085002,4c07d11d-f510-851d-e053-ca3ca8c0ca7f,217085,GRAYSTOWN,2022,229,37,3,78,0.038462,1.4,ecological proxy: population_65_plus × no-car-household share; not an observed age-by-car cross-tabulation,6. Highly rural/remote areas,SOUTH TIPPERARY,Tipperary,-6.9,Marginally Below Average,Electoral Division (not Small Area),9.1,9.1,published median distance to nearest GP; not transit journey time,12.9
217086001/217117001,4c07d11d-f51f-851d-e053-ca3ca8c0ca7f,217086/217117,LACKAGH/GREENHALL,2022,427,59,4,142,0.028169,1.7,ecological proxy: population_65_plus × no-car-household share; not an observed age-by-car cross-tabulation,4. Rural areas with high urban influence,NORTH TIPPERARY,Tipperary,1.47,Marginally Above Average,Electoral Division (not Small Area),9.7,9.7,published median distance to nearest GP; not transit journey time,16.1
217087001,4c07d11d-f521-851d-e053-ca3ca8c0ca7f,217087,HOLYCROSS,2022,350,53,1,109,0.009174,0.5,ecological proxy: population_65_plus × no-car-household share; not an observed age-by-car cross-tabulation,5. Rural areas with moderate urban influence,NORTH TIPPERARY,Tipperary,4.0,Marginally Above Average,Electoral Division (not Small Area),7.9,8.0,published median distance to nearest GP; not transit journey time,3.8
217087002,4c07d11e-0ddc-851d-e053-ca3ca8c0ca7f,217087,HOLYCROSS,2022,431,70,8,142,0.056338,3.9,ecological proxy: population_65_plus × no-car-household share; not an observed age-by-car cross-tabulation,4. Rural areas with high urban influence,NORTH TIPPERARY,Tipperary,4.0,Marginally Above Average,Electoral Division (not Small Area),5.5,5.6,published median distance to nearest GP; not transit journey time,21.7
217087003,4c07d11e-13ac-851d-e053-ca3ca8c0ca7f,217087,HOLYCROSS,2022,310,112,31,152,0.203947,22.8,ecological proxy: population_65_plus × no-car-household share; not an observed age-by-car cross-tabulation,5. Rural areas with moderate urban influence,NORTH TIPPERARY,Tipperary,4.0,Marginally Above Average,Electoral Division (not Small Area),6.1,6.0,published median distance to nearest GP; not transit journey time,139.3
217087004,4c07d11d-f5aa-851d-e053-ca3ca8c0ca7f,217087,HOLYCROSS,2022,346,81,5,127,0.03937,3.2,ecological proxy: population_65_plus × no-car-household share; not an observed age-by-car cross-tabulation,4. Rural areas with high urban influence,NORTH TIPPERARY,Tipperary,4.0,Marginally Above Average,Electoral Division (not Small Area),4.4,4.5,published median distance to nearest GP; not transit journey time,14.0
217088001,4c07d11d-f5ab-851d-e053-ca3ca8c0ca7f,217088,INCH,2022,407,94,11,148,0.074324,7.0,ecological proxy: population_65_plus × no-car-household share; not an observed age-by-car cross-tabulation,4. Rural areas with high urban influence,NORTH TIPPERARY,Tipperary,-4.21,Marginally Below Average,Electoral Division (not Small Area),8.9,8.9,published median distance to nearest GP; not transit journey time,62.2
217089001,4c07d11e-03f8-851d-e053-ca3ca8c0ca7f,217089,INISHLOUNAGHT,2022,287,69,2,106,0.018868,1.3,ecological proxy: population_65_plus × no-car-household share; not an observed age-by-car cross-tabulation,3. Independent urban towns,SOUTH TIPPERARY,Tipperary,3.52,Marginally Above Average,Electoral Division (not Small Area),1.5,1.5,published median distance to nearest GP; not transit journey time,2.0
217089002,4c07d11d-f4f9-851d-e053-ca3ca8c0ca7f,217089,INISHLOUNAGHT,2022,360,114,6,119,0.05042,5.7,ecological proxy: population_65_plus × no-car-household share; not an observed age-by-car cross-tabulation,5. Rural areas with moderate urban influence,SOUTH TIPPERARY,Tipperary,3.52,Marginally Above Average,Electoral Division (not Small Area),6.0,6.0,published median distance to nearest GP; not transit journey time,34.5
217089003/01,fb9c0a14-682f-49bf-af2c-5d1afe3c8dcb,217089,INISHLOUNAGHT,2022,232,71,9,95,0.094737,6.7,ecological proxy: population_65_plus × no-car-household share; not an observed age-by-car cross-tabulation,3. Independent urban towns,SOUTH TIPPERARY,Tipperary,3.52,Marginally Above Average,Electoral Division (not Small Area),2.7,2.6,published median distance to nearest GP; not transit journey time,18.2
217089003/02/217089006,5dde984d-753f-4b43-9532-da95142a530c,217089,INISHLOUNAGHT,2022,373,52,6,115,0.052174,2.7,ecological proxy: population_65_plus × no-car-household share; not an observed age-by-car cross-tabulation,4. Rural areas with high urban influence,SOUTH TIPPERARY,Tipperary,3.52,Marginally Above Average,Electoral Division (not Small Area),2.7,2.9,published median distance to nearest GP; not transit journey time,7.3
217089004,4c07d11e-03f9-851d-e053-ca3ca8c0ca7f,217089,INISHLOUNAGHT,2022,308,17,1,96,0.010417,0.2,ecological proxy: population_65_plus × no-car-household share; not an observed age-by-car cross-tabulation,3. Independent urban towns,SOUTH TIPPERARY,Tipperary,3.52,Marginally Above Average,Electoral Division (not Small Area),1.8,1.8,published median distance to nearest GP; not transit journey time,0.3
217089005,4c07d11e-1434-851d-e053-ca3ca8c0ca7f,217089,INISHLOUNAGHT,2022,295,64,4,110,0.036364,2.3,ecological proxy: population_65_plus × no-car-household share; not an observed age-by-car cross-tabulation,3. Independent urban towns,SOUTH TIPPERARY,Tipperary,3.52,Marginally Above Average,Electoral Division (not Small Area),1.7,1.6,published median distance to nearest GP; not transit journey time,4.0
217089007,4c07d11e-284b-851d-e053-ca3ca8c0ca7f,217089,INISHLOUNAGHT,2022,341,6,11,111,0.099099,0.6,ecological proxy: population_65_plus × no-car-household share; not an observed age-by-car cross-tabulation,3. Independent urban towns,SOUTH TIPPERARY,Tipperary,3.52,Marginally Above Average,Electoral Division (not Small Area),1.2,1.2,published median distance to nearest GP; not transit journey time,0.7
217089008,4c07d11e-284c-851d-e053-ca3ca8c0ca7f,217089,INISHLOUNAGHT,2022,312,5,10,104,0.096154,0.5,ecological proxy: population_65_plus × no-car-household share; not an observed age-by-car cross-tabulation,3. Independent urban towns,SOUTH TIPPERARY,Tipperary,3.52,Marginally Above Average,Electoral Division (not Small Area),1.1,1.1,published median distance to nearest GP; not transit journey time,0.5
217089009,4c07d11e-1819-851d-e053-ca3ca8c0ca7f,217089,INISHLOUNAGHT,2022,224,59,13,97,0.134021,7.9,ecological proxy: population_65_plus × no-car-household share; not an observed age-by-car cross-tabulation,3. Independent urban towns,SOUTH TIPPERARY,Tipperary,3.52,Marginally Above Average,Electoral Division (not Small Area),1.1,1.1,published median distance to nearest GP; not transit journey time,8.7
217089010,4c07d11e-283e-851d-e053-ca3ca8c0ca7f,217089,INISHLOUNAGHT,2022,210,79,4,84,0.047619,3.8,ecological proxy: population_65_plus × no-car-household share; not an observed age-by-car cross-tabulation,3. Independent urban towns,SOUTH TIPPERARY,Tipperary,3.52,Marginally Above Average,Electoral Division (not Small Area),1.7,1.7,published median distance to nearest GP; not transit journey time,6.4
217089011,4c07d11e-0403-851d-e053-ca3ca8c0ca7f,217089,INISHLOUNAGHT,2022,237,72,2,93,0.021505,1.5,ecological proxy: population_65_plus × no-car-household share; not an observed age-by-car cross-tabulation,3. Independent urban towns,SOUTH TIPPERARY,Tipperary,3.52,Marginally Above Average,Electoral Division (not Small Area),1.2,1.2,published median distance to nearest GP; not transit journey time,1.9
217089012,4c07d11e-1815-851d-e053-ca3ca8c0ca7f,217089,INISHLOUNAGHT,2022,310,26,5,110,0.045455,1.2,ecological proxy: population_65_plus × no-car-household share; not an observed age-by-car cross-tabulation,3. Independent urban towns,SOUTH TIPPERARY,Tipperary,3.52,Marginally Above Average,Electoral Division (not Small Area),2.0,2.0,published median distance to nearest GP; not transit journey time,2.4
217090001,4c07d11d-f762-851d-e053-ca3ca8c0ca7f,217090,KILBARRON,2022,179,52,2,80,0.025,1.3,ecological proxy: population_65_plus × no-car-household share; not an observed age-by-car cross-tabulation,6. Highly rural/remote areas,NORTH TIPPERARY,Tipperary,2.56,Marginally Above Average,Electoral Division (not Small Area),12.6,12.6,published median distance to nearest GP; not transit journey time,16.4
217090002,4c07d11d-f763-851d-e053-ca3ca8c0ca7f,217090,KILBARRON,2022,214,35,1,73,0.013699,0.5,ecological proxy: population_65_plus × no-car-household share; not an observed age-by-car cross-tabulation,6. Highly rural/remote areas,NORTH TIPPERARY,Tipperary,2.56,Marginally Above Average,Electoral Division (not Small Area),8.5,8.7,published median distance to nearest GP; not transit journey time,4.1
217090003,4c07d11e-12b0-851d-e053-ca3ca8c0ca7f,217090,KILBARRON,2022,253,63,0,93,0.0,0.0,ecological proxy: population_65_plus × no-car-household share; not an observed age-by-car cross-tabulation,5. Rural areas with moderate urban influence,NORTH TIPPERARY,Tipperary,2.56,Marginally Above Average,Electoral Division (not Small Area),10.1,10.2,published median distance to nearest GP; not transit journey time,0.0
217091001,4c07d11e-0dd1-851d-e053-ca3ca8c0ca7f,217091,KILCASH,2022,257,43,2,96,0.020833,0.9,ecological proxy: population_65_plus × no-car-household share; not an observed age-by-car cross-tabulation,5. Rural areas with moderate urban influence,SOUTH TIPPERARY,Tipperary,2.3,Marginally Above Average,Electoral Division (not Small Area),11.9,11.9,published median distance to nearest GP; not transit journey time,10.7
217091002,4c07d11e-0dd0-851d-e053-ca3ca8c0ca7f,217091,KILCASH,2022,160,23,5,63,0.079365,1.8,ecological proxy: population_65_plus × no-car-household share; not an observed age-by-car cross-tabulation,6. Highly rural/remote areas,SOUTH TIPPERARY,Tipperary,2.3,Marginally Above Average,Electoral Division (not Small Area),11.9,11.8,published median distance to nearest GP; not transit journey time,21.7
217091003,4c07d11e-0dd2-851d-e053-ca3ca8c0ca7f,217091,KILCASH,2022,374,60,8,129,0.062016,3.7,ecological proxy: population_65_plus × no-car-household share; not an observed age-by-car cross-tabulation,4. Rural areas with high urban influence,SOUTH TIPPERARY,Tipperary,2.3,Marginally Above Average,Electoral Division (not Small Area),12.0,12.0,published median distance to nearest GP; not transit journey time,44.7
217092001,4c07d11e-00a7-851d-e053-ca3ca8c0ca7f,217092,KILCOMENTY,2022,400,48,1,133,0.007519,0.4,ecological proxy: population_65_plus × no-car-household share; not an observed age-by-car cross-tabulation,4. Rural areas with high urban influence,NORTH TIPPERARY,Tipperary,4.82,Marginally Above Average,Electoral Division (not Small Area),5.7,5.7,published median distance to nearest GP; not transit journey time,2.1
217092002,4c07d11d-f551-851d-e053-ca3ca8c0ca7f,217092,KILCOMENTY,2022,343,63,4,114,0.035088,2.2,ecological proxy: population_65_plus × no-car-household share; not an observed age-by-car cross-tabulation,4. Rural areas with high urban influence,NORTH TIPPERARY,Tipperary,4.82,Marginally Above Average,Electoral Division (not Small Area),3.9,3.8,published median distance to nearest GP; not transit journey time,8.6
217093001,4c07d11e-1b3b-851d-e053-ca3ca8c0ca7f,217093,KILCOMMON,2022,262,57,32,114,0.280702,16.0,ecological proxy: population_65_plus × no-car-household share; not an observed age-by-car cross-tabulation,3. Independent urban towns,SOUTH TIPPERARY,Tipperary,-9.42,Marginally Below Average,Electoral Division (not Small Area),1.4,1.4,published median distance to nearest GP; not transit journey time,22.4
217093002,4c07d11e-0a59-851d-e053-ca3ca8c0ca7f,217093,KILCOMMON,2022,284,57,26,121,0.214876,12.2,ecological proxy: population_65_plus × no-car-household share; not an observed age-by-car cross-tabulation,3. Independent urban towns,SOUTH TIPPERARY,Tipperary,-9.42,Marginally Below Average,Electoral Division (not Small Area),0.7,0.8,published median distance to nearest GP; not transit journey time,8.6
217093003,4c07d11e-0d32-851d-e053-ca3ca8c0ca7f,217093,KILCOMMON,2022,174,33,9,67,0.134328,4.4,ecological proxy: population_65_plus × no-car-household share; not an observed age-by-car cross-tabulation,3. Independent urban towns,SOUTH TIPPERARY,Tipperary,-9.42,Marginally Below Average,Electoral Division (not Small Area),1.3,1.3,published median distance to nearest GP; not transit journey time,5.8
217093004,4c07d11e-03cb-851d-e053-ca3ca8c0ca7f,217093,KILCOMMON,2022,327,46,30,126,0.238095,11.0,ecological proxy: population_65_plus × no-car-household share; not an observed age-by-car cross-tabulation,3. Independent urban towns,SOUTH TIPPERARY,Tipperary,-9.42,Marginally Below Average,Electoral Division (not Small Area),1.3,1.3,published median distance to nearest GP; not transit journey time,14.2
217093005,4c07d11d-f4a4-851d-e053-ca3ca8c0ca7f,217093,KILCOMMON,2022,265,41,3,90,0.033333,1.4,ecological proxy: population_65_plus × no-car-household share; not an observed age-by-car cross-tabulation,5. Rural areas with moderate urban influence,SOUTH TIPPERARY,Tipperary,-9.42,Marginally Below Average,Electoral Division (not Small Area),4.2,4.3,published median distance to nearest GP; not transit journey time,5.7
217093006,4c07d11d-f3f3-851d-e053-ca3ca8c0ca7f,217093,KILCOMMON,2022,449,93,6,155,0.03871,3.6,ecological proxy: population_65_plus × no-car-household share; not an observed age-by-car cross-tabulation,4. Rural areas with high urban influence,SOUTH TIPPERARY,Tipperary,-9.42,Marginally Below Average,Electoral Division (not Small Area),2.7,2.7,published median distance to nearest GP; not transit journey time,9.7
217093008,4c07d11e-1b3a-851d-e053-ca3ca8c0ca7f,217093,KILCOMMON,2022,200,35,9,80,0.1125,3.9,ecological proxy: population_65_plus × no-car-household share; not an observed age-by-car cross-tabulation,3. Independent urban towns,SOUTH TIPPERARY,Tipperary,-9.42,Marginally Below Average,Electoral Division (not Small Area),0.8,0.8,published median distance to nearest GP; not transit journey time,3.2
217093009/217093007,4c07d11e-0d35-851d-e053-ca3ca8c0ca7f,217093,KILCOMMON,2022,347,42,15,124,0.120968,5.1,ecological proxy: population_65_plus × no-car-household share; not an observed age-by-car cross-tabulation,3. Independent urban towns,SOUTH TIPPERARY,Tipperary,-9.42,Marginally Below Average,Electoral Division (not Small Area),1.4,1.4,published median distance to nearest GP; not transit journey time,7.1
217094001,4c07d11e-0ecd-851d-e053-ca3ca8c0ca7f,217094,KILCOOLY,2022,314,56,3,104,0.028846,1.6,ecological proxy: population_65_plus × no-car-household share; not an observed age-by-car cross-tabulation,6. Highly rural/remote areas,SOUTH TIPPERARY,Tipperary,1.67,Marginally Above Average,Electoral Division (not Small Area),6.9,6.8,published median distance to nearest GP; not transit journey time,11.1
217095001,4c07d11d-f4a2-851d-e053-ca3ca8c0ca7f,217095,KILCORAN,2022,264,43,1,91,0.010989,0.5,ecological proxy: population_65_plus × no-car-household share; not an observed age-by-car cross-tabulation,5. Rural areas with moderate urban influence,SOUTH TIPPERARY,Tipperary,3.71,Marginally Above Average,Electoral Division (not Small Area),9.2,9.2,published median distance to nearest GP; not transit journey time,4.3
217095002,4c07d11e-1130-851d-e053-ca3ca8c0ca7f,217095,KILCORAN,2022,309,34,6,99,0.060606,2.1,ecological proxy: population_65_plus × no-car-household share; not an observed age-by-car cross-tabulation,5. Rural areas with moderate urban influence,SOUTH TIPPERARY,Tipperary,3.71,Marginally Above Average,Electoral Division (not Small Area),9.4,9.4,published median distance to nearest GP; not transit journey time,19.4
217096001,4c07d11e-0d39-851d-e053-ca3ca8c0ca7f,217096,KILFEAKLE,2022,232,50,4,78,0.051282,2.6,ecological proxy: population_65_plus × no-car-household share; not an observed age-by-car cross-tabulation,5. Rural areas with moderate urban influence,SOUTH TIPPERARY,Tipperary,2.04,Marginally Above Average,Electoral Division (not Small Area),4.0,4.0,published median distance to nearest GP; not transit journey time,10.3
217096002,4c07d11e-0d5d-851d-e053-ca3ca8c0ca7f,217096,KILFEAKLE,2022,268,46,6,97,0.061856,2.8,ecological proxy: population_65_plus × no-car-household share; not an observed age-by-car cross-tabulation,5. Rural areas with moderate urban influence,SOUTH TIPPERARY,Tipperary,2.04,Marginally Above Average,Electoral Division (not Small Area),5.9,5.9,published median distance to nearest GP; not transit journey time,16.8
217097001,4c07d11d-f5a7-851d-e053-ca3ca8c0ca7f,217097,KILKEARY,2022,314,46,4,109,0.036697,1.7,ecological proxy: population_65_plus × no-car-household share; not an observed age-by-car cross-tabulation,4. Rural areas with high urban influence,NORTH TIPPERARY,Tipperary,3.09,Marginally Above Average,Electoral Division (not Small Area),4.5,4.5,published median distance to nearest GP; not transit journey time,7.6
217097002,4c07d11d-f5a6-851d-e053-ca3ca8c0ca7f,217097,KILKEARY,2022,349,63,1,121,0.008264,0.5,ecological proxy: population_65_plus × no-car-household share; not an observed age-by-car cross-tabulation,4. Rural areas with high urban influence,NORTH TIPPERARY,Tipperary,3.09,Marginally Above Average,Electoral Division (not Small Area),5.8,5.8,published median distance to nearest GP; not transit journey time,3.0
217098001,4c07d11e-0d33-851d-e053-ca3ca8c0ca7f,217098,KILLADRIFFE,2022,287,71,6,90,0.066667,4.7,ecological proxy: population_65_plus × no-car-household share; not an observed age-by-car cross-tabulation,5. Rural areas with moderate urban influence,SOUTH TIPPERARY,Tipperary,-0.45,Marginally Below Average,Electoral Division (not Small Area),6.1,6.1,published median distance to nearest GP; not transit journey time,28.9
217098002,4c07d11e-0d34-851d-e053-ca3ca8c0ca7f,217098,KILLADRIFFE,2022,274,53,3,103,0.029126,1.5,ecological proxy: population_65_plus × no-car-household share; not an observed age-by-car cross-tabulation,5. Rural areas with moderate urban influence,SOUTH TIPPERARY,Tipperary,-0.45,Marginally Below Average,Electoral Division (not Small Area),6.1,6.2,published median distance to nearest GP; not transit journey time,9.4
217100001,4c07d11d-f5f7-851d-e053-ca3ca8c0ca7f,217100,KILLAVINOGE,2022,250,28,1,75,0.013333,0.4,ecological proxy: population_65_plus × no-car-household share; not an observed age-by-car cross-tabulation,5. Rural areas with moderate urban influence,NORTH TIPPERARY,Tipperary,-2.8,Marginally Below Average,Electoral Division (not Small Area),8.5,8.6,published median distance to nearest GP; not transit journey time,3.2
217100002,4c07d11d-f5f6-851d-e053-ca3ca8c0ca7f,217100,KILLAVINOGE,2022,230,37,2,76,0.026316,1.0,ecological proxy: population_65_plus × no-car-household share; not an observed age-by-car cross-tabulation,6. Highly rural/remote areas,NORTH TIPPERARY,Tipperary,-2.8,Marginally Below Average,Electoral Division (not Small Area),6.6,6.6,published median distance to nearest GP; not transit journey time,6.4
217101001,4c07d11d-f5b9-851d-e053-ca3ca8c0ca7f,217101,KILLEA,2022,371,54,7,131,0.053435,2.9,ecological proxy: population_65_plus × no-car-household share; not an observed age-by-car cross-tabulation,5. Rural areas with moderate urban influence,NORTH TIPPERARY,Tipperary,5.89,Marginally Above Average,Electoral Division (not Small Area),5.2,5.4,published median distance to nearest GP; not transit journey time,15.0
217102001,4c07d11d-f4fd-851d-e053-ca3ca8c0ca7f,217102,KILLEENASTEENA,2022,399,75,2,123,0.01626,1.2,ecological proxy: population_65_plus × no-car-household share; not an observed age-by-car cross-tabulation,4. Rural areas with high urban influence,SOUTH TIPPERARY,Tipperary,6.79,Marginally Above Average,Electoral Division (not Small Area),8.1,8.1,published median distance to nearest GP; not transit journey time,9.9
217102002,4c07d11d-f4fe-851d-e053-ca3ca8c0ca7f,217102,KILLEENASTEENA,2022,278,62,2,103,0.019417,1.2,ecological proxy: population_65_plus × no-car-household share; not an observed age-by-car cross-tabulation,5. Rural areas with moderate urban influence,SOUTH TIPPERARY,Tipperary,6.79,Marginally Above Average,Electoral Division (not Small Area),5.2,5.1,published median distance to nearest GP; not transit journey time,6.3
217103001,4c07d11e-0de6-851d-e053-ca3ca8c0ca7f,217103,KILLENAULE,2022,176,31,3,64,0.046875,1.5,ecological proxy: population_65_plus × no-car-household share; not an observed age-by-car cross-tabulation,6. Highly rural/remote areas,SOUTH TIPPERARY,Tipperary,-9.56,Marginally Below Average,Electoral Division (not Small Area),2.6,2.6,published median distance to nearest GP; not transit journey time,3.8
217103002,4c07d11e-09ff-851d-e053-ca3ca8c0ca7f,217103,KILLENAULE,2022,264,52,29,122,0.237705,12.4,ecological proxy: population_65_plus × no-car-household share; not an observed age-by-car cross-tabulation,6. Highly rural/remote areas,SOUTH TIPPERARY,Tipperary,-9.56,Marginally Below Average,Electoral Division (not Small Area),0.7,0.7,published median distance to nearest GP; not transit journey time,8.7
217103003,4c07d11e-0a07-851d-e053-ca3ca8c0ca7f,217103,KILLENAULE,2022,184,36,16,73,0.219178,7.9,ecological proxy: population_65_plus × no-car-household share; not an observed age-by-car cross-tabulation,6. Highly rural/remote areas,SOUTH TIPPERARY,Tipperary,-9.56,Marginally Below Average,Electoral Division (not Small Area),1.4,1.4,published median distance to nearest GP; not transit journey time,11.0
217103004,4c07d11d-f545-851d-e053-ca3ca8c0ca7f,217103,KILLENAULE,2022,121,38,5,49,0.102041,3.9,ecological proxy: population_65_plus × no-car-household share; not an observed age-by-car cross-tabulation,6. Highly rural/remote areas,SOUTH TIPPERARY,Tipperary,-9.56,Marginally Below Average,Electoral Division (not Small Area),4.3,4.2,published median distance to nearest GP; not transit journey time,16.7
217103005,4c07d11e-09fe-851d-e053-ca3ca8c0ca7f,217103,KILLENAULE,2022,307,59,16,118,0.135593,8.0,ecological proxy: population_65_plus × no-car-household share; not an observed age-by-car cross-tabulation,5. Rural areas with moderate urban influence,SOUTH TIPPERARY,Tipperary,-9.56,Marginally Below Average,Electoral Division (not Small Area),0.8,0.8,published median distance to nearest GP; not transit journey time,6.4
217103006,4c07d11e-0de3-851d-e053-ca3ca8c0ca7f,217103,KILLENAULE,2022,171,37,3,58,0.051724,1.9,ecological proxy: population_65_plus × no-car-household share; not an observed age-by-car cross-tabulation,6. Highly rural/remote areas,SOUTH TIPPERARY,Tipperary,-9.56,Marginally Below Average,Electoral Division (not Small Area),2.1,2.1,published median distance to nearest GP; not transit journey time,4.0
217104001,4c07d11d-f553-851d-e053-ca3ca8c0ca7f,217104,KILLOSCULLY,2022,221,36,1,78,0.012821,0.5,ecological proxy: population_65_plus × no-car-household share; not an observed age-by-car cross-tabulation,4. Rural areas with high urban influence,NORTH TIPPERARY,Tipperary,6.76,Marginally Above Average,Electoral Division (not Small Area),5.5,5.5,published median distance to nearest GP; not transit journey time,2.5
217104002,4c07d11e-0e4c-851d-e053-ca3ca8c0ca7f,217104,KILLOSCULLY,2022,289,36,2,92,0.021739,0.8,ecological proxy: population_65_plus × no-car-household share; not an observed age-by-car cross-tabulation,4. Rural areas with high urban influence,NORTH TIPPERARY,Tipperary,6.76,Marginally Above Average,Electoral Division (not Small Area),7.4,7.3,published median distance to nearest GP; not transit journey time,5.8
217105001,4c07d11e-0e51-851d-e053-ca3ca8c0ca7f,217105,KILMORE,2022,301,63,12,119,0.10084,6.4,ecological proxy: population_65_plus × no-car-household share; not an observed age-by-car cross-tabulation,5. Rural areas with moderate urban influence,NORTH TIPPERARY,Tipperary,-4.63,Marginally Below Average,Electoral Division (not Small Area),8.9,8.9,published median distance to nearest GP; not transit journey time,56.5
217105002,4c07d11d-f59c-851d-e053-ca3ca8c0ca7f,217105,KILMORE,2022,404,61,5,140,0.035714,2.2,ecological proxy: population_65_plus × no-car-household share; not an observed age-by-car cross-tabulation,4. Rural areas with high urban influence,NORTH TIPPERARY,Tipperary,-4.63,Marginally Below Average,Electoral Division (not Small Area),8.5,8.6,published median distance to nearest GP; not transit journey time,18.5
217106001,4c07d11d-f4b2-851d-e053-ca3ca8c0ca7f,217106,KILMUCKLIN,2022,292,44,5,92,0.054348,2.4,ecological proxy: population_65_plus × no-car-household share; not an observed age-by-car cross-tabulation,5. Rural areas with moderate urban influence,SOUTH TIPPERARY,Tipperary,1.0,Marginally Above Average,Electoral Division (not Small Area),6.1,6.0,published median distance to nearest GP; not transit journey time,14.6
217106002,4c07d11e-0d71-851d-e053-ca3ca8c0ca7f,217106,KILMUCKLIN,2022,284,41,4,102,0.039216,1.6,ecological proxy: population_65_plus × no-car-household share; not an observed age-by-car cross-tabulation,4. Rural areas with high urban influence,SOUTH TIPPERARY,Tipperary,1.0,Marginally Above Average,Electoral Division (not Small Area),4.3,4.3,published median distance to nearest GP; not transit journey time,6.9
217107001,4c07d11d-f602-851d-e053-ca3ca8c0ca7f,217107,KILMURRY,2022,360,55,4,133,0.030075,1.7,ecological proxy: population_65_plus × no-car-household share; not an observed age-by-car cross-tabulation,4. Rural areas with high urban influence,SOUTH TIPPERARY,Tipperary,-1.13,Marginally Below Average,Electoral Division (not Small Area),6.9,7.0,published median distance to nearest GP; not transit journey time,11.4
217108001,4c07d11e-0e5f-851d-e053-ca3ca8c0ca7f,217108,KILNANEAVE,2022,268,51,3,97,0.030928,1.6,ecological proxy: population_65_plus × no-car-household share; not an observed age-by-car cross-tabulation,5. Rural areas with moderate urban influence,NORTH TIPPERARY,Tipperary,1.08,Marginally Above Average,Electoral Division (not Small Area),10.1,10.1,published median distance to nearest GP; not transit journey time,15.9
217108002,4c07d11e-0e4f-851d-e053-ca3ca8c0ca7f,217108,KILNANEAVE,2022,206,51,4,75,0.053333,2.7,ecological proxy: population_65_plus × no-car-household share; not an observed age-by-car cross-tabulation,5. Rural areas with moderate urban influence,NORTH TIPPERARY,Tipperary,1.08,Marginally Above Average,Electoral Division (not Small Area),11.5,11.7,published median distance to nearest GP; not transit journey time,31.3
217109001,4c07d11d-f51e-851d-e053-ca3ca8c0ca7f,217109,KILNARATH,2022,376,64,7,129,0.054264,3.5,ecological proxy: population_65_plus × no-car-household share; not an observed age-by-car cross-tabulation,4. Rural areas with high urban influence,NORTH TIPPERARY,Tipperary,4.4,Marginally Above Average,Electoral Division (not Small Area),3.6,3.6,published median distance to nearest GP; not transit journey time,12.5
217110001,4c07d11e-0d73-851d-e053-ca3ca8c0ca7f,217110,KILPATRICK,2022,252,42,1,90,0.011111,0.5,ecological proxy: population_65_plus × no-car-household share; not an observed age-by-car cross-tabulation,5. Rural areas with moderate urban influence,SOUTH TIPPERARY,Tipperary,0.05,Marginally Above Average,Electoral Division (not Small Area),3.8,3.8,published median distance to nearest GP; not transit journey time,1.8
217110002,4c07d11e-0d74-851d-e053-ca3ca8c0ca7f,217110,KILPATRICK,2022,272,50,9,104,0.086538,4.3,ecological proxy: population_65_plus × no-car-household share; not an observed age-by-car cross-tabulation,5. Rural areas with moderate urban influence,SOUTH TIPPERARY,Tipperary,0.05,Marginally Above Average,Electoral Division (not Small Area),2.5,2.5,published median distance to nearest GP; not transit journey time,10.8
217110003,4c07d11e-1544-851d-e053-ca3ca8c0ca7f,217110,KILPATRICK,2022,221,30,12,87,0.137931,4.1,ecological proxy: population_65_plus × no-car-household share; not an observed age-by-car cross-tabulation,6. Highly rural/remote areas,SOUTH TIPPERARY,Tipperary,0.05,Marginally Above Average,Electoral Division (not Small Area),0.6,0.6,published median distance to nearest GP; not transit journey time,2.5
217110004,4c07d11d-f4b8-851d-e053-ca3ca8c0ca7f,217110,KILPATRICK,2022,273,42,4,94,0.042553,1.8,ecological proxy: population_65_plus × no-car-household share; not an observed age-by-car cross-tabulation,6. Highly rural/remote areas,SOUTH TIPPERARY,Tipperary,0.05,Marginally Above Average,Electoral Division (not Small Area),2.3,2.3,published median distance to nearest GP; not transit journey time,4.1
217111001,4c07d11d-f5ae-851d-e053-ca3ca8c0ca7f,217111,KILRUSH,2022,264,39,2,91,0.021978,0.9,ecological proxy: population_65_plus × no-car-household share; not an observed age-by-car cross-tabulation,5. Rural areas with moderate urban influence,NORTH TIPPERARY,Tipperary,7.42,Marginally Above Average,Electoral Division (not Small Area),6.9,7.0,published median distance to nearest GP; not transit journey time,5.9
217111002,4c07d11d-f5ac-851d-e053-ca3ca8c0ca7f,217111,KILRUSH,2022,292,35,1,93,0.010753,0.4,ecological proxy: population_65_plus × no-car-household share; not an observed age-by-car cross-tabulation,5. Rural areas with moderate urban influence,NORTH TIPPERARY,Tipperary,7.42,Marginally Above Average,Electoral Division (not Small Area),6.5,6.5,published median distance to nearest GP; not transit journey time,2.4
217112001/01/217099001/217112002/217112003/217112005/217112001/217112004,e1db2f83-90ce-4f0f-8149-9595178f5202,217112,KILLALOAN/KILSHEELAN,2022,336,72,7,129,0.054264,3.9,ecological proxy: population_65_plus × no-car-household share; not an observed age-by-car cross-tabulation,4. Rural areas with high urban influence,SOUTH TIPPERARY,Tipperary,-1.08,Marginally Below Average,Electoral Division (not Small Area),8.1,8.0,published median distance to nearest GP; not transit journey time,31.6
217112002/01,d620db21-bdbb-45ba-9d04-49647129e2a8,217112,KILLALOAN/KILSHEELAN,2022,226,30,9,95,0.094737,2.8,ecological proxy: population_65_plus × no-car-household share; not an observed age-by-car cross-tabulation,5. Rural areas with moderate urban influence,SOUTH TIPPERARY,Tipperary,-1.08,Marginally Below Average,Electoral Division (not Small Area),9.1,9.1,published median distance to nearest GP; not transit journey time,25.9
217112003/01,aef7d06c-afd0-4cf3-b477-13567048bf00,217112,KILLALOAN/KILSHEELAN,2022,210,51,9,86,0.104651,5.3,ecological proxy: population_65_plus × no-car-household share; not an observed age-by-car cross-tabulation,5. Rural areas with moderate urban influence,SOUTH TIPPERARY,Tipperary,-1.08,Marginally Below Average,Electoral Division (not Small Area),8.5,8.7,published median distance to nearest GP; not transit journey time,45.4
217112004/01,bb9dc232-175d-447a-ac69-df2d051aff13,217112,KILLALOAN/KILSHEELAN,2022,401,42,13,143,0.090909,3.8,ecological proxy: population_65_plus × no-car-household share; not an observed age-by-car cross-tabulation,4. Rural areas with high urban influence,SOUTH TIPPERARY,Tipperary,-1.08,Marginally Below Average,Electoral Division (not Small Area),9.2,9.2,published median distance to nearest GP; not transit journey time,35.1
217112005/01,aa384b76-e532-403d-8d57-00985d87b349,217112,KILLALOAN/KILSHEELAN,2022,284,60,2,103,0.019417,1.2,ecological proxy: population_65_plus × no-car-household share; not an observed age-by-car cross-tabulation,5. Rural areas with moderate urban influence,SOUTH TIPPERARY,Tipperary,-1.08,Marginally Below Average,Electoral Division (not Small Area),9.0,8.9,published median distance to nearest GP; not transit journey time,10.5
217113001,4c07d11d-f503-851d-e053-ca3ca8c0ca7f,217113,KILTINAN,2022,299,64,4,116,0.034483,2.2,ecological proxy: population_65_plus × no-car-household share; not an observed age-by-car cross-tabulation,5. Rural areas with moderate urban influence,SOUTH TIPPERARY,Tipperary,2.95,Marginally Above Average,Electoral Division (not Small Area),5.8,5.7,published median distance to nearest GP; not transit journey time,12.8
217114001,4c07d11d-f60f-851d-e053-ca3ca8c0ca7f,217114,KILVEMNON,2022,444,69,3,155,0.019355,1.3,ecological proxy: population_65_plus × no-car-household share; not an observed age-by-car cross-tabulation,4. Rural areas with high urban influence,SOUTH TIPPERARY,Tipperary,-1.73,Marginally Below Average,Electoral Division (not Small Area),4.2,4.3,published median distance to nearest GP; not transit journey time,5.6
217115001,4c07d11d-f75c-851d-e053-ca3ca8c0ca7f,217115,KNIGH,2022,311,48,4,103,0.038835,1.9,ecological proxy: population_65_plus × no-car-household share; not an observed age-by-car cross-tabulation,5. Rural areas with moderate urban influence,NORTH TIPPERARY,Tipperary,-0.83,Marginally Below Average,Electoral Division (not Small Area),6.9,6.9,published median distance to nearest GP; not transit journey time,12.9
217115002,4c07d11e-14ee-851d-e053-ca3ca8c0ca7f,217115,KNIGH,2022,245,62,4,99,0.040404,2.5,ecological proxy: population_65_plus × no-car-household share; not an observed age-by-car cross-tabulation,5. Rural areas with moderate urban influence,NORTH TIPPERARY,Tipperary,-0.83,Marginally Below Average,Electoral Division (not Small Area),8.9,8.8,published median distance to nearest GP; not transit journey time,22.3
217115003,4c07d11d-f5a2-851d-e053-ca3ca8c0ca7f,217115,KNIGH,2022,241,31,2,76,0.026316,0.8,ecological proxy: population_65_plus × no-car-household share; not an observed age-by-car cross-tabulation,4. Rural areas with high urban influence,NORTH TIPPERARY,Tipperary,-0.83,Marginally Below Average,Electoral Division (not Small Area),6.2,6.3,published median distance to nearest GP; not transit journey time,5.1
217116001,4c07d11d-f4fb-851d-e053-ca3ca8c0ca7f,217116,KNOCKGRAFFON,2022,417,63,3,139,0.021583,1.4,ecological proxy: population_65_plus × no-car-household share; not an observed age-by-car cross-tabulation,4. Rural areas with high urban influence,SOUTH TIPPERARY,Tipperary,1.59,Marginally Above Average,Electoral Division (not Small Area),6.2,6.4,published median distance to nearest GP; not transit journey time,8.4
217116002,4c07d11d-f4ff-851d-e053-ca3ca8c0ca7f,217116,KNOCKGRAFFON,2022,361,58,7,132,0.05303,3.1,ecological proxy: population_65_plus × no-car-household share; not an observed age-by-car cross-tabulation,5. Rural areas with moderate urban influence,SOUTH TIPPERARY,Tipperary,1.59,Marginally Above Average,Electoral Division (not Small Area),8.7,8.5,published median distance to nearest GP; not transit journey time,26.8
217118001,4c07d11d-f520-851d-e053-ca3ca8c0ca7f,217118,LATTERAGH,2022,407,69,3,138,0.021739,1.5,ecological proxy: population_65_plus × no-car-household share; not an observed age-by-car cross-tabulation,4. Rural areas with high urban influence,NORTH TIPPERARY,Tipperary,-6.29,Marginally Below Average,Electoral Division (not Small Area),3.1,3.0,published median distance to nearest GP; not transit journey time,4.7
217118002,4c07d11e-13cb-851d-e053-ca3ca8c0ca7f,217118,LATTERAGH,2022,166,28,25,75,0.333333,9.3,ecological proxy: population_65_plus × no-car-household share; not an observed age-by-car cross-tabulation,6. Highly rural/remote areas,NORTH TIPPERARY,Tipperary,-6.29,Marginally Below Average,Electoral Division (not Small Area),0.5,0.5,published median distance to nearest GP; not transit journey time,4.7
217118003,4c07d11e-13cc-851d-e053-ca3ca8c0ca7f,217118,LATTERAGH,2022,117,45,12,62,0.193548,8.7,ecological proxy: population_65_plus × no-car-household share; not an observed age-by-car cross-tabulation,6. Highly rural/remote areas,NORTH TIPPERARY,Tipperary,-6.29,Marginally Below Average,Electoral Division (not Small Area),0.3,0.3,published median distance to nearest GP; not transit journey time,2.6
217119001,4c07d11e-0d2f-851d-e053-ca3ca8c0ca7f,217119,LATTIN,2022,251,39,5,88,0.056818,2.2,ecological proxy: population_65_plus × no-car-household share; not an observed age-by-car cross-tabulation,5. Rural areas with moderate urban influence,SOUTH TIPPERARY,Tipperary,4.68,Marginally Above Average,Electoral Division (not Small Area),8.0,8.1,published median distance to nearest GP; not transit journey time,17.7
217119002,4c07d11e-0d2b-851d-e053-ca3ca8c0ca7f,217119,LATTIN,2022,278,45,3,108,0.027778,1.2,ecological proxy: population_65_plus × no-car-household share; not an observed age-by-car cross-tabulation,5. Rural areas with moderate urban influence,SOUTH TIPPERARY,Tipperary,4.68,Marginally Above Average,Electoral Division (not Small Area),9.6,9.6,published median distance to nearest GP; not transit journey time,12.0
217120001,4c07d11e-1546-851d-e053-ca3ca8c0ca7f,217120,LISRONAGH,2022,196,20,5,70,0.071429,1.4,ecological proxy: population_65_plus × no-car-household share; not an observed age-by-car cross-tabulation,5. Rural areas with moderate urban influence,SOUTH TIPPERARY,Tipperary,6.27,Marginally Above Average,Electoral Division (not Small Area),8.0,8.0,published median distance to nearest GP; not transit journey time,11.4
217120002,4c07d11d-f502-851d-e053-ca3ca8c0ca7f,217120,LISRONAGH,2022,501,85,2,184,0.01087,0.9,ecological proxy: population_65_plus × no-car-household share; not an observed age-by-car cross-tabulation,4. Rural areas with high urban influence,SOUTH TIPPERARY,Tipperary,6.27,Marginally Above Average,Electoral Division (not Small Area),6.9,6.9,published median distance to nearest GP; not transit journey time,6.4
217120003,4c07d11e-0dcf-851d-e053-ca3ca8c0ca7f,217120,LISRONAGH,2022,184,9,2,59,0.033898,0.3,ecological proxy: population_65_plus × no-car-household share; not an observed age-by-car cross-tabulation,5. Rural areas with moderate urban influence,SOUTH TIPPERARY,Tipperary,6.27,Marginally Above Average,Electoral Division (not Small Area),6.3,6.3,published median distance to nearest GP; not transit journey time,1.9
217121001,4c07d11e-0ec2-851d-e053-ca3ca8c0ca7f,217121,LITTLETON,2022,315,53,1,101,0.009901,0.5,ecological proxy: population_65_plus × no-car-household share; not an observed age-by-car cross-tabulation,5. Rural areas with moderate urban influence,NORTH TIPPERARY,Tipperary,-12.25,Disadvantaged,Electoral Division (not Small Area),7.3,7.1,published median distance to nearest GP; not transit journey time,3.8
217121002/01,11c27455-b102-4618-bdc0-09386af9953e,217121,LITTLETON,2022,163,46,2,60,0.033333,1.5,ecological proxy: population_65_plus × no-car-household share; not an observed age-by-car cross-tabulation,6. Highly rural/remote areas,NORTH TIPPERARY,Tipperary,-12.25,Disadvantaged,Electoral Division (not Small Area),8.7,8.7,published median distance to nearest GP; not transit journey time,13.3
217121002/02,b1103fca-16d0-49fd-82e9-94df2320003d,217121,LITTLETON,2022,184,44,11,75,0.146667,6.5,ecological proxy: population_65_plus × no-car-household share; not an observed age-by-car cross-tabulation,6. Highly rural/remote areas,NORTH TIPPERARY,Tipperary,-12.25,Disadvantaged,Electoral Division (not Small Area),8.3,8.2,published median distance to nearest GP; not transit journey time,53.6
217121002/03/217121004,caabd760-ea04-4e8c-a7cc-72680e33e2a0,217121,LITTLETON,2022,230,39,22,87,0.252874,9.9,ecological proxy: population_65_plus × no-car-household share; not an observed age-by-car cross-tabulation,6. Highly rural/remote areas,NORTH TIPPERARY,Tipperary,-12.25,Disadvantaged,Electoral Division (not Small Area),8.4,8.4,published median distance to nearest GP; not transit journey time,82.8
217121003,4c07d11e-0de1-851d-e053-ca3ca8c0ca7f,217121,LITTLETON,2022,165,23,1,53,0.018868,0.4,ecological proxy: population_65_plus × no-car-household share; not an observed age-by-car cross-tabulation,6. Highly rural/remote areas,NORTH TIPPERARY,Tipperary,-12.25,Disadvantaged,Electoral Division (not Small Area),8.9,9.1,published median distance to nearest GP; not transit journey time,3.9
217122001,4c07d11d-f5b1-851d-e053-ca3ca8c0ca7f,217122,LONGFORDPASS,2022,326,53,4,106,0.037736,2.0,ecological proxy: population_65_plus × no-car-household share; not an observed age-by-car cross-tabulation,5. Rural areas with moderate urban influence,NORTH TIPPERARY,Tipperary,-1.57,Marginally Below Average,Electoral Division (not Small Area),8.4,8.4,published median distance to nearest GP; not transit journey time,16.8
217123001,4c07d11d-f7c2-851d-e053-ca3ca8c0ca7f,217123,LORRHA EAST,2022,153,42,1,58,0.017241,0.7,ecological proxy: population_65_plus × no-car-household share; not an observed age-by-car cross-tabulation,6. Highly rural/remote areas,NORTH TIPPERARY,Tipperary,-6.29,Marginally Below Average,Electoral Division (not Small Area),10.6,10.7,published median distance to nearest GP; not transit journey time,7.7
217123002,4c07d11d-f7c1-851d-e053-ca3ca8c0ca7f,217123,LORRHA EAST,2022,148,40,3,59,0.050847,2.0,ecological proxy: population_65_plus × no-car-household share; not an observed age-by-car cross-tabulation,6. Highly rural/remote areas,NORTH TIPPERARY,Tipperary,-6.29,Marginally Below Average,Electoral Division (not Small Area),7.9,7.9,published median distance to nearest GP; not transit journey time,16.1
217124001,4c07d11d-f522-851d-e053-ca3ca8c0ca7f,217124,LORRHA WEST,2022,190,38,4,68,0.058824,2.2,ecological proxy: population_65_plus × no-car-household share; not an observed age-by-car cross-tabulation,6. Highly rural/remote areas,NORTH TIPPERARY,Tipperary,-3.81,Marginally Below Average,Electoral Division (not Small Area),7.3,7.2,published median distance to nearest GP; not transit journey time,16.3
217124002,4c07d11e-12b6-851d-e053-ca3ca8c0ca7f,217124,LORRHA WEST,2022,131,39,6,55,0.109091,4.3,ecological proxy: population_65_plus × no-car-household share; not an observed age-by-car cross-tabulation,6. Highly rural/remote areas,NORTH TIPPERARY,Tipperary,-3.81,Marginally Below Average,Electoral Division (not Small Area),4.0,3.9,published median distance to nearest GP; not transit journey time,17.0
217125001,4c07d11e-0eca-851d-e053-ca3ca8c0ca7f,217125,LOUGHMORE,2022,339,70,3,122,0.02459,1.7,ecological proxy: population_65_plus × no-car-household share; not an observed age-by-car cross-tabulation,4. Rural areas with high urban influence,NORTH TIPPERARY,Tipperary,3.56,Marginally Above Average,Electoral Division (not Small Area),5.7,5.6,published median distance to nearest GP; not transit journey time,9.8
217125002,4c07d11e-0ec7-851d-e053-ca3ca8c0ca7f,217125,LOUGHMORE,2022,323,43,5,108,0.046296,2.0,ecological proxy: population_65_plus × no-car-household share; not an observed age-by-car cross-tabulation,5. Rural areas with moderate urban influence,NORTH TIPPERARY,Tipperary,3.56,Marginally Above Average,Electoral Division (not Small Area),4.3,4.1,published median distance to nearest GP; not transit journey time,8.6
217126001,4c07d11d-f50a-851d-e053-ca3ca8c0ca7f,217126,MAGORBAN,2022,373,47,4,121,0.033058,1.6,ecological proxy: population_65_plus × no-car-household share; not an observed age-by-car cross-tabulation,4. Rural areas with high urban influence,SOUTH TIPPERARY,Tipperary,6.82,Marginally Above Average,Electoral Division (not Small Area),6.1,6.1,published median distance to nearest GP; not transit journey time,9.5
217126002,4c07d11d-f509-851d-e053-ca3ca8c0ca7f,217126,MAGORBAN,2022,344,61,9,120,0.075,4.6,ecological proxy: population_65_plus × no-car-household share; not an observed age-by-car cross-tabulation,5. Rural areas with moderate urban influence,SOUTH TIPPERARY,Tipperary,6.82,Marginally Above Average,Electoral Division (not Small Area),5.6,5.7,published median distance to nearest GP; not transit journey time,25.6
217127001,4c07d11d-f76c-851d-e053-ca3ca8c0ca7f,217127,MERTONHALL,2022,194,49,1,66,0.015152,0.7,ecological proxy: population_65_plus × no-car-household share; not an observed age-by-car cross-tabulation,6. Highly rural/remote areas,NORTH TIPPERARY,Tipperary,1.51,Marginally Above Average,Electoral Division (not Small Area),4.5,4.7,published median distance to nearest GP; not transit journey time,3.3
217128001,4c07d11d-f54a-851d-e053-ca3ca8c0ca7f,217128,MODESHIL,2022,382,54,5,130,0.038462,2.1,ecological proxy: population_65_plus × no-car-household share; not an observed age-by-car cross-tabulation,5. Rural areas with moderate urban influence,SOUTH TIPPERARY,Tipperary,7.4,Marginally Above Average,Electoral Division (not Small Area),4.6,4.6,published median distance to nearest GP; not transit journey time,9.6
217129001,4c07d11e-0e59-851d-e053-ca3ca8c0ca7f,217129,MONSEA,2022,181,39,0,63,0.0,0.0,ecological proxy: population_65_plus × no-car-household share; not an observed age-by-car cross-tabulation,6. Highly rural/remote areas,NORTH TIPPERARY,Tipperary,4.75,Marginally Above Average,Electoral Division (not Small Area),7.8,8.1,published median distance to nearest GP; not transit journey time,0.0
217129002,4c07d11e-13c8-851d-e053-ca3ca8c0ca7f,217129,MONSEA,2022,94,23,3,46,0.065217,1.5,ecological proxy: population_65_plus × no-car-household share; not an observed age-by-car cross-tabulation,6. Highly rural/remote areas,NORTH TIPPERARY,Tipperary,4.75,Marginally Above Average,Electoral Division (not Small Area),8.0,8.0,published median distance to nearest GP; not transit journey time,12.0
217129003,4c07d11e-0e5d-851d-e053-ca3ca8c0ca7f,217129,MONSEA,2022,180,36,2,64,0.03125,1.1,ecological proxy: population_65_plus × no-car-household share; not an observed age-by-car cross-tabulation,5. Rural areas with moderate urban influence,NORTH TIPPERARY,Tipperary,4.75,Marginally Above Average,Electoral Division (not Small Area),5.6,5.6,published median distance to nearest GP; not transit journey time,6.3
217129004,4c07d11e-0e5c-851d-e053-ca3ca8c0ca7f,217129,MONSEA,2022,239,34,0,79,0.0,0.0,ecological proxy: population_65_plus × no-car-household share; not an observed age-by-car cross-tabulation,5. Rural areas with moderate urban influence,NORTH TIPPERARY,Tipperary,4.75,Marginally Above Average,Electoral Division (not Small Area),4.3,4.3,published median distance to nearest GP; not transit journey time,0.0
217130001,4c07d11e-0a5b-851d-e053-ca3ca8c0ca7f,217130,MORTLESTOWN,2022,266,30,2,86,0.023256,0.7,ecological proxy: population_65_plus × no-car-household share; not an observed age-by-car cross-tabulation,3. Independent urban towns,SOUTH TIPPERARY,Tipperary,-0.01,Marginally Below Average,Electoral Division (not Small Area),0.4,0.4,published median distance to nearest GP; not transit journey time,0.3
217130002,4c07d11e-1545-851d-e053-ca3ca8c0ca7f,217130,MORTLESTOWN,2022,335,17,14,118,0.118644,2.0,ecological proxy: population_65_plus × no-car-household share; not an observed age-by-car cross-tabulation,3. Independent urban towns,SOUTH TIPPERARY,Tipperary,-0.01,Marginally Below Average,Electoral Division (not Small Area),0.3,0.3,published median distance to nearest GP; not transit journey time,0.6
217130003,4c07d11d-f4fc-851d-e053-ca3ca8c0ca7f,217130,MORTLESTOWN,2022,233,41,0,82,0.0,0.0,ecological proxy: population_65_plus × no-car-household share; not an observed age-by-car cross-tabulation,5. Rural areas with moderate urban influence,SOUTH TIPPERARY,Tipperary,-0.01,Marginally Below Average,Electoral Division (not Small Area),6.3,6.2,published median distance to nearest GP; not transit journey time,0.0
217130004,4c07d11d-f4f7-851d-e053-ca3ca8c0ca7f,217130,MORTLESTOWN,2022,269,48,2,91,0.021978,1.1,ecological proxy: population_65_plus × no-car-household share; not an observed age-by-car cross-tabulation,5. Rural areas with moderate urban influence,SOUTH TIPPERARY,Tipperary,-0.01,Marginally Below Average,Electoral Division (not Small Area),3.9,3.8,published median distance to nearest GP; not transit journey time,4.1
217130005,4c07d11e-2e1d-851d-e053-ca3ca8c0ca7f,217130,MORTLESTOWN,2022,288,11,8,94,0.085106,0.9,ecological proxy: population_65_plus × no-car-household share; not an observed age-by-car cross-tabulation,3. Independent urban towns,SOUTH TIPPERARY,Tipperary,-0.01,Marginally Below Average,Electoral Division (not Small Area),0.3,0.3,published median distance to nearest GP; not transit journey time,0.3
217130006,4c07d11e-09d6-851d-e053-ca3ca8c0ca7f,217130,MORTLESTOWN,2022,298,8,7,96,0.072917,0.6,ecological proxy: population_65_plus × no-car-household share; not an observed age-by-car cross-tabulation,3. Independent urban towns,SOUTH TIPPERARY,Tipperary,-0.01,Marginally Below Average,Electoral Division (not Small Area),0.6,0.6,published median distance to nearest GP; not transit journey time,0.4
217131001,4c07d11d-f559-851d-e053-ca3ca8c0ca7f,217131,MOYALIFF,2022,217,38,5,79,0.063291,2.4,ecological proxy: population_65_plus × no-car-household share; not an observed age-by-car cross-tabulation,6. Highly rural/remote areas,NORTH TIPPERARY,Tipperary,-0.9,Marginally Below Average,Electoral Division (not Small Area),12.4,12.4,published median distance to nearest GP; not transit journey time,29.8
217131002,4c07d11e-0e4e-851d-e053-ca3ca8c0ca7f,217131,MOYALIFF,2022,191,38,2,72,0.027778,1.1,ecological proxy: population_65_plus × no-car-household share; not an observed age-by-car cross-tabulation,6. Highly rural/remote areas,NORTH TIPPERARY,Tipperary,-0.9,Marginally Below Average,Electoral Division (not Small Area),12.2,12.2,published median distance to nearest GP; not transit journey time,12.9
217132001,4c07d11e-0ddf-851d-e053-ca3ca8c0ca7f,217132,MOYCARKY,2022,274,66,2,95,0.021053,1.4,ecological proxy: population_65_plus × no-car-household share; not an observed age-by-car cross-tabulation,6. Highly rural/remote areas,NORTH TIPPERARY,Tipperary,-3.71,Marginally Below Average,Electoral Division (not Small Area),6.2,6.1,published median distance to nearest GP; not transit journey time,8.6
217132002,4c07d11d-f512-851d-e053-ca3ca8c0ca7f,217132,MOYCARKY,2022,267,56,2,92,0.021739,1.2,ecological proxy: population_65_plus × no-car-household share; not an observed age-by-car cross-tabulation,5. Rural areas with moderate urban influence,NORTH TIPPERARY,Tipperary,-3.71,Marginally Below Average,Electoral Division (not Small Area),7.1,6.9,published median distance to nearest GP; not transit journey time,8.6
217133001,4c07d11d-f5b2-851d-e053-ca3ca8c0ca7f,217133,MOYNE,2022,309,52,2,104,0.019231,1.0,ecological proxy: population_65_plus × no-car-household share; not an observed age-by-car cross-tabulation,5. Rural areas with moderate urban influence,NORTH TIPPERARY,Tipperary,2.28,Marginally Above Average,Electoral Division (not Small Area),10.5,10.5,published median distance to nearest GP; not transit journey time,10.5
217133002,4c07d11e-0ec9-851d-e053-ca3ca8c0ca7f,217133,MOYNE,2022,225,44,2,79,0.025316,1.1,ecological proxy: population_65_plus × no-car-household share; not an observed age-by-car cross-tabulation,6. Highly rural/remote areas,NORTH TIPPERARY,Tipperary,2.28,Marginally Above Average,Electoral Division (not Small Area),9.7,10.1,published median distance to nearest GP; not transit journey time,10.8
217134001/01,40006ee5-e621-4746-bb2b-b67379cc12d4,217134,MULLINAHONE,2022,145,34,3,53,0.056604,1.9,ecological proxy: population_65_plus × no-car-household share; not an observed age-by-car cross-tabulation,6. Highly rural/remote areas,SOUTH TIPPERARY,Tipperary,-9.68,Marginally Below Average,Electoral Division (not Small Area),1.4,1.4,published median distance to nearest GP; not transit journey time,2.7
217134001/02,8823f9f2-15ac-4719-a335-194a4013e819,217134,MULLINAHONE,2022,186,16,9,61,0.147541,2.4,ecological proxy: population_65_plus × no-car-household share; not an observed age-by-car cross-tabulation,6. Highly rural/remote areas,SOUTH TIPPERARY,Tipperary,-9.68,Marginally Below Average,Electoral Division (not Small Area),0.6,0.6,published median distance to nearest GP; not transit journey time,1.4
217134002,4c07d11e-0de5-851d-e053-ca3ca8c0ca7f,217134,MULLINAHONE,2022,218,52,4,79,0.050633,2.6,ecological proxy: population_65_plus × no-car-household share; not an observed age-by-car cross-tabulation,6. Highly rural/remote areas,SOUTH TIPPERARY,Tipperary,-9.68,Marginally Below Average,Electoral Division (not Small Area),2.0,1.9,published median distance to nearest GP; not transit journey time,5.3
217134003,4c07d11e-1560-851d-e053-ca3ca8c0ca7f,217134,MULLINAHONE,2022,337,67,32,135,0.237037,15.9,ecological proxy: population_65_plus × no-car-household share; not an observed age-by-car cross-tabulation,5. Rural areas with moderate urban influence,SOUTH TIPPERARY,Tipperary,-9.68,Marginally Below Average,Electoral Division (not Small Area),0.4,0.4,published median distance to nearest GP; not transit journey time,6.4
217135001/217135006,4c07d11e-0e5a-851d-e053-ca3ca8c0ca7f,217135,NENAGH RURAL,2022,288,84,4,113,0.035398,3.0,ecological proxy: population_65_plus × no-car-household share; not an observed age-by-car cross-tabulation,5. Rural areas with moderate urban influence,NORTH TIPPERARY,Tipperary,6.04,Marginally Above Average,Electoral Division (not Small Area),2.3,2.2,published median distance to nearest GP; not transit journey time,6.8
217135002,4c07d11e-0e60-851d-e053-ca3ca8c0ca7f,217135,NENAGH RURAL,2022,215,41,1,78,0.012821,0.5,ecological proxy: population_65_plus × no-car-household share; not an observed age-by-car cross-tabulation,5. Rural areas with moderate urban influence,NORTH TIPPERARY,Tipperary,6.04,Marginally Above Average,Electoral Division (not Small Area),3.4,3.4,published median distance to nearest GP; not transit journey time,1.8
217135003,4c07d11e-0e61-851d-e053-ca3ca8c0ca7f,217135,NENAGH RURAL,2022,256,49,4,95,0.042105,2.1,ecological proxy: population_65_plus × no-car-household share; not an observed age-by-car cross-tabulation,4. Rural areas with high urban influence,NORTH TIPPERARY,Tipperary,6.04,Marginally Above Average,Electoral Division (not Small Area),1.9,1.9,published median distance to nearest GP; not transit journey time,3.9
217135004,4c07d11e-0e52-851d-e053-ca3ca8c0ca7f,217135,NENAGH RURAL,2022,212,50,5,78,0.064103,3.2,ecological proxy: population_65_plus × no-car-household share; not an observed age-by-car cross-tabulation,5. Rural areas with moderate urban influence,NORTH TIPPERARY,Tipperary,6.04,Marginally Above Average,Electoral Division (not Small Area),2.6,2.6,published median distance to nearest GP; not transit journey time,8.3
217135005,4c07d11e-0e5e-851d-e053-ca3ca8c0ca7f,217135,NENAGH RURAL,2022,341,47,4,107,0.037383,1.8,ecological proxy: population_65_plus × no-car-household share; not an observed age-by-car cross-tabulation,4. Rural areas with high urban influence,NORTH TIPPERARY,Tipperary,6.04,Marginally Above Average,Electoral Division (not Small Area),3.3,3.3,published median distance to nearest GP; not transit journey time,5.8
217135007,4c07d11e-0a1e-851d-e053-ca3ca8c0ca7f,217135,NENAGH RURAL,2022,388,56,6,140,0.042857,2.4,ecological proxy: population_65_plus × no-car-household share; not an observed age-by-car cross-tabulation,3. Independent urban towns,NORTH TIPPERARY,Tipperary,6.04,Marginally Above Average,Electoral Division (not Small Area),0.8,0.8,published median distance to nearest GP; not transit journey time,1.9
217135008,4c07d11e-0e5b-851d-e053-ca3ca8c0ca7f,217135,NENAGH RURAL,2022,280,77,1,80,0.0125,1.0,ecological proxy: population_65_plus × no-car-household share; not an observed age-by-car cross-tabulation,5. Rural areas with moderate urban influence,NORTH TIPPERARY,Tipperary,6.04,Marginally Above Average,Electoral Division (not Small Area),3.0,3.0,published median distance to nearest GP; not transit journey time,2.9
217136001,4c07d11e-1afe-851d-e053-ca3ca8c0ca7f,217136,NENAGH WEST URBAN,2022,298,67,39,120,0.325,21.8,ecological proxy: population_65_plus × no-car-household share; not an observed age-by-car cross-tabulation,3. Independent urban towns,NORTH TIPPERARY,Tipperary,-2.76,Marginally Below Average,Electoral Division (not Small Area),0.4,0.4,published median distance to nearest GP; not transit journey time,8.7
217136002,4c07d11e-1ae3-851d-e053-ca3ca8c0ca7f,217136,NENAGH WEST URBAN,2022,367,34,13,136,0.095588,3.2,ecological proxy: population_65_plus × no-car-household share; not an observed age-by-car cross-tabulation,3. Independent urban towns,NORTH TIPPERARY,Tipperary,-2.76,Marginally Below Average,Electoral Division (not Small Area),1.2,1.2,published median distance to nearest GP; not transit journey time,3.9
217136003,4c07d11e-1abc-851d-e053-ca3ca8c0ca7f,217136,NENAGH WEST URBAN,2022,277,54,20,123,0.162602,8.8,ecological proxy: population_65_plus × no-car-household share; not an observed age-by-car cross-tabulation,3. Independent urban towns,NORTH TIPPERARY,Tipperary,-2.76,Marginally Below Average,Electoral Division (not Small Area),1.0,1.0,published median distance to nearest GP; not transit journey time,8.8
217136004,4c07d11e-2e2c-851d-e053-ca3ca8c0ca7f,217136,NENAGH WEST URBAN,2022,212,70,18,100,0.18,12.6,ecological proxy: population_65_plus × no-car-household share; not an observed age-by-car cross-tabulation,3. Independent urban towns,NORTH TIPPERARY,Tipperary,-2.76,Marginally Below Average,Electoral Division (not Small Area),0.7,0.7,published median distance to nearest GP; not transit journey time,8.8
217136005,4c07d11e-1aba-851d-e053-ca3ca8c0ca7f,217136,NENAGH WEST URBAN,2022,260,42,9,103,0.087379,3.7,ecological proxy: population_65_plus × no-car-household share; not an observed age-by-car cross-tabulation,3. Independent urban towns,NORTH TIPPERARY,Tipperary,-2.76,Marginally Below Average,Electoral Division (not Small Area),1.1,1.1,published median distance to nearest GP; not transit journey time,4.0
217136006,4c07d11e-0a09-851d-e053-ca3ca8c0ca7f,217136,NENAGH WEST URBAN,2022,233,97,17,93,0.182796,17.7,ecological proxy: population_65_plus × no-car-household share; not an observed age-by-car cross-tabulation,3. Independent urban towns,NORTH TIPPERARY,Tipperary,-2.76,Marginally Below Average,Electoral Division (not Small Area),0.9,0.9,published median distance to nearest GP; not transit journey time,16.0
217136007,4c07d11e-1af1-851d-e053-ca3ca8c0ca7f,217136,NENAGH WEST URBAN,2022,309,37,14,113,0.123894,4.6,ecological proxy: population_65_plus × no-car-household share; not an observed age-by-car cross-tabulation,3. Independent urban towns,NORTH TIPPERARY,Tipperary,-2.76,Marginally Below Average,Electoral Division (not Small Area),1.2,1.2,published median distance to nearest GP; not transit journey time,5.5
217136008,4c07d11e-1af2-851d-e053-ca3ca8c0ca7f,217136,NENAGH WEST URBAN,2022,275,24,8,106,0.075472,1.8,ecological proxy: population_65_plus × no-car-household share; not an observed age-by-car cross-tabulation,3. Independent urban towns,NORTH TIPPERARY,Tipperary,-2.76,Marginally Below Average,Electoral Division (not Small Area),1.3,1.3,published median distance to nearest GP; not transit journey time,2.4
217136009,4c07d11e-1abd-851d-e053-ca3ca8c0ca7f,217136,NENAGH WEST URBAN,2022,206,50,47,97,0.484536,24.2,ecological proxy: population_65_plus × no-car-household share; not an observed age-by-car cross-tabulation,3. Independent urban towns,NORTH TIPPERARY,Tipperary,-2.76,Marginally Below Average,Electoral Division (not Small Area),0.4,0.4,published median distance to nearest GP; not transit journey time,9.7
217136010,4c07d11e-1ac8-851d-e053-ca3ca8c0ca7f,217136,NENAGH WEST URBAN,2022,104,15,17,55,0.309091,4.6,ecological proxy: population_65_plus × no-car-household share; not an observed age-by-car cross-tabulation,3. Independent urban towns,NORTH TIPPERARY,Tipperary,-2.76,Marginally Below Average,Electoral Division (not Small Area),0.3,0.3,published median distance to nearest GP; not transit journey time,1.4
217136011/01/217136011/217136012,e5bc477b-a80d-4ff1-99b1-8dceaca5a893,217136,NENAGH WEST URBAN,2022,188,4,5,71,0.070423,0.3,ecological proxy: population_65_plus × no-car-household share; not an observed age-by-car cross-tabulation,3. Independent urban towns,NORTH TIPPERARY,Tipperary,-2.76,Marginally Below Average,Electoral Division (not Small Area),1.7,1.7,published median distance to nearest GP; not transit journey time,0.5
217136011/02,7aebf5aa-a9e2-45f8-8ab9-cf40f1999f3a,217136,NENAGH WEST URBAN,2022,336,0,14,119,0.117647,0.0,ecological proxy: population_65_plus × no-car-household share; not an observed age-by-car cross-tabulation,3. Independent urban towns,NORTH TIPPERARY,Tipperary,-2.76,Marginally Below Average,Electoral Division (not Small Area),1.7,1.7,published median distance to nearest GP; not transit journey time,0.0
217136013,4c07d11e-13b0-851d-e053-ca3ca8c0ca7f,217136,NENAGH WEST URBAN,2022,242,85,35,110,0.318182,27.0,ecological proxy: population_65_plus × no-car-household share; not an observed age-by-car cross-tabulation,3. Independent urban towns,NORTH TIPPERARY,Tipperary,-2.76,Marginally Below Average,Electoral Division (not Small Area),1.5,1.6,published median distance to nearest GP; not transit journey time,40.6
217136014,4c07d11e-1ab0-851d-e053-ca3ca8c0ca7f,217136,NENAGH WEST URBAN,2022,345,31,1,108,0.009259,0.3,ecological proxy: population_65_plus × no-car-household share; not an observed age-by-car cross-tabulation,3. Independent urban towns,NORTH TIPPERARY,Tipperary,-2.76,Marginally Below Average,Electoral Division (not Small Area),1.9,1.9,published median distance to nearest GP; not transit journey time,0.5
217136015,4c07d11e-1ae2-851d-e053-ca3ca8c0ca7f,217136,NENAGH WEST URBAN,2022,282,21,14,117,0.119658,2.5,ecological proxy: population_65_plus × no-car-household share; not an observed age-by-car cross-tabulation,3. Independent urban towns,NORTH TIPPERARY,Tipperary,-2.76,Marginally Below Average,Electoral Division (not Small Area),0.7,0.7,published median distance to nearest GP; not transit journey time,1.8
217136016,4c07d11e-0a1f-851d-e053-ca3ca8c0ca7f,217136,NENAGH WEST URBAN,2022,178,33,9,69,0.130435,4.3,ecological proxy: population_65_plus × no-car-household share; not an observed age-by-car cross-tabulation,3. Independent urban towns,NORTH TIPPERARY,Tipperary,-2.76,Marginally Below Average,Electoral Division (not Small Area),0.4,0.4,published median distance to nearest GP; not transit journey time,1.7
217136017,4c07d11e-1ae1-851d-e053-ca3ca8c0ca7f,217136,NENAGH WEST URBAN,2022,226,32,7,87,0.08046,2.6,ecological proxy: population_65_plus × no-car-household share; not an observed age-by-car cross-tabulation,3. Independent urban towns,NORTH TIPPERARY,Tipperary,-2.76,Marginally Below Average,Electoral Division (not Small Area),1.6,1.6,published median distance to nearest GP; not transit journey time,4.1
217136018,4c07d11e-1ab9-851d-e053-ca3ca8c0ca7f,217136,NENAGH WEST URBAN,2022,226,3,10,83,0.120482,0.4,ecological proxy: population_65_plus × no-car-household share; not an observed age-by-car cross-tabulation,3. Independent urban towns,NORTH TIPPERARY,Tipperary,-2.76,Marginally Below Average,Electoral Division (not Small Area),1.5,1.5,published median distance to nearest GP; not transit journey time,0.5
217136019,4c07d11e-2e3c-851d-e053-ca3ca8c0ca7f,217136,NENAGH WEST URBAN,2022,189,38,26,80,0.325,12.3,ecological proxy: population_65_plus × no-car-household share; not an observed age-by-car cross-tabulation,3. Independent urban towns,NORTH TIPPERARY,Tipperary,-2.76,Marginally Below Average,Electoral Division (not Small Area),0.8,0.8,published median distance to nearest GP; not transit journey time,9.9
217136020,4c07d11e-0a20-851d-e053-ca3ca8c0ca7f,217136,NENAGH WEST URBAN,2022,188,36,17,84,0.202381,7.3,ecological proxy: population_65_plus × no-car-household share; not an observed age-by-car cross-tabulation,3. Independent urban towns,NORTH TIPPERARY,Tipperary,-2.76,Marginally Below Average,Electoral Division (not Small Area),0.7,0.7,published median distance to nearest GP; not transit journey time,5.1
217136021,4c07d11e-1af0-851d-e053-ca3ca8c0ca7f,217136,NENAGH WEST URBAN,2022,278,55,12,119,0.10084,5.5,ecological proxy: population_65_plus × no-car-household share; not an observed age-by-car cross-tabulation,3. Independent urban towns,NORTH TIPPERARY,Tipperary,-2.76,Marginally Below Average,Electoral Division (not Small Area),0.6,0.6,published median distance to nearest GP; not transit journey time,3.3
217136022,4c07d11e-1ae4-851d-e053-ca3ca8c0ca7f,217136,NENAGH WEST URBAN,2022,359,45,23,137,0.167883,7.6,ecological proxy: population_65_plus × no-car-household share; not an observed age-by-car cross-tabulation,3. Independent urban towns,NORTH TIPPERARY,Tipperary,-2.76,Marginally Below Average,Electoral Division (not Small Area),1.0,1.0,published median distance to nearest GP; not transit journey time,7.6
217136023/01,4c07d11e-1ac9-851d-e053-ca3ca8c0ca7f,217136,NENAGH WEST URBAN,2022,176,45,28,73,0.383562,17.3,ecological proxy: population_65_plus × no-car-household share; not an observed age-by-car cross-tabulation,3. Independent urban towns,NORTH TIPPERARY,Tipperary,-2.76,Marginally Below Average,Electoral Division (not Small Area),0.6,0.7,published median distance to nearest GP; not transit journey time,10.4
217136023/02,4c07d11e-2e3b-851d-e053-ca3ca8c0ca7f,217136,NENAGH WEST URBAN,2022,215,31,29,86,0.337209,10.5,ecological proxy: population_65_plus × no-car-household share; not an observed age-by-car cross-tabulation,3. Independent urban towns,NORTH TIPPERARY,Tipperary,-2.76,Marginally Below Average,Electoral Division (not Small Area),0.9,0.9,published median distance to nearest GP; not transit journey time,9.4
217137001,4c07d11e-0de8-851d-e053-ca3ca8c0ca7f,217137,NEW BIRMINGHAM,2022,171,39,8,70,0.114286,4.5,ecological proxy: population_65_plus × no-car-household share; not an observed age-by-car cross-tabulation,6. Highly rural/remote areas,SOUTH TIPPERARY,Tipperary,-6.16,Marginally Below Average,Electoral Division (not Small Area),7.1,6.8,published median distance to nearest GP; not transit journey time,31.6
217137002,4c07d11d-f54b-851d-e053-ca3ca8c0ca7f,217137,NEW BIRMINGHAM,2022,281,49,6,101,0.059406,2.9,ecological proxy: population_65_plus × no-car-household share; not an observed age-by-car cross-tabulation,6. Highly rural/remote areas,SOUTH TIPPERARY,Tipperary,-6.16,Marginally Below Average,Electoral Division (not Small Area),4.3,4.0,published median distance to nearest GP; not transit journey time,12.5
217138001,4c07d11d-f3ee-851d-e053-ca3ca8c0ca7f,217138,NEWCASTLE,2022,137,18,0,47,0.0,0.0,ecological proxy: population_65_plus × no-car-household share; not an observed age-by-car cross-tabulation,6. Highly rural/remote areas,SOUTH TIPPERARY,Tipperary,-4.0,Marginally Below Average,Electoral Division (not Small Area),6.3,6.3,published median distance to nearest GP; not transit journey time,0.0
217138002,4c07d11d-f3f0-851d-e053-ca3ca8c0ca7f,217138,NEWCASTLE,2022,238,31,2,75,0.026667,0.8,ecological proxy: population_65_plus × no-car-household share; not an observed age-by-car cross-tabulation,5. Rural areas with moderate urban influence,SOUTH TIPPERARY,Tipperary,-4.0,Marginally Below Average,Electoral Division (not Small Area),5.1,5.2,published median distance to nearest GP; not transit journey time,4.2
217138003,4c07d11d-f3ef-851d-e053-ca3ca8c0ca7f,217138,NEWCASTLE,2022,351,65,18,140,0.128571,8.4,ecological proxy: population_65_plus × no-car-household share; not an observed age-by-car cross-tabulation,6. Highly rural/remote areas,SOUTH TIPPERARY,Tipperary,-4.0,Marginally Below Average,Electoral Division (not Small Area),4.9,4.9,published median distance to nearest GP; not transit journey time,40.9
217139001/217139002,4c07d11d-f90f-851d-e053-ca3ca8c0ca7f,217139,NEWPORT,2022,275,48,15,113,0.132743,6.4,ecological proxy: population_65_plus × no-car-household share; not an observed age-by-car cross-tabulation,2. Satellite urban towns,NORTH TIPPERARY,Tipperary,3.29,Marginally Above Average,Electoral Division (not Small Area),0.9,0.9,published median distance to nearest GP; not transit journey time,5.7
217139003/217139009,4c07d11e-0951-851d-e053-ca3ca8c0ca7f,217139,NEWPORT,2022,221,22,0,70,0.0,0.0,ecological proxy: population_65_plus × no-car-household share; not an observed age-by-car cross-tabulation,2. Satellite urban towns,NORTH TIPPERARY,Tipperary,3.29,Marginally Above Average,Electoral Division (not Small Area),1.9,1.9,published median distance to nearest GP; not transit journey time,0.0
217139004,4c07d11e-009f-851d-e053-ca3ca8c0ca7f,217139,NEWPORT,2022,327,95,4,86,0.046512,4.4,ecological proxy: population_65_plus × no-car-household share; not an observed age-by-car cross-tabulation,4. Rural areas with high urban influence,NORTH TIPPERARY,Tipperary,3.29,Marginally Above Average,Electoral Division (not Small Area),3.8,3.7,published median distance to nearest GP; not transit journey time,16.8
217139005,4c07d11e-0995-851d-e053-ca3ca8c0ca7f,217139,NEWPORT,2022,414,31,3,133,0.022556,0.7,ecological proxy: population_65_plus × no-car-household share; not an observed age-by-car cross-tabulation,2. Satellite urban towns,NORTH TIPPERARY,Tipperary,3.29,Marginally Above Average,Electoral Division (not Small Area),0.6,0.6,published median distance to nearest GP; not transit journey time,0.4
217139006,4c07d11d-f550-851d-e053-ca3ca8c0ca7f,217139,NEWPORT,2022,276,33,1,80,0.0125,0.4,ecological proxy: population_65_plus × no-car-household share; not an observed age-by-car cross-tabulation,4. Rural areas with high urban influence,NORTH TIPPERARY,Tipperary,3.29,Marginally Above Average,Electoral Division (not Small Area),4.1,4.1,published median distance to nearest GP; not transit journey time,1.7
217139007/217139002/217139005,4c07d11e-0e4b-851d-e053-ca3ca8c0ca7f,217139,NEWPORT,2022,381,57,4,123,0.03252,1.9,ecological proxy: population_65_plus × no-car-household share; not an observed age-by-car cross-tabulation,4. Rural areas with high urban influence,NORTH TIPPERARY,Tipperary,3.29,Marginally Above Average,Electoral Division (not Small Area),3.0,3.0,published median distance to nearest GP; not transit journey time,5.6
217139008,4c07d11e-19f6-851d-e053-ca3ca8c0ca7f,217139,NEWPORT,2022,283,30,17,114,0.149123,4.5,ecological proxy: population_65_plus × no-car-household share; not an observed age-by-car cross-tabulation,2. Satellite urban towns,NORTH TIPPERARY,Tipperary,3.29,Marginally Above Average,Electoral Division (not Small Area),1.2,1.2,published median distance to nearest GP; not transit journey time,5.4
217139009,4c07d11d-f910-851d-e053-ca3ca8c0ca7f,217139,NEWPORT,2022,340,17,4,105,0.038095,0.6,ecological proxy: population_65_plus × no-car-household share; not an observed age-by-car cross-tabulation,2. Satellite urban towns,NORTH TIPPERARY,Tipperary,3.29,Marginally Above Average,Electoral Division (not Small Area),1.7,1.6,published median distance to nearest GP; not transit journey time,1.1
217139010,4c07d11e-19ed-851d-e053-ca3ca8c0ca7f,217139,NEWPORT,2022,275,9,4,96,0.041667,0.4,ecological proxy: population_65_plus × no-car-household share; not an observed age-by-car cross-tabulation,2. Satellite urban towns,NORTH TIPPERARY,Tipperary,3.29,Marginally Above Average,Electoral Division (not Small Area),1.2,1.2,published median distance to nearest GP; not transit journey time,0.4
217139011/217139006/217139002,4c07d11d-f91b-851d-e053-ca3ca8c0ca7f,217139,NEWPORT,2022,375,55,18,137,0.131387,7.2,ecological proxy: population_65_plus × no-car-household share; not an observed age-by-car cross-tabulation,2. Satellite urban towns,NORTH TIPPERARY,Tipperary,3.29,Marginally Above Average,Electoral Division (not Small Area),1.4,1.3,published median distance to nearest GP; not transit journey time,10.1
217140001,4c07d11e-0f2b-851d-e053-ca3ca8c0ca7f,217140,NEWTOWN,2022,207,37,6,81,0.074074,2.7,ecological proxy: population_65_plus × no-car-household share; not an observed age-by-car cross-tabulation,6. Highly rural/remote areas,SOUTH TIPPERARY,Tipperary,-4.09,Marginally Below Average,Electoral Division (not Small Area),6.3,6.5,published median distance to nearest GP; not transit journey time,17.3
217140002,4c07d11e-0f2c-851d-e053-ca3ca8c0ca7f,217140,NEWTOWN,2022,203,31,6,77,0.077922,2.4,ecological proxy: population_65_plus × no-car-household share; not an observed age-by-car cross-tabulation,5. Rural areas with moderate urban influence,SOUTH TIPPERARY,Tipperary,-4.09,Marginally Below Average,Electoral Division (not Small Area),6.7,7.1,published median distance to nearest GP; not transit journey time,16.2
217141001,4c07d11d-f50d-851d-e053-ca3ca8c0ca7f,217141,NODSTOWN,2022,309,49,5,105,0.047619,2.3,ecological proxy: population_65_plus × no-car-household share; not an observed age-by-car cross-tabulation,5. Rural areas with moderate urban influence,SOUTH TIPPERARY,Tipperary,4.51,Marginally Above Average,Electoral Division (not Small Area),7.2,6.4,published median distance to nearest GP; not transit journey time,16.8
217141002,4c07d11e-0dda-851d-e053-ca3ca8c0ca7f,217141,NODSTOWN,2022,313,40,4,104,0.038462,1.5,ecological proxy: population_65_plus × no-car-household share; not an observed age-by-car cross-tabulation,5. Rural areas with moderate urban influence,SOUTH TIPPERARY,Tipperary,4.51,Marginally Above Average,Electoral Division (not Small Area),6.9,6.9,published median distance to nearest GP; not transit journey time,10.6
217142001,4c07d11d-f4b7-851d-e053-ca3ca8c0ca7f,217142,OUGHTERLEAGUE,2022,243,37,1,81,0.012346,0.5,ecological proxy: population_65_plus × no-car-household share; not an observed age-by-car cross-tabulation,6. Highly rural/remote areas,SOUTH TIPPERARY,Tipperary,-1.36,Marginally Below Average,Electoral Division (not Small Area),4.0,4.1,published median distance to nearest GP; not transit journey time,1.8
217142002,4c07d11d-f4b9-851d-e053-ca3ca8c0ca7f,217142,OUGHTERLEAGUE,2022,332,89,7,108,0.064815,5.8,ecological proxy: population_65_plus × no-car-household share; not an observed age-by-car cross-tabulation,5. Rural areas with moderate urban influence,SOUTH TIPPERARY,Tipperary,-1.36,Marginally Below Average,Electoral Division (not Small Area),3.1,3.1,published median distance to nearest GP; not transit journey time,17.9
217143001,4c07d11d-f504-851d-e053-ca3ca8c0ca7f,217143,PEPPARDSTOWN,2022,334,75,4,133,0.030075,2.3,ecological proxy: population_65_plus × no-car-household share; not an observed age-by-car cross-tabulation,5. Rural areas with moderate urban influence,SOUTH TIPPERARY,Tipperary,-1.99,Marginally Below Average,Electoral Division (not Small Area),2.2,2.2,published median distance to nearest GP; not transit journey time,5.0
217143002,4c07d11d-f513-851d-e053-ca3ca8c0ca7f,217143,PEPPARDSTOWN,2022,369,54,4,134,0.029851,1.6,ecological proxy: population_65_plus × no-car-household share; not an observed age-by-car cross-tabulation,4. Rural areas with high urban influence,SOUTH TIPPERARY,Tipperary,-1.99,Marginally Below Average,Electoral Division (not Small Area),4.4,4.4,published median distance to nearest GP; not transit journey time,7.1
217143003,4c07d11e-0dd4-851d-e053-ca3ca8c0ca7f,217143,PEPPARDSTOWN,2022,105,29,4,42,0.095238,2.8,ecological proxy: population_65_plus × no-car-household share; not an observed age-by-car cross-tabulation,3. Independent urban towns,SOUTH TIPPERARY,Tipperary,-1.99,Marginally Below Average,Electoral Division (not Small Area),0.8,0.8,published median distance to nearest GP; not transit journey time,2.2
217143004,4c07d11e-09eb-851d-e053-ca3ca8c0ca7f,217143,PEPPARDSTOWN,2022,280,21,19,101,0.188119,4.0,ecological proxy: population_65_plus × no-car-household share; not an observed age-by-car cross-tabulation,3. Independent urban towns,SOUTH TIPPERARY,Tipperary,-1.99,Marginally Below Average,Electoral Division (not Small Area),1.1,1.1,published median distance to nearest GP; not transit journey time,4.3
217143005,4c07d11e-1aa2-851d-e053-ca3ca8c0ca7f,217143,PEPPARDSTOWN,2022,356,36,21,124,0.169355,6.1,ecological proxy: population_65_plus × no-car-household share; not an observed age-by-car cross-tabulation,3. Independent urban towns,SOUTH TIPPERARY,Tipperary,-1.99,Marginally Below Average,Electoral Division (not Small Area),0.7,0.7,published median distance to nearest GP; not transit journey time,4.3
217144001,4c07d11e-0e46-851d-e053-ca3ca8c0ca7f,217144,POYNTSTOWN,2022,162,35,4,65,0.061538,2.2,ecological proxy: population_65_plus × no-car-household share; not an observed age-by-car cross-tabulation,6. Highly rural/remote areas,SOUTH TIPPERARY,Tipperary,-5.0,Marginally Below Average,Electoral Division (not Small Area),8.7,8.7,published median distance to nearest GP; not transit journey time,18.7
217145001,4c07d11e-0ec8-851d-e053-ca3ca8c0ca7f,217145,RAHELTY,2022,246,40,2,79,0.025316,1.0,ecological proxy: population_65_plus × no-car-household share; not an observed age-by-car cross-tabulation,6. Highly rural/remote areas,NORTH TIPPERARY,Tipperary,1.84,Marginally Above Average,Electoral Division (not Small Area),6.2,6.3,published median distance to nearest GP; not transit journey time,6.3
217145002,4c07d11e-0ec4-851d-e053-ca3ca8c0ca7f,217145,RAHELTY,2022,232,46,3,82,0.036585,1.7,ecological proxy: population_65_plus × no-car-household share; not an observed age-by-car cross-tabulation,5. Rural areas with moderate urban influence,NORTH TIPPERARY,Tipperary,1.84,Marginally Above Average,Electoral Division (not Small Area),5.4,5.4,published median distance to nearest GP; not transit journey time,9.1
217145003,4c07d11d-f5ad-851d-e053-ca3ca8c0ca7f,217145,RAHELTY,2022,301,44,3,92,0.032609,1.4,ecological proxy: population_65_plus × no-car-household share; not an observed age-by-car cross-tabulation,5. Rural areas with moderate urban influence,NORTH TIPPERARY,Tipperary,1.84,Marginally Above Average,Electoral Division (not Small Area),6.8,6.9,published median distance to nearest GP; not transit journey time,9.8
217146001,4c07d11d-f7c6-851d-e053-ca3ca8c0ca7f,217146,RATHCABBAN,2022,311,50,10,109,0.091743,4.6,ecological proxy: population_65_plus × no-car-household share; not an observed age-by-car cross-tabulation,5. Rural areas with moderate urban influence,NORTH TIPPERARY,Tipperary,-0.29,Marginally Below Average,Electoral Division (not Small Area),11.1,11.2,published median distance to nearest GP; not transit journey time,50.9
217147001/01,90eae0a2-ff30-49a7-b5f4-fed22c951946,217147,RATHLYNIN,2022,233,47,4,73,0.054795,2.6,ecological proxy: population_65_plus × no-car-household share; not an observed age-by-car cross-tabulation,5. Rural areas with moderate urban influence,SOUTH TIPPERARY,Tipperary,0.4,Marginally Above Average,Electoral Division (not Small Area),7.1,7.3,published median distance to nearest GP; not transit journey time,18.3
217147001/02,1809ab6a-cb82-4f7f-9cae-af0334729b34,217147,RATHLYNIN,2022,151,15,2,52,0.038462,0.6,ecological proxy: population_65_plus × no-car-household share; not an observed age-by-car cross-tabulation,6. Highly rural/remote areas,SOUTH TIPPERARY,Tipperary,0.4,Marginally Above Average,Electoral Division (not Small Area),5.7,5.7,published median distance to nearest GP; not transit journey time,3.3
217148001,4c07d11d-f5f8-851d-e053-ca3ca8c0ca7f,217148,RATHNAVEOGE,2022,269,66,2,88,0.022727,1.5,ecological proxy: population_65_plus × no-car-household share; not an observed age-by-car cross-tabulation,5. Rural areas with moderate urban influence,NORTH TIPPERARY,Tipperary,2.15,Marginally Above Average,Electoral Division (not Small Area),5.9,5.8,published median distance to nearest GP; not transit journey time,8.9
217149001,4c07d11d-f7c5-851d-e053-ca3ca8c0ca7f,217149,REDWOOD,2022,126,29,1,49,0.020408,0.6,ecological proxy: population_65_plus × no-car-household share; not an observed age-by-car cross-tabulation,6. Highly rural/remote areas,NORTH TIPPERARY,Tipperary,1.75,Marginally Above Average,Electoral Division (not Small Area),10.9,11.3,published median distance to nearest GP; not transit journey time,6.5
217150001,4c07d11e-12bf-851d-e053-ca3ca8c0ca7f,217150,RIVERSTOWN,2022,349,64,5,125,0.04,2.6,ecological proxy: population_65_plus × no-car-household share; not an observed age-by-car cross-tabulation,5. Rural areas with moderate urban influence,NORTH TIPPERARY,Tipperary,5.11,Marginally Above Average,Electoral Division (not Small Area),4.0,3.8,published median distance to nearest GP; not transit journey time,10.2
217150002,4c07d11e-1518-851d-e053-ca3ca8c0ca7f,217150,RIVERSTOWN,2022,260,29,3,89,0.033708,1.0,ecological proxy: population_65_plus × no-car-household share; not an observed age-by-car cross-tabulation,5. Rural areas with moderate urban influence,NORTH TIPPERARY,Tipperary,5.11,Marginally Above Average,Electoral Division (not Small Area),2.7,2.7,published median distance to nearest GP; not transit journey time,2.6
217151001,4c07d11e-0d2c-851d-e053-ca3ca8c0ca7f,217151,RODUS,2022,276,49,4,97,0.041237,2.0,ecological proxy: population_65_plus × no-car-household share; not an observed age-by-car cross-tabulation,5. Rural areas with moderate urban influence,SOUTH TIPPERARY,Tipperary,9.08,Marginally Above Average,Electoral Division (not Small Area),7.0,7.0,published median distance to nearest GP; not transit journey time,14.1
217152001,4c07d11e-1319-851d-e053-ca3ca8c0ca7f,217152,ROSCREA,2022,287,82,17,88,0.193182,15.8,ecological proxy: population_65_plus × no-car-household share; not an observed age-by-car cross-tabulation,3. Independent urban towns,NORTH TIPPERARY,Tipperary,-10.92,Disadvantaged,Electoral Division (not Small Area),1.1,1.0,published median distance to nearest GP; not transit journey time,17.4
217152002,4c07d11d-f7ca-851d-e053-ca3ca8c0ca7f,217152,ROSCREA,2022,416,68,7,137,0.051095,3.5,ecological proxy: population_65_plus × no-car-household share; not an observed age-by-car cross-tabulation,4. Rural areas with high urban influence,NORTH TIPPERARY,Tipperary,-10.92,Disadvantaged,Electoral Division (not Small Area),2.6,2.3,published median distance to nearest GP; not transit journey time,9.0
217152003,4c07d11e-1d08-851d-e053-ca3ca8c0ca7f,217152,ROSCREA,2022,272,11,11,88,0.125,1.4,ecological proxy: population_65_plus × no-car-household share; not an observed age-by-car cross-tabulation,3. Independent urban towns,NORTH TIPPERARY,Tipperary,-10.92,Disadvantaged,Electoral Division (not Small Area),1.4,1.4,published median distance to nearest GP; not transit journey time,1.9
217152004,4c07d11e-12c4-851d-e053-ca3ca8c0ca7f,217152,ROSCREA,2022,187,46,9,75,0.12,5.5,ecological proxy: population_65_plus × no-car-household share; not an observed age-by-car cross-tabulation,6. Highly rural/remote areas,NORTH TIPPERARY,Tipperary,-10.92,Disadvantaged,Electoral Division (not Small Area),2.4,2.5,published median distance to nearest GP; not transit journey time,13.2
217152005,4c07d11e-2e51-851d-e053-ca3ca8c0ca7f,217152,ROSCREA,2022,177,30,34,76,0.447368,13.4,ecological proxy: population_65_plus × no-car-household share; not an observed age-by-car cross-tabulation,3. Independent urban towns,NORTH TIPPERARY,Tipperary,-10.92,Disadvantaged,Electoral Division (not Small Area),0.2,0.2,published median distance to nearest GP; not transit journey time,2.7
217152007,4c07d11e-131a-851d-e053-ca3ca8c0ca7f,217152,ROSCREA,2022,373,57,8,132,0.060606,3.5,ecological proxy: population_65_plus × no-car-household share; not an observed age-by-car cross-tabulation,3. Independent urban towns,NORTH TIPPERARY,Tipperary,-10.92,Disadvantaged,Electoral Division (not Small Area),0.9,0.9,published median distance to nearest GP; not transit journey time,3.1
217152008,4c07d11e-1dce-851d-e053-ca3ca8c0ca7f,217152,ROSCREA,2022,230,28,8,86,0.093023,2.6,ecological proxy: population_65_plus × no-car-household share; not an observed age-by-car cross-tabulation,3. Independent urban towns,NORTH TIPPERARY,Tipperary,-10.92,Disadvantaged,Electoral Division (not Small Area),0.7,0.6,published median distance to nearest GP; not transit journey time,1.8
217152009,4c07d11e-1312-851d-e053-ca3ca8c0ca7f,217152,ROSCREA,2022,403,20,9,116,0.077586,1.6,ecological proxy: population_65_plus × no-car-household share; not an observed age-by-car cross-tabulation,3. Independent urban towns,NORTH TIPPERARY,Tipperary,-10.92,Disadvantaged,Electoral Division (not Small Area),1.2,1.2,published median distance to nearest GP; not transit journey time,1.9
217152010,4c07d11e-2e60-851d-e053-ca3ca8c0ca7f,217152,ROSCREA,2022,247,61,20,79,0.253165,15.4,ecological proxy: population_65_plus × no-car-household share; not an observed age-by-car cross-tabulation,3. Independent urban towns,NORTH TIPPERARY,Tipperary,-10.92,Disadvantaged,Electoral Division (not Small Area),1.7,1.7,published median distance to nearest GP; not transit journey time,26.3
217152011,4c07d11e-1322-851d-e053-ca3ca8c0ca7f,217152,ROSCREA,2022,346,73,36,143,0.251748,18.4,ecological proxy: population_65_plus × no-car-household share; not an observed age-by-car cross-tabulation,3. Independent urban towns,NORTH TIPPERARY,Tipperary,-10.92,Disadvantaged,Electoral Division (not Small Area),1.6,1.6,published median distance to nearest GP; not transit journey time,29.4
217152012,4c07d11e-1323-851d-e053-ca3ca8c0ca7f,217152,ROSCREA,2022,319,9,4,100,0.04,0.4,ecological proxy: population_65_plus × no-car-household share; not an observed age-by-car cross-tabulation,3. Independent urban towns,NORTH TIPPERARY,Tipperary,-10.92,Disadvantaged,Electoral Division (not Small Area),2.0,2.0,published median distance to nearest GP; not transit journey time,0.7
217152013/217152012,4c07d11e-12c5-851d-e053-ca3ca8c0ca7f,217152,ROSCREA,2022,142,31,1,48,0.020833,0.6,ecological proxy: population_65_plus × no-car-household share; not an observed age-by-car cross-tabulation,3. Independent urban towns,NORTH TIPPERARY,Tipperary,-10.92,Disadvantaged,Electoral Division (not Small Area),2.1,2.1,published median distance to nearest GP; not transit journey time,1.4
217152014,4c07d11e-132c-851d-e053-ca3ca8c0ca7f,217152,ROSCREA,2022,233,26,7,77,0.090909,2.4,ecological proxy: population_65_plus × no-car-household share; not an observed age-by-car cross-tabulation,3. Independent urban towns,NORTH TIPPERARY,Tipperary,-10.92,Disadvantaged,Electoral Division (not Small Area),1.2,1.2,published median distance to nearest GP; not transit journey time,2.8
217152015,4c07d11e-1dcf-851d-e053-ca3ca8c0ca7f,217152,ROSCREA,2022,261,39,30,102,0.294118,11.5,ecological proxy: population_65_plus × no-car-household share; not an observed age-by-car cross-tabulation,3. Independent urban towns,NORTH TIPPERARY,Tipperary,-10.92,Disadvantaged,Electoral Division (not Small Area),0.4,0.4,published median distance to nearest GP; not transit journey time,4.6
217152016,4c07d11e-12c2-851d-e053-ca3ca8c0ca7f,217152,ROSCREA,2022,461,117,10,170,0.058824,6.9,ecological proxy: population_65_plus × no-car-household share; not an observed age-by-car cross-tabulation,4. Rural areas with high urban influence,NORTH TIPPERARY,Tipperary,-10.92,Disadvantaged,Electoral Division (not Small Area),2.2,2.1,published median distance to nearest GP; not transit journey time,15.1
217152017,4c07d11e-2e5f-851d-e053-ca3ca8c0ca7f,217152,ROSCREA,2022,129,28,20,56,0.357143,10.0,ecological proxy: population_65_plus × no-car-household share; not an observed age-by-car cross-tabulation,3. Independent urban towns,NORTH TIPPERARY,Tipperary,-10.92,Disadvantaged,Electoral Division (not Small Area),0.2,0.2,published median distance to nearest GP; not transit journey time,2.0
217152018,4c07d11e-0c6c-851d-e053-ca3ca8c0ca7f,217152,ROSCREA,2022,265,23,22,92,0.23913,5.5,ecological proxy: population_65_plus × no-car-household share; not an observed age-by-car cross-tabulation,3. Independent urban towns,NORTH TIPPERARY,Tipperary,-10.92,Disadvantaged,Electoral Division (not Small Area),1.5,1.5,published median distance to nearest GP; not transit journey time,8.2
217152019,4c07d11e-2e61-851d-e053-ca3ca8c0ca7f,217152,ROSCREA,2022,223,18,22,78,0.282051,5.1,ecological proxy: population_65_plus × no-car-household share; not an observed age-by-car cross-tabulation,3. Independent urban towns,NORTH TIPPERARY,Tipperary,-10.92,Disadvantaged,Electoral Division (not Small Area),1.0,1.0,published median distance to nearest GP; not transit journey time,5.1
217152020,4c07d11e-1d13-851d-e053-ca3ca8c0ca7f,217152,ROSCREA,2022,296,52,39,125,0.312,16.2,ecological proxy: population_65_plus × no-car-household share; not an observed age-by-car cross-tabulation,3. Independent urban towns,NORTH TIPPERARY,Tipperary,-10.92,Disadvantaged,Electoral Division (not Small Area),0.7,0.7,published median distance to nearest GP; not transit journey time,11.4
217152021,4c07d11e-1549-851d-e053-ca3ca8c0ca7f,217152,ROSCREA,2022,240,35,25,111,0.225225,7.9,ecological proxy: population_65_plus × no-car-household share; not an observed age-by-car cross-tabulation,3. Independent urban towns,NORTH TIPPERARY,Tipperary,-10.92,Disadvantaged,Electoral Division (not Small Area),0.2,0.2,published median distance to nearest GP; not transit journey time,1.6
217152022/217152006,4c07d11e-1d09-851d-e053-ca3ca8c0ca7f,217152,ROSCREA,2022,318,64,27,130,0.207692,13.3,ecological proxy: population_65_plus × no-car-household share; not an observed age-by-car cross-tabulation,3. Independent urban towns,NORTH TIPPERARY,Tipperary,-10.92,Disadvantaged,Electoral Division (not Small Area),0.3,0.3,published median distance to nearest GP; not transit journey time,4.0
217152023,4c07d11e-2e5e-851d-e053-ca3ca8c0ca7f,217152,ROSCREA,2022,132,18,22,64,0.34375,6.2,ecological proxy: population_65_plus × no-car-household share; not an observed age-by-car cross-tabulation,3. Independent urban towns,NORTH TIPPERARY,Tipperary,-10.92,Disadvantaged,Electoral Division (not Small Area),0.1,0.1,published median distance to nearest GP; not transit journey time,0.6
217152024,4c07d11e-0c6b-851d-e053-ca3ca8c0ca7f,217152,ROSCREA,2022,238,42,18,93,0.193548,8.1,ecological proxy: population_65_plus × no-car-household share; not an observed age-by-car cross-tabulation,3. Independent urban towns,NORTH TIPPERARY,Tipperary,-10.92,Disadvantaged,Electoral Division (not Small Area),0.8,0.8,published median distance to nearest GP; not transit journey time,6.5
217152025,4c07d11e-131b-851d-e053-ca3ca8c0ca7f,217152,ROSCREA,2022,223,42,10,85,0.117647,4.9,ecological proxy: population_65_plus × no-car-household share; not an observed age-by-car cross-tabulation,3. Independent urban towns,NORTH TIPPERARY,Tipperary,-10.92,Disadvantaged,Electoral Division (not Small Area),0.7,0.6,published median distance to nearest GP; not transit journey time,3.5
217152026,4c07d11e-1d07-851d-e053-ca3ca8c0ca7f,217152,ROSCREA,2022,188,28,24,79,0.303797,8.5,ecological proxy: population_65_plus × no-car-household share; not an observed age-by-car cross-tabulation,3. Independent urban towns,NORTH TIPPERARY,Tipperary,-10.92,Disadvantaged,Electoral Division (not Small Area),0.4,0.4,published median distance to nearest GP; not transit journey time,3.4
217153001,4c07d11d-f49e-851d-e053-ca3ca8c0ca7f,217153,SHRONELL,2022,390,95,8,134,0.059701,5.7,ecological proxy: population_65_plus × no-car-household share; not an observed age-by-car cross-tabulation,4. Rural areas with high urban influence,SOUTH TIPPERARY,Tipperary,2.52,Marginally Above Average,Electoral Division (not Small Area),6.9,7.3,published median distance to nearest GP; not transit journey time,39.1
217154001,4c07d11e-0d69-851d-e053-ca3ca8c0ca7f,217154,SOLLOGHODBEG,2022,241,46,5,90,0.055556,2.6,ecological proxy: population_65_plus × no-car-household share; not an observed age-by-car cross-tabulation,5. Rural areas with moderate urban influence,SOUTH TIPPERARY,Tipperary,-8.4,Marginally Below Average,Electoral Division (not Small Area),4.4,4.3,published median distance to nearest GP; not transit journey time,11.2
217155001,4c07d11d-f55c-851d-e053-ca3ca8c0ca7f,217155,TEMPLEDERRY,2022,115,32,2,52,0.038462,1.2,ecological proxy: population_65_plus × no-car-household share; not an observed age-by-car cross-tabulation,6. Highly rural/remote areas,NORTH TIPPERARY,Tipperary,-8.57,Marginally Below Average,Electoral Division (not Small Area),17.3,17.2,published median distance to nearest GP; not transit journey time,21.3
217156001,4c07d11e-0a63-851d-e053-ca3ca8c0ca7f,217156,TEMPLEMORE,2022,206,44,21,100,0.21,9.2,ecological proxy: population_65_plus × no-car-household share; not an observed age-by-car cross-tabulation,3. Independent urban towns,NORTH TIPPERARY,Tipperary,-5.28,Marginally Below Average,Electoral Division (not Small Area),0.4,0.3,published median distance to nearest GP; not transit journey time,3.7
217156002,4c07d11e-0a5d-851d-e053-ca3ca8c0ca7f,217156,TEMPLEMORE,2022,162,40,18,75,0.24,9.6,ecological proxy: population_65_plus × no-car-household share; not an observed age-by-car cross-tabulation,3. Independent urban towns,NORTH TIPPERARY,Tipperary,-5.28,Marginally Below Average,Electoral Division (not Small Area),0.5,0.4,published median distance to nearest GP; not transit journey time,4.8
217156003,4c07d11e-0a64-851d-e053-ca3ca8c0ca7f,217156,TEMPLEMORE,2022,280,74,47,124,0.379032,28.0,ecological proxy: population_65_plus × no-car-household share; not an observed age-by-car cross-tabulation,3. Independent urban towns,NORTH TIPPERARY,Tipperary,-5.28,Marginally Below Average,Electoral Division (not Small Area),0.8,0.8,published median distance to nearest GP; not transit journey time,22.4
217156004,4c07d11e-1a98-851d-e053-ca3ca8c0ca7f,217156,TEMPLEMORE,2022,226,41,6,85,0.070588,2.9,ecological proxy: population_65_plus × no-car-household share; not an observed age-by-car cross-tabulation,3. Independent urban towns,NORTH TIPPERARY,Tipperary,-5.28,Marginally Below Average,Electoral Division (not Small Area),1.2,1.2,published median distance to nearest GP; not transit journey time,3.5
217156005,4c07d11e-1a8f-851d-e053-ca3ca8c0ca7f,217156,TEMPLEMORE,2022,155,26,11,68,0.161765,4.2,ecological proxy: population_65_plus × no-car-household share; not an observed age-by-car cross-tabulation,3. Independent urban towns,NORTH TIPPERARY,Tipperary,-5.28,Marginally Below Average,Electoral Division (not Small Area),0.5,0.5,published median distance to nearest GP; not transit journey time,2.1
217156006,4c07d11e-0a4b-851d-e053-ca3ca8c0ca7f,217156,TEMPLEMORE,2022,289,47,38,112,0.339286,15.9,ecological proxy: population_65_plus × no-car-household share; not an observed age-by-car cross-tabulation,3. Independent urban towns,NORTH TIPPERARY,Tipperary,-5.28,Marginally Below Average,Electoral Division (not Small Area),0.6,0.5,published median distance to nearest GP; not transit journey time,9.6
217156007/01,60957e19-d9f0-4267-9e22-7f5ba34036f2,217156,TEMPLEMORE,2022,144,30,15,59,0.254237,7.6,ecological proxy: population_65_plus × no-car-household share; not an observed age-by-car cross-tabulation,3. Independent urban towns,NORTH TIPPERARY,Tipperary,-5.28,Marginally Below Average,Electoral Division (not Small Area),0.4,0.4,published median distance to nearest GP; not transit journey time,3.1
217156007/02,aa4accc2-a2c3-4e70-b020-227d030f1164,217156,TEMPLEMORE,2022,207,35,9,79,0.113924,4.0,ecological proxy: population_65_plus × no-car-household share; not an observed age-by-car cross-tabulation,3. Independent urban towns,NORTH TIPPERARY,Tipperary,-5.28,Marginally Below Average,Electoral Division (not Small Area),0.9,0.9,published median distance to nearest GP; not transit journey time,3.6
217156008,4c07d11e-1b4d-851d-e053-ca3ca8c0ca7f,217156,TEMPLEMORE,2022,166,47,6,67,0.089552,4.2,ecological proxy: population_65_plus × no-car-household share; not an observed age-by-car cross-tabulation,3. Independent urban towns,NORTH TIPPERARY,Tipperary,-5.28,Marginally Below Average,Electoral Division (not Small Area),0.6,0.6,published median distance to nearest GP; not transit journey time,2.5
217156009,4c07d11e-13d2-851d-e053-ca3ca8c0ca7f,217156,TEMPLEMORE,2022,170,14,2,60,0.033333,0.5,ecological proxy: population_65_plus × no-car-household share; not an observed age-by-car cross-tabulation,3. Independent urban towns,NORTH TIPPERARY,Tipperary,-5.28,Marginally Below Average,Electoral Division (not Small Area),1.1,1.1,published median distance to nearest GP; not transit journey time,0.5
217157001,4c07d11d-f4a1-851d-e053-ca3ca8c0ca7f,217157,TEMPLENEIRY,2022,254,47,5,88,0.056818,2.7,ecological proxy: population_65_plus × no-car-household share; not an observed age-by-car cross-tabulation,6. Highly rural/remote areas,SOUTH TIPPERARY,Tipperary,-1.0,Marginally Below Average,Electoral Division (not Small Area),5.7,5.6,published median distance to nearest GP; not transit journey time,15.2
217157002,4c07d11e-0d31-851d-e053-ca3ca8c0ca7f,217157,TEMPLENEIRY,2022,207,33,5,74,0.067568,2.2,ecological proxy: population_65_plus × no-car-household share; not an observed age-by-car cross-tabulation,5. Rural areas with moderate urban influence,SOUTH TIPPERARY,Tipperary,-1.0,Marginally Below Average,Electoral Division (not Small Area),4.9,4.8,published median distance to nearest GP; not transit journey time,10.9
217158001,4c07d11d-f5b7-851d-e053-ca3ca8c0ca7f,217158,TEMPLETOUHY,2022,294,68,6,115,0.052174,3.5,ecological proxy: population_65_plus × no-car-household share; not an observed age-by-car cross-tabulation,5. Rural areas with moderate urban influence,NORTH TIPPERARY,Tipperary,-6.32,Marginally Below Average,Electoral Division (not Small Area),6.2,5.9,published median distance to nearest GP; not transit journey time,22.0
217158002,4c07d11d-f5fa-851d-e053-ca3ca8c0ca7f,217158,TEMPLETOUHY,2022,280,45,3,99,0.030303,1.4,ecological proxy: population_65_plus × no-car-household share; not an observed age-by-car cross-tabulation,5. Rural areas with moderate urban influence,NORTH TIPPERARY,Tipperary,-6.32,Marginally Below Average,Electoral Division (not Small Area),9.5,9.5,published median distance to nearest GP; not transit journey time,13.0
217158003,4c07d11e-0ecb-851d-e053-ca3ca8c0ca7f,217158,TEMPLETOUHY,2022,249,56,17,106,0.160377,9.0,ecological proxy: population_65_plus × no-car-household share; not an observed age-by-car cross-tabulation,6. Highly rural/remote areas,NORTH TIPPERARY,Tipperary,-6.32,Marginally Below Average,Electoral Division (not Small Area),8.2,8.2,published median distance to nearest GP; not transit journey time,73.6
217159001,4c07d11d-f766-851d-e053-ca3ca8c0ca7f,217159,TERRYGLASS,2022,194,45,2,75,0.026667,1.2,ecological proxy: population_65_plus × no-car-household share; not an observed age-by-car cross-tabulation,5. Rural areas with moderate urban influence,NORTH TIPPERARY,Tipperary,6.18,Marginally Above Average,Electoral Division (not Small Area),10.7,10.7,published median distance to nearest GP; not transit journey time,12.8
217159002,4c07d11d-f76f-851d-e053-ca3ca8c0ca7f,217159,TERRYGLASS,2022,235,43,3,89,0.033708,1.4,ecological proxy: population_65_plus × no-car-household share; not an observed age-by-car cross-tabulation,5. Rural areas with moderate urban influence,NORTH TIPPERARY,Tipperary,6.18,Marginally Above Average,Electoral Division (not Small Area),9.0,9.0,published median distance to nearest GP; not transit journey time,13.0
217159003,4c07d11d-f765-851d-e053-ca3ca8c0ca7f,217159,TERRYGLASS,2022,146,28,2,56,0.035714,1.0,ecological proxy: population_65_plus × no-car-household share; not an observed age-by-car cross-tabulation,6. Highly rural/remote areas,NORTH TIPPERARY,Tipperary,6.18,Marginally Above Average,Electoral Division (not Small Area),8.8,8.8,published median distance to nearest GP; not transit journey time,8.8
217160001,4c07d11e-0d60-851d-e053-ca3ca8c0ca7f,217160,THOMASTOWN,2022,182,47,3,72,0.041667,2.0,ecological proxy: population_65_plus × no-car-household share; not an observed age-by-car cross-tabulation,6. Highly rural/remote areas,SOUTH TIPPERARY,Tipperary,0.59,Marginally Above Average,Electoral Division (not Small Area),8.1,8.1,published median distance to nearest GP; not transit journey time,15.9
217160002,4c07d11d-f4a6-851d-e053-ca3ca8c0ca7f,217160,THOMASTOWN,2022,203,35,1,74,0.013514,0.5,ecological proxy: population_65_plus × no-car-household share; not an observed age-by-car cross-tabulation,6. Highly rural/remote areas,SOUTH TIPPERARY,Tipperary,0.59,Marginally Above Average,Electoral Division (not Small Area),5.8,5.7,published median distance to nearest GP; not transit journey time,2.7
217161001,4c07d11e-0ebc-851d-e053-ca3ca8c0ca7f,217161,THURLES RURAL,2022,345,61,5,121,0.041322,2.5,ecological proxy: population_65_plus × no-car-household share; not an observed age-by-car cross-tabulation,3. Independent urban towns,NORTH TIPPERARY,Tipperary,4.39,Marginally Above Average,Electoral Division (not Small Area),2.2,2.2,published median distance to nearest GP; not transit journey time,5.5
217161002,4c07d11e-0ec0-851d-e053-ca3ca8c0ca7f,217161,THURLES RURAL,2022,382,80,3,137,0.021898,1.8,ecological proxy: population_65_plus × no-car-household share; not an observed age-by-car cross-tabulation,4. Rural areas with high urban influence,NORTH TIPPERARY,Tipperary,4.39,Marginally Above Average,Electoral Division (not Small Area),3.7,3.6,published median distance to nearest GP; not transit journey time,6.5
217161003,4c07d11e-0ec3-851d-e053-ca3ca8c0ca7f,217161,THURLES RURAL,2022,385,74,6,133,0.045113,3.3,ecological proxy: population_65_plus × no-car-household share; not an observed age-by-car cross-tabulation,4. Rural areas with high urban influence,NORTH TIPPERARY,Tipperary,4.39,Marginally Above Average,Electoral Division (not Small Area),2.9,2.9,published median distance to nearest GP; not transit journey time,9.7
217161004,4c07d11e-0ebf-851d-e053-ca3ca8c0ca7f,217161,THURLES RURAL,2022,358,87,5,126,0.039683,3.5,ecological proxy: population_65_plus × no-car-household share; not an observed age-by-car cross-tabulation,4. Rural areas with high urban influence,NORTH TIPPERARY,Tipperary,4.39,Marginally Above Average,Electoral Division (not Small Area),2.3,2.3,published median distance to nearest GP; not transit journey time,7.9
217161005,4c07d11e-1b16-851d-e053-ca3ca8c0ca7f,217161,THURLES RURAL,2022,341,12,9,117,0.076923,0.9,ecological proxy: population_65_plus × no-car-household share; not an observed age-by-car cross-tabulation,3. Independent urban towns,NORTH TIPPERARY,Tipperary,4.39,Marginally Above Average,Electoral Division (not Small Area),1.7,1.7,published median distance to nearest GP; not transit journey time,1.6
217161006,4c07d11e-0a2b-851d-e053-ca3ca8c0ca7f,217161,THURLES RURAL,2022,377,50,11,142,0.077465,3.9,ecological proxy: population_65_plus × no-car-household share; not an observed age-by-car cross-tabulation,3. Independent urban towns,NORTH TIPPERARY,Tipperary,4.39,Marginally Above Average,Electoral Division (not Small Area),1.4,1.4,published median distance to nearest GP; not transit journey time,5.4
217161007,4c07d11e-0ec1-851d-e053-ca3ca8c0ca7f,217161,THURLES RURAL,2022,177,40,3,74,0.040541,1.6,ecological proxy: population_65_plus × no-car-household share; not an observed age-by-car cross-tabulation,5. Rural areas with moderate urban influence,NORTH TIPPERARY,Tipperary,4.39,Marginally Above Average,Electoral Division (not Small Area),3.2,3.1,published median distance to nearest GP; not transit journey time,5.2
217162001,4c07d11e-1b4a-851d-e053-ca3ca8c0ca7f,217162,THURLES URBAN,2022,379,18,7,131,0.053435,1.0,ecological proxy: population_65_plus × no-car-household share; not an observed age-by-car cross-tabulation,3. Independent urban towns,NORTH TIPPERARY,Tipperary,-6.53,Marginally Below Average,Electoral Division (not Small Area),1.6,1.6,published median distance to nearest GP; not transit journey time,1.5
217162002,4c07d11e-0a2c-851d-e053-ca3ca8c0ca7f,217162,THURLES URBAN,2022,249,111,27,100,0.27,30.0,ecological proxy: population_65_plus × no-car-household share; not an observed age-by-car cross-tabulation,3. Independent urban towns,NORTH TIPPERARY,Tipperary,-6.53,Marginally Below Average,Electoral Division (not Small Area),0.8,0.8,published median distance to nearest GP; not transit journey time,24.0
217162003,4c07d11e-2e3d-851d-e053-ca3ca8c0ca7f,217162,THURLES URBAN,2022,172,56,28,95,0.294737,16.5,ecological proxy: population_65_plus × no-car-household share; not an observed age-by-car cross-tabulation,3. Independent urban towns,NORTH TIPPERARY,Tipperary,-6.53,Marginally Below Average,Electoral Division (not Small Area),0.5,0.5,published median distance to nearest GP; not transit journey time,8.3
217162004,4c07d11e-0a4a-851d-e053-ca3ca8c0ca7f,217162,THURLES URBAN,2022,302,52,19,133,0.142857,7.4,ecological proxy: population_65_plus × no-car-household share; not an observed age-by-car cross-tabulation,3. Independent urban towns,NORTH TIPPERARY,Tipperary,-6.53,Marginally Below Average,Electoral Division (not Small Area),1.4,1.4,published median distance to nearest GP; not transit journey time,10.4
217162005,4c07d11e-1b4b-851d-e053-ca3ca8c0ca7f,217162,THURLES URBAN,2022,267,106,14,116,0.12069,12.8,ecological proxy: population_65_plus × no-car-household share; not an observed age-by-car cross-tabulation,3. Independent urban towns,NORTH TIPPERARY,Tipperary,-6.53,Marginally Below Average,Electoral Division (not Small Area),1.4,1.4,published median distance to nearest GP; not transit journey time,17.9
217162006,4c07d11e-0a49-851d-e053-ca3ca8c0ca7f,217162,THURLES URBAN,2022,412,69,13,150,0.086667,6.0,ecological proxy: population_65_plus × no-car-household share; not an observed age-by-car cross-tabulation,3. Independent urban towns,NORTH TIPPERARY,Tipperary,-6.53,Marginally Below Average,Electoral Division (not Small Area),1.7,1.7,published median distance to nearest GP; not transit journey time,10.2
217162007,4c07d11e-1b4c-851d-e053-ca3ca8c0ca7f,217162,THURLES URBAN,2022,220,21,10,78,0.128205,2.7,ecological proxy: population_65_plus × no-car-household share; not an observed age-by-car cross-tabulation,3. Independent urban towns,NORTH TIPPERARY,Tipperary,-6.53,Marginally Below Average,Electoral Division (not Small Area),1.8,1.8,published median distance to nearest GP; not transit journey time,4.8
217162008,4c07d11e-2e4c-851d-e053-ca3ca8c0ca7f,217162,THURLES URBAN,2022,81,17,22,49,0.44898,7.6,ecological proxy: population_65_plus × no-car-household share; not an observed age-by-car cross-tabulation,3. Independent urban towns,NORTH TIPPERARY,Tipperary,-6.53,Marginally Below Average,Electoral Division (not Small Area),0.7,0.7,published median distance to nearest GP; not transit journey time,5.3
217162009,4c07d11e-0a3e-851d-e053-ca3ca8c0ca7f,217162,THURLES URBAN,2022,294,39,13,86,0.151163,5.9,ecological proxy: population_65_plus × no-car-household share; not an observed age-by-car cross-tabulation,3. Independent urban towns,NORTH TIPPERARY,Tipperary,-6.53,Marginally Below Average,Electoral Division (not Small Area),1.4,1.4,published median distance to nearest GP; not transit journey time,8.3
217162010,4c07d11e-0a35-851d-e053-ca3ca8c0ca7f,217162,THURLES URBAN,2022,196,39,24,97,0.247423,9.6,ecological proxy: population_65_plus × no-car-household share; not an observed age-by-car cross-tabulation,3. Independent urban towns,NORTH TIPPERARY,Tipperary,-6.53,Marginally Below Average,Electoral Division (not Small Area),0.8,0.8,published median distance to nearest GP; not transit journey time,7.7
217162011,4c07d11e-1b30-851d-e053-ca3ca8c0ca7f,217162,THURLES URBAN,2022,111,29,20,54,0.37037,10.7,ecological proxy: population_65_plus × no-car-household share; not an observed age-by-car cross-tabulation,3. Independent urban towns,NORTH TIPPERARY,Tipperary,-6.53,Marginally Below Average,Electoral Division (not Small Area),0.3,0.3,published median distance to nearest GP; not transit journey time,3.2
217162012,4c07d11e-1b23-851d-e053-ca3ca8c0ca7f,217162,THURLES URBAN,2022,186,63,6,85,0.070588,4.4,ecological proxy: population_65_plus × no-car-household share; not an observed age-by-car cross-tabulation,3. Independent urban towns,NORTH TIPPERARY,Tipperary,-6.53,Marginally Below Average,Electoral Division (not Small Area),1.0,1.0,published median distance to nearest GP; not transit journey time,4.4
217162013,4c07d11e-1b24-851d-e053-ca3ca8c0ca7f,217162,THURLES URBAN,2022,425,36,9,145,0.062069,2.2,ecological proxy: population_65_plus × no-car-household share; not an observed age-by-car cross-tabulation,3. Independent urban towns,NORTH TIPPERARY,Tipperary,-6.53,Marginally Below Average,Electoral Division (not Small Area),1.1,1.1,published median distance to nearest GP; not transit journey time,2.5
217162014,4c07d11e-2e4b-851d-e053-ca3ca8c0ca7f,217162,THURLES URBAN,2022,187,42,22,87,0.252874,10.6,ecological proxy: population_65_plus × no-car-household share; not an observed age-by-car cross-tabulation,3. Independent urban towns,NORTH TIPPERARY,Tipperary,-6.53,Marginally Below Average,Electoral Division (not Small Area),0.2,0.2,published median distance to nearest GP; not transit journey time,2.1
217162015,4c07d11e-1b31-851d-e053-ca3ca8c0ca7f,217162,THURLES URBAN,2022,162,48,13,81,0.160494,7.7,ecological proxy: population_65_plus × no-car-household share; not an observed age-by-car cross-tabulation,3. Independent urban towns,NORTH TIPPERARY,Tipperary,-6.53,Marginally Below Average,Electoral Division (not Small Area),0.4,0.4,published median distance to nearest GP; not transit journey time,3.1
217162016,4c07d11e-1b18-851d-e053-ca3ca8c0ca7f,217162,THURLES URBAN,2022,146,17,20,63,0.31746,5.4,ecological proxy: population_65_plus × no-car-household share; not an observed age-by-car cross-tabulation,3. Independent urban towns,NORTH TIPPERARY,Tipperary,-6.53,Marginally Below Average,Electoral Division (not Small Area),0.8,0.8,published median distance to nearest GP; not transit journey time,4.3
217162017,4c07d11e-1b17-851d-e053-ca3ca8c0ca7f,217162,THURLES URBAN,2022,293,18,17,97,0.175258,3.2,ecological proxy: population_65_plus × no-car-household share; not an observed age-by-car cross-tabulation,3. Independent urban towns,NORTH TIPPERARY,Tipperary,-6.53,Marginally Below Average,Electoral Division (not Small Area),1.0,1.0,published median distance to nearest GP; not transit journey time,3.2
217162018,4c07d11e-2e49-851d-e053-ca3ca8c0ca7f,217162,THURLES URBAN,2022,120,39,26,68,0.382353,14.9,ecological proxy: population_65_plus × no-car-household share; not an observed age-by-car cross-tabulation,3. Independent urban towns,NORTH TIPPERARY,Tipperary,-6.53,Marginally Below Average,Electoral Division (not Small Area),0.2,0.2,published median distance to nearest GP; not transit journey time,3.0
217162019,4c07d11e-2e4a-851d-e053-ca3ca8c0ca7f,217162,THURLES URBAN,2022,133,10,20,54,0.37037,3.7,ecological proxy: population_65_plus × no-car-household share; not an observed age-by-car cross-tabulation,3. Independent urban towns,NORTH TIPPERARY,Tipperary,-6.53,Marginally Below Average,Electoral Division (not Small Area),0.2,0.1,published median distance to nearest GP; not transit journey time,0.7
217162020,4c07d11e-2e5a-851d-e053-ca3ca8c0ca7f,217162,THURLES URBAN,2022,163,29,9,61,0.147541,4.3,ecological proxy: population_65_plus × no-car-household share; not an observed age-by-car cross-tabulation,3. Independent urban towns,NORTH TIPPERARY,Tipperary,-6.53,Marginally Below Average,Electoral Division (not Small Area),1.3,1.2,published median distance to nearest GP; not transit journey time,5.6
217162021,4c07d11e-2e59-851d-e053-ca3ca8c0ca7f,217162,THURLES URBAN,2022,166,40,7,75,0.093333,3.7,ecological proxy: population_65_plus × no-car-household share; not an observed age-by-car cross-tabulation,3. Independent urban towns,NORTH TIPPERARY,Tipperary,-6.53,Marginally Below Average,Electoral Division (not Small Area),1.0,0.9,published median distance to nearest GP; not transit journey time,3.7
217162022,4c07d11e-2e3e-851d-e053-ca3ca8c0ca7f,217162,THURLES URBAN,2022,148,69,20,74,0.27027,18.6,ecological proxy: population_65_plus × no-car-household share; not an observed age-by-car cross-tabulation,3. Independent urban towns,NORTH TIPPERARY,Tipperary,-6.53,Marginally Below Average,Electoral Division (not Small Area),0.9,0.9,published median distance to nearest GP; not transit journey time,16.8
217162023,4c07d11e-1b25-851d-e053-ca3ca8c0ca7f,217162,THURLES URBAN,2022,161,60,28,83,0.337349,20.2,ecological proxy: population_65_plus × no-car-household share; not an observed age-by-car cross-tabulation,3. Independent urban towns,NORTH TIPPERARY,Tipperary,-6.53,Marginally Below Average,Electoral Division (not Small Area),0.8,0.8,published median distance to nearest GP; not transit journey time,16.2
217162024,4c07d11e-1b49-851d-e053-ca3ca8c0ca7f,217162,THURLES URBAN,2022,192,26,43,92,0.467391,12.2,ecological proxy: population_65_plus × no-car-household share; not an observed age-by-car cross-tabulation,3. Independent urban towns,NORTH TIPPERARY,Tipperary,-6.53,Marginally Below Average,Electoral Division (not Small Area),1.0,0.9,published median distance to nearest GP; not transit journey time,12.2
217162025,4c07d11e-1b32-851d-e053-ca3ca8c0ca7f,217162,THURLES URBAN,2022,164,43,18,82,0.219512,9.4,ecological proxy: population_65_plus × no-car-household share; not an observed age-by-car cross-tabulation,3. Independent urban towns,NORTH TIPPERARY,Tipperary,-6.53,Marginally Below Average,Electoral Division (not Small Area),0.3,0.3,published median distance to nearest GP; not transit journey time,2.8
217162026,4c07d11e-1b3e-851d-e053-ca3ca8c0ca7f,217162,THURLES URBAN,2022,145,46,40,90,0.444444,20.4,ecological proxy: population_65_plus × no-car-household share; not an observed age-by-car cross-tabulation,3. Independent urban towns,NORTH TIPPERARY,Tipperary,-6.53,Marginally Below Average,Electoral Division (not Small Area),0.3,0.3,published median distance to nearest GP; not transit journey time,6.1
217162027,4c07d11e-0a3d-851d-e053-ca3ca8c0ca7f,217162,THURLES URBAN,2022,292,64,42,132,0.318182,20.4,ecological proxy: population_65_plus × no-car-household share; not an observed age-by-car cross-tabulation,3. Independent urban towns,NORTH TIPPERARY,Tipperary,-6.53,Marginally Below Average,Electoral Division (not Small Area),1.0,1.0,published median distance to nearest GP; not transit journey time,20.4
217162028,4c07d11e-13d0-851d-e053-ca3ca8c0ca7f,217162,THURLES URBAN,2022,459,76,6,84,0.071429,5.4,ecological proxy: population_65_plus × no-car-household share; not an observed age-by-car cross-tabulation,3. Independent urban towns,NORTH TIPPERARY,Tipperary,-6.53,Marginally Below Average,Electoral Division (not Small Area),1.6,1.6,published median distance to nearest GP; not transit journey time,8.7
217162029,4c07d11e-1b3d-851d-e053-ca3ca8c0ca7f,217162,THURLES URBAN,2022,165,32,18,85,0.211765,6.8,ecological proxy: population_65_plus × no-car-household share; not an observed age-by-car cross-tabulation,3. Independent urban towns,NORTH TIPPERARY,Tipperary,-6.53,Marginally Below Average,Electoral Division (not Small Area),0.1,0.1,published median distance to nearest GP; not transit journey time,0.7
217162030,4c07d11e-1b3f-851d-e053-ca3ca8c0ca7f,217162,THURLES URBAN,2022,257,44,31,106,0.292453,12.9,ecological proxy: population_65_plus × no-car-household share; not an observed age-by-car cross-tabulation,3. Independent urban towns,NORTH TIPPERARY,Tipperary,-6.53,Marginally Below Average,Electoral Division (not Small Area),1.2,0.9,published median distance to nearest GP; not transit journey time,15.4
217162031,4c07d11e-0a33-851d-e053-ca3ca8c0ca7f,217162,THURLES URBAN,2022,225,59,8,95,0.084211,5.0,ecological proxy: population_65_plus × no-car-household share; not an observed age-by-car cross-tabulation,3. Independent urban towns,NORTH TIPPERARY,Tipperary,-6.53,Marginally Below Average,Electoral Division (not Small Area),0.9,1.0,published median distance to nearest GP; not transit journey time,4.5
217162032,4c07d11e-0a34-851d-e053-ca3ca8c0ca7f,217162,THURLES URBAN,2022,250,41,32,96,0.333333,13.7,ecological proxy: population_65_plus × no-car-household share; not an observed age-by-car cross-tabulation,3. Independent urban towns,NORTH TIPPERARY,Tipperary,-6.53,Marginally Below Average,Electoral Division (not Small Area),1.4,1.3,published median distance to nearest GP; not transit journey time,19.1
217163001,4c07d11d-f5ff-851d-e053-ca3ca8c0ca7f,217163,TIMONEY,2022,401,71,3,136,0.022059,1.6,ecological proxy: population_65_plus × no-car-household share; not an observed age-by-car cross-tabulation,4. Rural areas with high urban influence,NORTH TIPPERARY,Tipperary,-6.3,Marginally Below Average,Electoral Division (not Small Area),8.1,8.0,published median distance to nearest GP; not transit journey time,12.7
217164001,4c07d11e-0a47-851d-e053-ca3ca8c0ca7f,217164,TIPPERARY EAST URBAN,2022,139,34,22,74,0.297297,10.1,ecological proxy: population_65_plus × no-car-household share; not an observed age-by-car cross-tabulation,3. Independent urban towns,SOUTH TIPPERARY,Tipperary,-17.3,Disadvantaged,Electoral Division (not Small Area),1.1,1.1,published median distance to nearest GP; not transit journey time,11.1
217164002,4c07d11e-1b2d-851d-e053-ca3ca8c0ca7f,217164,TIPPERARY EAST URBAN,2022,135,45,19,64,0.296875,13.4,ecological proxy: population_65_plus × no-car-household share; not an observed age-by-car cross-tabulation,3. Independent urban towns,SOUTH TIPPERARY,Tipperary,-17.3,Disadvantaged,Electoral Division (not Small Area),0.5,0.5,published median distance to nearest GP; not transit journey time,6.7
217164003,4c07d11e-1b39-851d-e053-ca3ca8c0ca7f,217164,TIPPERARY EAST URBAN,2022,312,37,14,105,0.133333,4.9,ecological proxy: population_65_plus × no-car-household share; not an observed age-by-car cross-tabulation,3. Independent urban towns,SOUTH TIPPERARY,Tipperary,-17.3,Disadvantaged,Electoral Division (not Small Area),0.6,0.6,published median distance to nearest GP; not transit journey time,3.0
217164004,4c07d11e-2e0f-851d-e053-ca3ca8c0ca7f,217164,TIPPERARY EAST URBAN,2022,180,20,22,70,0.314286,6.3,ecological proxy: population_65_plus × no-car-household share; not an observed age-by-car cross-tabulation,3. Independent urban towns,SOUTH TIPPERARY,Tipperary,-17.3,Disadvantaged,Electoral Division (not Small Area),0.8,0.8,published median distance to nearest GP; not transit journey time,5.0
217164005,4c07d11e-2e1b-851d-e053-ca3ca8c0ca7f,217164,TIPPERARY EAST URBAN,2022,206,39,20,90,0.222222,8.7,ecological proxy: population_65_plus × no-car-household share; not an observed age-by-car cross-tabulation,3. Independent urban towns,SOUTH TIPPERARY,Tipperary,-17.3,Disadvantaged,Electoral Division (not Small Area),0.9,0.9,published median distance to nearest GP; not transit journey time,7.8
217164006,4c07d11e-1b2f-851d-e053-ca3ca8c0ca7f,217164,TIPPERARY EAST URBAN,2022,276,35,46,100,0.46,16.1,ecological proxy: population_65_plus × no-car-household share; not an observed age-by-car cross-tabulation,3. Independent urban towns,SOUTH TIPPERARY,Tipperary,-17.3,Disadvantaged,Electoral Division (not Small Area),0.9,0.9,published median distance to nearest GP; not transit journey time,14.5
217164007,4c07d11e-1b2e-851d-e053-ca3ca8c0ca7f,217164,TIPPERARY EAST URBAN,2022,263,102,42,121,0.347107,35.4,ecological proxy: population_65_plus × no-car-household share; not an observed age-by-car cross-tabulation,3. Independent urban towns,SOUTH TIPPERARY,Tipperary,-17.3,Disadvantaged,Electoral Division (not Small Area),0.5,0.5,published median distance to nearest GP; not transit journey time,17.7
217164008,4c07d11e-1b2c-851d-e053-ca3ca8c0ca7f,217164,TIPPERARY EAST URBAN,2022,254,50,37,100,0.37,18.5,ecological proxy: population_65_plus × no-car-household share; not an observed age-by-car cross-tabulation,3. Independent urban towns,SOUTH TIPPERARY,Tipperary,-17.3,Disadvantaged,Electoral Division (not Small Area),0.8,0.8,published median distance to nearest GP; not transit journey time,14.8
217164009,4c07d11e-2e0e-851d-e053-ca3ca8c0ca7f,217164,TIPPERARY EAST URBAN,2022,129,17,27,76,0.355263,6.0,ecological proxy: population_65_plus × no-car-household share; not an observed age-by-car cross-tabulation,3. Independent urban towns,SOUTH TIPPERARY,Tipperary,-17.3,Disadvantaged,Electoral Division (not Small Area),0.1,0.1,published median distance to nearest GP; not transit journey time,0.6
217164010,4c07d11e-0a50-851d-e053-ca3ca8c0ca7f,217164,TIPPERARY EAST URBAN,2022,147,50,6,62,0.096774,4.8,ecological proxy: population_65_plus × no-car-household share; not an observed age-by-car cross-tabulation,3. Independent urban towns,SOUTH TIPPERARY,Tipperary,-17.3,Disadvantaged,Electoral Division (not Small Area),0.2,0.2,published median distance to nearest GP; not transit journey time,1.0
217164011,4c07d11e-0a48-851d-e053-ca3ca8c0ca7f,217164,TIPPERARY EAST URBAN,2022,169,50,43,99,0.434343,21.7,ecological proxy: population_65_plus × no-car-household share; not an observed age-by-car cross-tabulation,3. Independent urban towns,SOUTH TIPPERARY,Tipperary,-17.3,Disadvantaged,Electoral Division (not Small Area),0.4,0.3,published median distance to nearest GP; not transit journey time,8.7
217164012,4c07d11e-1b15-851d-e053-ca3ca8c0ca7f,217164,TIPPERARY EAST URBAN,2022,303,40,26,119,0.218487,8.7,ecological proxy: population_65_plus × no-car-household share; not an observed age-by-car cross-tabulation,3. Independent urban towns,SOUTH TIPPERARY,Tipperary,-17.3,Disadvantaged,Electoral Division (not Small Area),1.1,1.1,published median distance to nearest GP; not transit journey time,9.6
217165001,4c07d11e-0d2e-851d-e053-ca3ca8c0ca7f,217165,TIPPERARY RURAL,2022,145,13,15,56,0.267857,3.5,ecological proxy: population_65_plus × no-car-household share; not an observed age-by-car cross-tabulation,3. Independent urban towns,SOUTH TIPPERARY,Tipperary,-3.45,Marginally Below Average,Electoral Division (not Small Area),1.2,1.2,published median distance to nearest GP; not transit journey time,4.2
217165002,4c07d11e-0d36-851d-e053-ca3ca8c0ca7f,217165,TIPPERARY RURAL,2022,458,91,8,158,0.050633,4.6,ecological proxy: population_65_plus × no-car-household share; not an observed age-by-car cross-tabulation,4. Rural areas with high urban influence,SOUTH TIPPERARY,Tipperary,-3.45,Marginally Below Average,Electoral Division (not Small Area),2.8,2.7,published median distance to nearest GP; not transit journey time,12.9
217165003,4c07d11e-0d2d-851d-e053-ca3ca8c0ca7f,217165,TIPPERARY RURAL,2022,206,36,1,73,0.013699,0.5,ecological proxy: population_65_plus × no-car-household share; not an observed age-by-car cross-tabulation,5. Rural areas with moderate urban influence,SOUTH TIPPERARY,Tipperary,-3.45,Marginally Below Average,Electoral Division (not Small Area),4.6,4.5,published median distance to nearest GP; not transit journey time,2.3
217165004,4c07d11e-0d30-851d-e053-ca3ca8c0ca7f,217165,TIPPERARY RURAL,2022,449,120,8,184,0.043478,5.2,ecological proxy: population_65_plus × no-car-household share; not an observed age-by-car cross-tabulation,4. Rural areas with high urban influence,SOUTH TIPPERARY,Tipperary,-3.45,Marginally Below Average,Electoral Division (not Small Area),2.1,2.1,published median distance to nearest GP; not transit journey time,11.0
217165005,4c07d11e-1535-851d-e053-ca3ca8c0ca7f,217165,TIPPERARY RURAL,2022,219,51,4,84,0.047619,2.4,ecological proxy: population_65_plus × no-car-household share; not an observed age-by-car cross-tabulation,5. Rural areas with moderate urban influence,SOUTH TIPPERARY,Tipperary,-3.45,Marginally Below Average,Electoral Division (not Small Area),2.8,2.7,published median distance to nearest GP; not transit journey time,6.8
217165006,4c07d11e-0d38-851d-e053-ca3ca8c0ca7f,217165,TIPPERARY RURAL,2022,224,29,10,78,0.128205,3.7,ecological proxy: population_65_plus × no-car-household share; not an observed age-by-car cross-tabulation,3. Independent urban towns,SOUTH TIPPERARY,Tipperary,-3.45,Marginally Below Average,Electoral Division (not Small Area),1.3,1.3,published median distance to nearest GP; not transit journey time,4.8
217165007,4c07d11e-0a51-851d-e053-ca3ca8c0ca7f,217165,TIPPERARY RURAL,2022,247,19,3,95,0.031579,0.6,ecological proxy: population_65_plus × no-car-household share; not an observed age-by-car cross-tabulation,3. Independent urban towns,SOUTH TIPPERARY,Tipperary,-3.45,Marginally Below Average,Electoral Division (not Small Area),2.0,1.9,published median distance to nearest GP; not transit journey time,1.2
217165008,4c07d11e-2e1c-851d-e053-ca3ca8c0ca7f,217165,TIPPERARY RURAL,2022,211,9,6,84,0.071429,0.6,ecological proxy: population_65_plus × no-car-household share; not an observed age-by-car cross-tabulation,3. Independent urban towns,SOUTH TIPPERARY,Tipperary,-3.45,Marginally Below Average,Electoral Division (not Small Area),1.7,1.7,published median distance to nearest GP; not transit journey time,1.1
217166001,4c07d11e-1b22-851d-e053-ca3ca8c0ca7f,217166,TIPPERARY WEST URBAN,2022,155,45,15,74,0.202703,9.1,ecological proxy: population_65_plus × no-car-household share; not an observed age-by-car cross-tabulation,3. Independent urban towns,SOUTH TIPPERARY,Tipperary,-6.33,Marginally Below Average,Electoral Division (not Small Area),0.5,0.5,published median distance to nearest GP; not transit journey time,4.6
217166002,4c07d11e-2e0c-851d-e053-ca3ca8c0ca7f,217166,TIPPERARY WEST URBAN,2022,168,35,36,87,0.413793,14.5,ecological proxy: population_65_plus × no-car-household share; not an observed age-by-car cross-tabulation,3. Independent urban towns,SOUTH TIPPERARY,Tipperary,-6.33,Marginally Below Average,Electoral Division (not Small Area),0.7,0.7,published median distance to nearest GP; not transit journey time,10.1
217166003,4c07d11e-2e0d-851d-e053-ca3ca8c0ca7f,217166,TIPPERARY WEST URBAN,2022,132,29,40,77,0.519481,15.1,ecological proxy: population_65_plus × no-car-household share; not an observed age-by-car cross-tabulation,3. Independent urban towns,SOUTH TIPPERARY,Tipperary,-6.33,Marginally Below Average,Electoral Division (not Small Area),0.5,0.5,published median distance to nearest GP; not transit journey time,7.5
217166004,4c07d11e-1b13-851d-e053-ca3ca8c0ca7f,217166,TIPPERARY WEST URBAN,2022,317,6,9,96,0.09375,0.6,ecological proxy: population_65_plus × no-car-household share; not an observed age-by-car cross-tabulation,3. Independent urban towns,SOUTH TIPPERARY,Tipperary,-6.33,Marginally Below Average,Electoral Division (not Small Area),1.7,1.7,published median distance to nearest GP; not transit journey time,1.0
217166005,4c07d11e-1b14-851d-e053-ca3ca8c0ca7f,217166,TIPPERARY WEST URBAN,2022,329,12,5,108,0.046296,0.6,ecological proxy: population_65_plus × no-car-household share; not an observed age-by-car cross-tabulation,3. Independent urban towns,SOUTH TIPPERARY,Tipperary,-6.33,Marginally Below Average,Electoral Division (not Small Area),1.6,1.6,published median distance to nearest GP; not transit journey time,0.9
217166006,4c07d11e-0a46-851d-e053-ca3ca8c0ca7f,217166,TIPPERARY WEST URBAN,2022,157,38,25,75,0.333333,12.7,ecological proxy: population_65_plus × no-car-household share; not an observed age-by-car cross-tabulation,3. Independent urban towns,SOUTH TIPPERARY,Tipperary,-6.33,Marginally Below Average,Electoral Division (not Small Area),0.7,0.7,published median distance to nearest GP; not transit journey time,8.9
217166007,4c07d11e-1b21-851d-e053-ca3ca8c0ca7f,217166,TIPPERARY WEST URBAN,2022,133,32,27,74,0.364865,11.7,ecological proxy: population_65_plus × no-car-household share; not an observed age-by-car cross-tabulation,3. Independent urban towns,SOUTH TIPPERARY,Tipperary,-6.33,Marginally Below Average,Electoral Division (not Small Area),0.3,0.3,published median distance to nearest GP; not transit journey time,3.5
217166008,4c07d11e-1b20-851d-e053-ca3ca8c0ca7f,217166,TIPPERARY WEST URBAN,2022,139,27,14,69,0.202899,5.5,ecological proxy: population_65_plus × no-car-household share; not an observed age-by-car cross-tabulation,3. Independent urban towns,SOUTH TIPPERARY,Tipperary,-6.33,Marginally Below Average,Electoral Division (not Small Area),0.7,0.6,published median distance to nearest GP; not transit journey time,3.8
217166009,4c07d11e-0a45-851d-e053-ca3ca8c0ca7f,217166,TIPPERARY WEST URBAN,2022,210,54,8,74,0.108108,5.8,ecological proxy: population_65_plus × no-car-household share; not an observed age-by-car cross-tabulation,3. Independent urban towns,SOUTH TIPPERARY,Tipperary,-6.33,Marginally Below Average,Electoral Division (not Small Area),0.9,0.9,published median distance to nearest GP; not transit journey time,5.3
217166010,4c07d11e-1b08-851d-e053-ca3ca8c0ca7f,217166,TIPPERARY WEST URBAN,2022,106,33,21,62,0.33871,11.2,ecological proxy: population_65_plus × no-car-household share; not an observed age-by-car cross-tabulation,3. Independent urban towns,SOUTH TIPPERARY,Tipperary,-6.33,Marginally Below Average,Electoral Division (not Small Area),0.8,0.9,published median distance to nearest GP; not transit journey time,8.9
217166011,4c07d11e-1b07-851d-e053-ca3ca8c0ca7f,217166,TIPPERARY WEST URBAN,2022,201,50,31,97,0.319588,16.0,ecological proxy: population_65_plus × no-car-household share; not an observed age-by-car cross-tabulation,3. Independent urban towns,SOUTH TIPPERARY,Tipperary,-6.33,Marginally Below Average,Electoral Division (not Small Area),0.8,0.8,published median distance to nearest GP; not transit journey time,12.8
217167001,4c07d11d-f3f2-851d-e053-ca3ca8c0ca7f,217167,TUBBRID,2022,327,62,1,119,0.008403,0.5,ecological proxy: population_65_plus × no-car-household share; not an observed age-by-car cross-tabulation,5. Rural areas with moderate urban influence,SOUTH TIPPERARY,Tipperary,4.12,Marginally Above Average,Electoral Division (not Small Area),7.3,7.3,published median distance to nearest GP; not transit journey time,3.8
217167002,4c07d11d-f4a3-851d-e053-ca3ca8c0ca7f,217167,TUBBRID,2022,326,64,3,105,0.028571,1.8,ecological proxy: population_65_plus × no-car-household share; not an observed age-by-car cross-tabulation,5. Rural areas with moderate urban influence,SOUTH TIPPERARY,Tipperary,4.12,Marginally Above Average,Electoral Division (not Small Area),7.6,7.5,published median distance to nearest GP; not transit journey time,13.9
217168001,4c07d11e-1431-851d-e053-ca3ca8c0ca7f,217168,TULLAGHMELAN,2022,322,52,15,124,0.120968,6.3,ecological proxy: population_65_plus × no-car-household share; not an observed age-by-car cross-tabulation,5. Rural areas with moderate urban influence,SOUTH TIPPERARY,Tipperary,-1.22,Marginally Below Average,Electoral Division (not Small Area),8.9,8.9,published median distance to nearest GP; not transit journey time,56.0
217168002,4c07d11e-11a7-851d-e053-ca3ca8c0ca7f,217168,TULLAGHMELAN,2022,318,42,2,98,0.020408,0.9,ecological proxy: population_65_plus × no-car-household share; not an observed age-by-car cross-tabulation,5. Rural areas with moderate urban influence,SOUTH TIPPERARY,Tipperary,-1.22,Marginally Below Average,Electoral Division (not Small Area),7.7,8.5,published median distance to nearest GP; not transit journey time,6.6
217168003,4c07d11d-f3f5-851d-e053-ca3ca8c0ca7f,217168,TULLAGHMELAN,2022,225,32,5,92,0.054348,1.7,ecological proxy: population_65_plus × no-car-household share; not an observed age-by-car cross-tabulation,5. Rural areas with moderate urban influence,SOUTH TIPPERARY,Tipperary,-1.22,Marginally Below Average,Electoral Division (not Small Area),7.3,7.3,published median distance to nearest GP; not transit journey time,12.7
217168004,4c07d11e-11a9-851d-e053-ca3ca8c0ca7f,217168,TULLAGHMELAN,2022,251,37,2,85,0.023529,0.9,ecological proxy: population_65_plus × no-car-household share; not an observed age-by-car cross-tabulation,5. Rural areas with moderate urban influence,SOUTH TIPPERARY,Tipperary,-1.22,Marginally Below Average,Electoral Division (not Small Area),8.2,8.3,published median distance to nearest GP; not transit journey time,7.1
217169001,4c07d11d-f8c4-851d-e053-ca3ca8c0ca7f,217169,TULLAGHORTON,2022,297,54,4,108,0.037037,2.0,ecological proxy: population_65_plus × no-car-household share; not an observed age-by-car cross-tabulation,5. Rural areas with moderate urban influence,SOUTH TIPPERARY,Tipperary,-2.17,Marginally Below Average,Electoral Division (not Small Area),11.7,11.7,published median distance to nearest GP; not transit journey time,23.4
217170001,4c07d11e-0dca-851d-e053-ca3ca8c0ca7f,217170,TULLAMAIN,2022,266,32,1,85,0.011765,0.4,ecological proxy: population_65_plus × no-car-household share; not an observed age-by-car cross-tabulation,5. Rural areas with moderate urban influence,SOUTH TIPPERARY,Tipperary,-6.44,Marginally Below Average,Electoral Division (not Small Area),7.3,7.5,published median distance to nearest GP; not transit journey time,2.7
217170002,4c07d11e-1547-851d-e053-ca3ca8c0ca7f,217170,TULLAMAIN,2022,219,42,5,85,0.058824,2.5,ecological proxy: population_65_plus × no-car-household share; not an observed age-by-car cross-tabulation,6. Highly rural/remote areas,SOUTH TIPPERARY,Tipperary,-6.44,Marginally Below Average,Electoral Division (not Small Area),7.2,7.2,published median distance to nearest GP; not transit journey time,17.8
217170003,4c07d11d-f500-851d-e053-ca3ca8c0ca7f,217170,TULLAMAIN,2022,221,35,2,80,0.025,0.9,ecological proxy: population_65_plus × no-car-household share; not an observed age-by-car cross-tabulation,6. Highly rural/remote areas,SOUTH TIPPERARY,Tipperary,-6.44,Marginally Below Average,Electoral Division (not Small Area),8.7,8.8,published median distance to nearest GP; not transit journey time,7.6
217171001/01,fa0f429a-1570-411d-a246-0b4c5811695e,217171,TWO-MILE-BORRIS,2022,260,29,6,87,0.068966,2.0,ecological proxy: population_65_plus × no-car-household share; not an observed age-by-car cross-tabulation,5. Rural areas with moderate urban influence,NORTH TIPPERARY,Tipperary,-0.84,Marginally Below Average,Electoral Division (not Small Area),7.6,7.6,published median distance to nearest GP; not transit journey time,15.2
217171001/02,1c4239c1-0a87-47a3-9ee7-0beafb79c059,217171,TWO-MILE-BORRIS,2022,209,30,2,70,0.028571,0.9,ecological proxy: population_65_plus × no-car-household share; not an observed age-by-car cross-tabulation,6. Highly rural/remote areas,NORTH TIPPERARY,Tipperary,-0.84,Marginally Below Average,Electoral Division (not Small Area),7.8,7.8,published median distance to nearest GP; not transit journey time,6.7
217171002,4c07d11d-f5af-851d-e053-ca3ca8c0ca7f,217171,TWO-MILE-BORRIS,2022,359,63,1,116,0.008621,0.5,ecological proxy: population_65_plus × no-car-household share; not an observed age-by-car cross-tabulation,5. Rural areas with moderate urban influence,NORTH TIPPERARY,Tipperary,-0.84,Marginally Below Average,Electoral Division (not Small Area),8.5,8.5,published median distance to nearest GP; not transit journey time,4.6
217172001,4c07d11d-f55d-851d-e053-ca3ca8c0ca7f,217172,UPPERCHURCH,2022,311,65,5,115,0.043478,2.8,ecological proxy: population_65_plus × no-car-household share; not an observed age-by-car cross-tabulation,5. Rural areas with moderate urban influence,NORTH TIPPERARY,Tipperary,3.89,Marginally Above Average,Electoral Division (not Small Area),16.5,16.5,published median distance to nearest GP; not transit journey time,46.6
217173001,4c07d11d-f76d-851d-e053-ca3ca8c0ca7f,217173,USKANE,2022,252,57,0,85,0.0,0.0,ecological proxy: population_65_plus × no-car-household share; not an observed age-by-car cross-tabulation,5. Rural areas with moderate urban influence,NORTH TIPPERARY,Tipperary,2.83,Marginally Above Average,Electoral Division (not Small Area),4.3,4.4,published median distance to nearest GP; not transit journey time,0.0
217174001,4c07d11d-f5a0-851d-e053-ca3ca8c0ca7f,217174,YOUGHALARRA,2022,458,76,3,152,0.019737,1.5,ecological proxy: population_65_plus × no-car-household share; not an observed age-by-car cross-tabulation,4. Rural areas with high urban influence,NORTH TIPPERARY,Tipperary,5.13,Marginally Above Average,Electoral Division (not Small Area),6.5,6.5,published median distance to nearest GP; not transit journey time,9.8
217174002,4c07d11e-13c7-851d-e053-ca3ca8c0ca7f,217174,YOUGHALARRA,2022,120,27,2,44,0.045455,1.2,ecological proxy: population_65_plus × no-car-household share; not an observed age-by-car cross-tabulation,6. Highly rural/remote areas,NORTH TIPPERARY,Tipperary,5.13,Marginally Above Average,Electoral Division (not Small Area),9.1,9.1,published median distance to nearest GP; not transit journey time,11.2
217174003,4c07d11e-0e55-851d-e053-ca3ca8c0ca7f,217174,YOUGHALARRA,2022,423,65,4,149,0.026846,1.7,ecological proxy: population_65_plus × no-car-household share; not an observed age-by-car cross-tabulation,4. Rural areas with high urban influence,NORTH TIPPERARY,Tipperary,5.13,Marginally Above Average,Electoral Division (not Small Area),5.8,5.8,published median distance to nearest GP; not transit journey time,10.1
217175001,4c07d11e-09e9-851d-e053-ca3ca8c0ca7f,217175,FETHARD,2022,240,51,10,99,0.10101,5.2,ecological proxy: population_65_plus × no-car-household share; not an observed age-by-car cross-tabulation,3. Independent urban towns,SOUTH TIPPERARY,Tipperary,-8.14,Marginally Below Average,Electoral Division (not Small Area),0.6,0.6,published median distance to nearest GP; not transit journey time,3.1
217175002,4c07d11e-1aa1-851d-e053-ca3ca8c0ca7f,217175,FETHARD,2022,149,23,10,64,0.15625,3.6,ecological proxy: population_65_plus × no-car-household share; not an observed age-by-car cross-tabulation,3. Independent urban towns,SOUTH TIPPERARY,Tipperary,-8.14,Marginally Below Average,Electoral Division (not Small Area),0.1,0.1,published median distance to nearest GP; not transit journey time,0.4
217175003,4c07d11e-09ea-851d-e053-ca3ca8c0ca7f,217175,FETHARD,2022,398,56,29,157,0.184713,10.3,ecological proxy: population_65_plus × no-car-household share; not an observed age-by-car cross-tabulation,3. Independent urban towns,SOUTH TIPPERARY,Tipperary,-8.14,Marginally Below Average,Electoral Division (not Small Area),0.4,0.4,published median distance to nearest GP; not transit journey time,4.1
217175004,4c07d11e-2e2b-851d-e053-ca3ca8c0ca7f,217175,FETHARD,2022,210,68,38,118,0.322034,21.9,ecological proxy: population_65_plus × no-car-household share; not an observed age-by-car cross-tabulation,3. Independent urban towns,SOUTH TIPPERARY,Tipperary,-8.14,Marginally Below Average,Electoral Division (not Small Area),0.4,0.4,published median distance to nearest GP; not transit journey time,8.8
217176001,4c07d11e-179c-851d-e053-ca3ca8c0ca7f,217176,CLONMEL EAST URBAN,2022,220,44,14,92,0.152174,6.7,ecological proxy: population_65_plus × no-car-household share; not an observed age-by-car cross-tabulation,3. Independent urban towns,SOUTH TIPPERARY,Tipperary,-0.05,Marginally Below Average,Electoral Division (not Small Area),0.8,0.8,published median distance to nearest GP; not transit journey time,5.4
217176002,4c07d11e-1814-851d-e053-ca3ca8c0ca7f,217176,CLONMEL EAST URBAN,2022,222,85,49,131,0.374046,31.8,ecological proxy: population_65_plus × no-car-household share; not an observed age-by-car cross-tabulation,3. Independent urban towns,SOUTH TIPPERARY,Tipperary,-0.05,Marginally Below Average,Electoral Division (not Small Area),0.7,0.7,published median distance to nearest GP; not transit journey time,22.3
217176003,4c07d11e-179f-851d-e053-ca3ca8c0ca7f,217176,CLONMEL EAST URBAN,2022,251,51,13,113,0.115044,5.9,ecological proxy: population_65_plus × no-car-household share; not an observed age-by-car cross-tabulation,3. Independent urban towns,SOUTH TIPPERARY,Tipperary,-0.05,Marginally Below Average,Electoral Division (not Small Area),1.1,1.1,published median distance to nearest GP; not transit journey time,6.5
217176004,4c07d11e-17a7-851d-e053-ca3ca8c0ca7f,217176,CLONMEL EAST URBAN,2022,192,69,7,87,0.08046,5.6,ecological proxy: population_65_plus × no-car-household share; not an observed age-by-car cross-tabulation,3. Independent urban towns,SOUTH TIPPERARY,Tipperary,-0.05,Marginally Below Average,Electoral Division (not Small Area),1.1,1.1,published median distance to nearest GP; not transit journey time,6.1
217176005,4c07d11e-179e-851d-e053-ca3ca8c0ca7f,217176,CLONMEL EAST URBAN,2022,231,76,16,112,0.142857,10.9,ecological proxy: population_65_plus × no-car-household share; not an observed age-by-car cross-tabulation,3. Independent urban towns,SOUTH TIPPERARY,Tipperary,-0.05,Marginally Below Average,Electoral Division (not Small Area),0.8,0.8,published median distance to nearest GP; not transit journey time,8.7
217176006,4c07d11e-1809-851d-e053-ca3ca8c0ca7f,217176,CLONMEL EAST URBAN,2022,210,47,15,84,0.178571,8.4,ecological proxy: population_65_plus × no-car-household share; not an observed age-by-car cross-tabulation,3. Independent urban towns,SOUTH TIPPERARY,Tipperary,-0.05,Marginally Below Average,Electoral Division (not Small Area),0.9,0.8,published median distance to nearest GP; not transit journey time,7.6
217176007,4c07d11e-1435-851d-e053-ca3ca8c0ca7f,217176,CLONMEL EAST URBAN,2022,250,60,8,93,0.086022,5.2,ecological proxy: population_65_plus × no-car-household share; not an observed age-by-car cross-tabulation,3. Independent urban towns,SOUTH TIPPERARY,Tipperary,-0.05,Marginally Below Average,Electoral Division (not Small Area),0.8,0.8,published median distance to nearest GP; not transit journey time,4.1
217176008,4c07d11e-17b2-851d-e053-ca3ca8c0ca7f,217176,CLONMEL EAST URBAN,2022,294,71,1,105,0.009524,0.7,ecological proxy: population_65_plus × no-car-household share; not an observed age-by-car cross-tabulation,3. Independent urban towns,SOUTH TIPPERARY,Tipperary,-0.05,Marginally Below Average,Electoral Division (not Small Area),1.8,1.7,published median distance to nearest GP; not transit journey time,1.2
217176009,4c07d11e-17a8-851d-e053-ca3ca8c0ca7f,217176,CLONMEL EAST URBAN,2022,402,34,4,143,0.027972,1.0,ecological proxy: population_65_plus × no-car-household share; not an observed age-by-car cross-tabulation,3. Independent urban towns,SOUTH TIPPERARY,Tipperary,-0.05,Marginally Below Average,Electoral Division (not Small Area),1.5,1.5,published median distance to nearest GP; not transit journey time,1.4
217176010,4c07d11e-0429-851d-e053-ca3ca8c0ca7f,217176,CLONMEL EAST URBAN,2022,229,11,10,82,0.121951,1.3,ecological proxy: population_65_plus × no-car-household share; not an observed age-by-car cross-tabulation,3. Independent urban towns,SOUTH TIPPERARY,Tipperary,-0.05,Marginally Below Average,Electoral Division (not Small Area),1.5,1.5,published median distance to nearest GP; not transit journey time,2.0
217176011,4c07d11e-041b-851d-e053-ca3ca8c0ca7f,217176,CLONMEL EAST URBAN,2022,344,20,22,118,0.186441,3.7,ecological proxy: population_65_plus × no-car-household share; not an observed age-by-car cross-tabulation,3. Independent urban towns,SOUTH TIPPERARY,Tipperary,-0.05,Marginally Below Average,Electoral Division (not Small Area),0.9,0.9,published median distance to nearest GP; not transit journey time,3.4
217176012,4c07d11e-284e-851d-e053-ca3ca8c0ca7f,217176,CLONMEL EAST URBAN,2022,142,5,25,68,0.367647,1.8,ecological proxy: population_65_plus × no-car-household share; not an observed age-by-car cross-tabulation,3. Independent urban towns,SOUTH TIPPERARY,Tipperary,-0.05,Marginally Below Average,Electoral Division (not Small Area),0.4,0.4,published median distance to nearest GP; not transit journey time,0.7
217176013,4c07d11e-180b-851d-e053-ca3ca8c0ca7f,217176,CLONMEL EAST URBAN,2022,191,16,28,103,0.271845,4.3,ecological proxy: population_65_plus × no-car-household share; not an observed age-by-car cross-tabulation,3. Independent urban towns,SOUTH TIPPERARY,Tipperary,-0.05,Marginally Below Average,Electoral Division (not Small Area),0.3,0.3,published median distance to nearest GP; not transit journey time,1.3
217176014,4c07d11e-180c-851d-e053-ca3ca8c0ca7f,217176,CLONMEL EAST URBAN,2022,311,30,51,140,0.364286,10.9,ecological proxy: population_65_plus × no-car-household share; not an observed age-by-car cross-tabulation,3. Independent urban towns,SOUTH TIPPERARY,Tipperary,-0.05,Marginally Below Average,Electoral Division (not Small Area),0.1,0.2,published median distance to nearest GP; not transit journey time,1.1
217176015,4c07d11e-0412-851d-e053-ca3ca8c0ca7f,217176,CLONMEL EAST URBAN,2022,54,3,9,28,0.321429,1.0,ecological proxy: population_65_plus × no-car-household share; not an observed age-by-car cross-tabulation,3. Independent urban towns,SOUTH TIPPERARY,Tipperary,-0.05,Marginally Below Average,Electoral Division (not Small Area),0.0,0.0,published median distance to nearest GP; not transit journey time,0.0
217176016,4c07d11e-17a6-851d-e053-ca3ca8c0ca7f,217176,CLONMEL EAST URBAN,2022,184,46,22,89,0.247191,11.4,ecological proxy: population_65_plus × no-car-household share; not an observed age-by-car cross-tabulation,3. Independent urban towns,SOUTH TIPPERARY,Tipperary,-0.05,Marginally Below Average,Electoral Division (not Small Area),0.9,0.9,published median distance to nearest GP; not transit journey time,10.2
217176017,4c07d11e-180d-851d-e053-ca3ca8c0ca7f,217176,CLONMEL EAST URBAN,2022,186,54,33,106,0.311321,16.8,ecological proxy: population_65_plus × no-car-household share; not an observed age-by-car cross-tabulation,3. Independent urban towns,SOUTH TIPPERARY,Tipperary,-0.05,Marginally Below Average,Electoral Division (not Small Area),0.5,0.5,published median distance to nearest GP; not transit journey time,8.4
217176018,4c07d11e-180e-851d-e053-ca3ca8c0ca7f,217176,CLONMEL EAST URBAN,2022,242,36,28,106,0.264151,9.5,ecological proxy: population_65_plus × no-car-household share; not an observed age-by-car cross-tabulation,3. Independent urban towns,SOUTH TIPPERARY,Tipperary,-0.05,Marginally Below Average,Electoral Division (not Small Area),0.2,0.2,published median distance to nearest GP; not transit journey time,1.9
217177001,4c07d11e-0a29-851d-e053-ca3ca8c0ca7f,217177,NENAGH EAST URBAN,2022,255,15,11,83,0.13253,2.0,ecological proxy: population_65_plus × no-car-household share; not an observed age-by-car cross-tabulation,3. Independent urban towns,NORTH TIPPERARY,Tipperary,-2.56,Marginally Below Average,Electoral Division (not Small Area),1.2,1.2,published median distance to nearest GP; not transit journey time,2.4
217177002,4c07d11e-1b0b-851d-e053-ca3ca8c0ca7f,217177,NENAGH EAST URBAN,2022,420,7,8,127,0.062992,0.4,ecological proxy: population_65_plus × no-car-household share; not an observed age-by-car cross-tabulation,3. Independent urban towns,NORTH TIPPERARY,Tipperary,-2.56,Marginally Below Average,Electoral Division (not Small Area),1.5,1.6,published median distance to nearest GP; not transit journey time,0.7
217177003,4c07d11e-0a2a-851d-e053-ca3ca8c0ca7f,217177,NENAGH EAST URBAN,2022,237,13,4,82,0.04878,0.6,ecological proxy: population_65_plus × no-car-household share; not an observed age-by-car cross-tabulation,3. Independent urban towns,NORTH TIPPERARY,Tipperary,-2.56,Marginally Below Average,Electoral Division (not Small Area),1.3,1.3,published median distance to nearest GP; not transit journey time,0.8
217177004,4c07d11e-0a12-851d-e053-ca3ca8c0ca7f,217177,NENAGH EAST URBAN,2022,336,24,44,112,0.392857,9.4,ecological proxy: population_65_plus × no-car-household share; not an observed age-by-car cross-tabulation,3. Independent urban towns,NORTH TIPPERARY,Tipperary,-2.56,Marginally Below Average,Electoral Division (not Small Area),0.2,0.2,published median distance to nearest GP; not transit journey time,1.9
217177005,4c07d11e-13ca-851d-e053-ca3ca8c0ca7f,217177,NENAGH EAST URBAN,2022,366,78,33,123,0.268293,20.9,ecological proxy: population_65_plus × no-car-household share; not an observed age-by-car cross-tabulation,3. Independent urban towns,NORTH TIPPERARY,Tipperary,-2.56,Marginally Below Average,Electoral Division (not Small Area),0.4,0.4,published median distance to nearest GP; not transit journey time,8.4
217177006,4c07d11e-13c6-851d-e053-ca3ca8c0ca7f,217177,NENAGH EAST URBAN,2022,262,28,29,110,0.263636,7.4,ecological proxy: population_65_plus × no-car-household share; not an observed age-by-car cross-tabulation,3. Independent urban towns,NORTH TIPPERARY,Tipperary,-2.56,Marginally Below Average,Electoral Division (not Small Area),0.5,0.5,published median distance to nearest GP; not transit journey time,3.7
217177007,4c07d11e-1abb-851d-e053-ca3ca8c0ca7f,217177,NENAGH EAST URBAN,2022,166,41,15,73,0.205479,8.4,ecological proxy: population_65_plus × no-car-household share; not an observed age-by-car cross-tabulation,3. Independent urban towns,NORTH TIPPERARY,Tipperary,-2.56,Marginally Below Average,Electoral Division (not Small Area),0.7,0.7,published median distance to nearest GP; not transit journey time,5.9
217177008,4c07d11e-1ad7-851d-e053-ca3ca8c0ca7f,217177,NENAGH EAST URBAN,2022,207,7,44,98,0.44898,3.1,ecological proxy: population_65_plus × no-car-household share; not an observed age-by-car cross-tabulation,3. Independent urban towns,NORTH TIPPERARY,Tipperary,-2.56,Marginally Below Average,Electoral Division (not Small Area),0.4,0.4,published median distance to nearest GP; not transit journey time,1.3
217177009,4c07d11e-0a13-851d-e053-ca3ca8c0ca7f,217177,NENAGH EAST URBAN,2022,119,28,23,66,0.348485,9.8,ecological proxy: population_65_plus × no-car-household share; not an observed age-by-car cross-tabulation,3. Independent urban towns,NORTH TIPPERARY,Tipperary,-2.56,Marginally Below Average,Electoral Division (not Small Area),0.3,0.3,published median distance to nearest GP; not transit journey time,2.9
217177010,4c07d11e-1aff-851d-e053-ca3ca8c0ca7f,217177,NENAGH EAST URBAN,2022,181,25,20,80,0.25,6.2,ecological proxy: population_65_plus × no-car-household share; not an observed age-by-car cross-tabulation,3. Independent urban towns,NORTH TIPPERARY,Tipperary,-2.56,Marginally Below Average,Electoral Division (not Small Area),0.7,0.7,published median distance to nearest GP; not transit journey time,4.4
217177011,4c07d11e-1b09-851d-e053-ca3ca8c0ca7f,217177,NENAGH EAST URBAN,2022,152,44,19,71,0.267606,11.8,ecological proxy: population_65_plus × no-car-household share; not an observed age-by-car cross-tabulation,3. Independent urban towns,NORTH TIPPERARY,Tipperary,-2.56,Marginally Below Average,Electoral Division (not Small Area),1.0,1.0,published median distance to nearest GP; not transit journey time,11.8
217177012,4c07d11e-1b0a-851d-e053-ca3ca8c0ca7f,217177,NENAGH EAST URBAN,2022,178,28,19,77,0.246753,6.9,ecological proxy: population_65_plus × no-car-household share; not an observed age-by-car cross-tabulation,3. Independent urban towns,NORTH TIPPERARY,Tipperary,-2.56,Marginally Below Average,Electoral Division (not Small Area),0.8,0.8,published median distance to nearest GP; not transit journey time,5.5
217177013,4c07d11e-1aca-851d-e053-ca3ca8c0ca7f,217177,NENAGH EAST URBAN,2022,261,17,3,85,0.035294,0.6,ecological proxy: population_65_plus × no-car-household share; not an observed age-by-car cross-tabulation,3. Independent urban towns,NORTH TIPPERARY,Tipperary,-2.56,Marginally Below Average,Electoral Division (not Small Area),0.8,0.8,published median distance to nearest GP; not transit journey time,0.5
217177014,4c07d11e-1ad6-851d-e053-ca3ca8c0ca7f,217177,NENAGH EAST URBAN,2022,398,63,15,138,0.108696,6.8,ecological proxy: population_65_plus × no-car-household share; not an observed age-by-car cross-tabulation,3. Independent urban towns,NORTH TIPPERARY,Tipperary,-2.56,Marginally Below Average,Electoral Division (not Small Area),0.4,0.3,published median distance to nearest GP; not transit journey time,2.7
