{"type":"FeatureCollection","name":"tipperary_naptan_stops","metadata":{"county":"Tipperary","feature_count":374,"active_stop_count":374,"crs":"OGC:CRS84 / WGS 84 longitude-latitude","source":"NTA NaPTAN Stop Points"},"features":[{"type":"Feature","geometry":{"type":"Point","coordinates":[-7.94633,52.88472]},"properties":{"atco_code":"8320LL10691","common_name":"Barack Obama Plaza","common_name_ga":"Plaza Barack Obama","stop_type":"BCT","bus_stop_type":"CUS","wheelchair_boarding":"","status":"active","modification_datetime":"2026-09-17T14:02:22.199","coordinate_source":"NaPTAN Latitude/Longitude fields (WGS 84); ITM Easting/Northing retained in raw download"}},{"type":"Feature","geometry":{"type":"Point","coordinates":[-7.94469,52.88455]},"properties":{"atco_code":"8320PB13029","common_name":"Barack Obama Plaza (Event Stop)","common_name_ga":"Plaza Barack Obama (Stad Imeachta)","stop_type":"BCT","bus_stop_type":"MKD","wheelchair_boarding":"","status":"active","modification_datetime":"2025-05-22T09:26:04.001","coordinate_source":"NaPTAN Latitude/Longitude fields (WGS 84); ITM Easting/Northing retained in raw download"}},{"type":"Feature","geometry":{"type":"Point","coordinates":[-8.021202,52.698032]},"properties":{"atco_code":"8410LL10602","common_name":"Upperchurch","common_name_ga":"An Teampall Uachtarach","stop_type":"BCT","bus_stop_type":"CUS","wheelchair_boarding":"","status":"active","modification_datetime":"2026-09-17T14:02:23.067","coordinate_source":"NaPTAN Latitude/Longitude fields (WGS 84); ITM Easting/Northing retained in raw download"}},{"type":"Feature","geometry":{"type":"Point","coordinates":[-8.16205,52.67925]},"properties":{"atco_code":"8410LL10603","common_name":"Kilcommon Cross","common_name_ga":"Crois Cill Chuimín","stop_type":"BCT","bus_stop_type":"CUS","wheelchair_boarding":"","status":"active","modification_datetime":"2026-09-17T14:02:22.499","coordinate_source":"NaPTAN Latitude/Longitude fields (WGS 84); ITM Easting/Northing retained in raw download"}},{"type":"Feature","geometry":{"type":"Point","coordinates":[-8.22646,52.41203]},"properties":{"atco_code":"8410LL13040","common_name":"Lisvernane","common_name_ga":"Lios Fearnáin","stop_type":"BCT","bus_stop_type":"MKD","wheelchair_boarding":"","status":"active","modification_datetime":"2025-04-23T14:14:17.164","coordinate_source":"NaPTAN Latitude/Longitude fields (WGS 84); ITM Easting/Northing retained in raw download"}},{"type":"Feature","geometry":{"type":"Point","coordinates":[-8.22643,52.41197]},"properties":{"atco_code":"8410LL13063","common_name":"Lisvernane","common_name_ga":"Lios Fearnáin","stop_type":"BCT","bus_stop_type":"MKD","wheelchair_boarding":"","status":"active","modification_datetime":"2025-04-23T15:40:37.608","coordinate_source":"NaPTAN Latitude/Longitude fields (WGS 84); ITM Easting/Northing retained in raw download"}},{"type":"Feature","geometry":{"type":"Point","coordinates":[-7.956909,52.752207]},"properties":{"atco_code":"842000018","common_name":"Borrisoleigh","common_name_ga":"Buiríos Ó Luigheach","stop_type":"BCT","bus_stop_type":"CUS","wheelchair_boarding":"","status":"active","modification_datetime":"2026-09-17T14:02:22.499","coordinate_source":"NaPTAN Latitude/Longitude fields (WGS 84); ITM Easting/Northing retained in raw download"}},{"type":"Feature","geometry":{"type":"Point","coordinates":[-7.95655,52.75215]},"properties":{"atco_code":"842000022","common_name":"Borrisoleigh","common_name_ga":"Buiríos Ó Luigheach","stop_type":"BCT","bus_stop_type":"CUS","wheelchair_boarding":"","status":"active","modification_datetime":"2026-09-17T14:02:22.499","coordinate_source":"NaPTAN Latitude/Longitude fields (WGS 84); ITM Easting/Northing retained in raw download"}},{"type":"Feature","geometry":{"type":"Point","coordinates":[-7.914907,52.725697]},"properties":{"atco_code":"842000023","common_name":"Inch","common_name_ga":"An Inse","stop_type":"BCT","bus_stop_type":"CUS","wheelchair_boarding":"","status":"active","modification_datetime":"2026-09-17T14:02:22.499","coordinate_source":"NaPTAN Latitude/Longitude fields (WGS 84); ITM Easting/Northing retained in raw download"}},{"type":"Feature","geometry":{"type":"Point","coordinates":[-7.91473,52.725706]},"properties":{"atco_code":"842000024","common_name":"Inch","common_name_ga":"An Inse","stop_type":"BCT","bus_stop_type":"CUS","wheelchair_boarding":"","status":"active","modification_datetime":"2026-09-17T14:02:22.499","coordinate_source":"NaPTAN Latitude/Longitude fields (WGS 84); ITM Easting/Northing retained in raw download"}},{"type":"Feature","geometry":{"type":"Point","coordinates":[-7.867226,52.637302]},"properties":{"atco_code":"842000038","common_name":"Holycross","common_name_ga":"Mainistir na Croiche","stop_type":"BCT","bus_stop_type":"CUS","wheelchair_boarding":"","status":"active","modification_datetime":"2026-09-17T14:02:22.499","coordinate_source":"NaPTAN Latitude/Longitude fields (WGS 84); ITM Easting/Northing retained in raw download"}},{"type":"Feature","geometry":{"type":"Point","coordinates":[-7.77452,52.61672]},"properties":{"atco_code":"8420B3382402","common_name":"Horse and Jockey","common_name_ga":"An Marcach","stop_type":"BCT","bus_stop_type":"CUS","wheelchair_boarding":"","status":"active","modification_datetime":"2026-09-17T14:02:22.499","coordinate_source":"NaPTAN Latitude/Longitude fields (WGS 84); ITM Easting/Northing retained in raw download"}},{"type":"Feature","geometry":{"type":"Point","coordinates":[-8.027417,52.773001]},"properties":{"atco_code":"842000047","common_name":"Currabaha","common_name_ga":"Currach Beithí","stop_type":"BCT","bus_stop_type":"CUS","wheelchair_boarding":"","status":"active","modification_datetime":"2025-05-29T12:00:13.506","coordinate_source":"NaPTAN Latitude/Longitude fields (WGS 84); ITM Easting/Northing retained in raw download"}},{"type":"Feature","geometry":{"type":"Point","coordinates":[-8.036121,52.850131]},"properties":{"atco_code":"842000052","common_name":"Toomevara","common_name_ga":"Tuaim Uí Mheára","stop_type":"BCT","bus_stop_type":"CUS","wheelchair_boarding":"","status":"active","modification_datetime":"2026-09-17T14:02:22.499","coordinate_source":"NaPTAN Latitude/Longitude fields (WGS 84); ITM Easting/Northing retained in raw download"}},{"type":"Feature","geometry":{"type":"Point","coordinates":[-8.090486,52.827813]},"properties":{"atco_code":"842000057","common_name":"Ballincurry","common_name_ga":"Baile an Churraigh","stop_type":"BCT","bus_stop_type":"CUS","wheelchair_boarding":"","status":"active","modification_datetime":"2026-09-17T14:02:22.499","coordinate_source":"NaPTAN Latitude/Longitude fields (WGS 84); ITM Easting/Northing retained in raw download"}},{"type":"Feature","geometry":{"type":"Point","coordinates":[-8.090382,52.827894]},"properties":{"atco_code":"842000058","common_name":"Ballincurry","common_name_ga":"Baile an Churraigh","stop_type":"BCT","bus_stop_type":"CUS","wheelchair_boarding":"","status":"active","modification_datetime":"2026-09-17T14:02:22.499","coordinate_source":"NaPTAN Latitude/Longitude fields (WGS 84); ITM Easting/Northing retained in raw download"}},{"type":"Feature","geometry":{"type":"Point","coordinates":[-7.931816,52.742983]},"properties":{"atco_code":"842000064","common_name":"Rathmoy","common_name_ga":"Ráth Mhaí","stop_type":"BCT","bus_stop_type":"CUS","wheelchair_boarding":"","status":"active","modification_datetime":"2026-09-17T14:02:22.499","coordinate_source":"NaPTAN Latitude/Longitude fields (WGS 84); ITM Easting/Northing retained in raw download"}},{"type":"Feature","geometry":{"type":"Point","coordinates":[-7.931964,52.742848]},"properties":{"atco_code":"842000065","common_name":"Rathmoy","common_name_ga":"Ráth Mhaí","stop_type":"BCT","bus_stop_type":"CUS","wheelchair_boarding":"","status":"active","modification_datetime":"2026-09-17T14:02:22.499","coordinate_source":"NaPTAN Latitude/Longitude fields (WGS 84); ITM Easting/Northing retained in raw download"}},{"type":"Feature","geometry":{"type":"Point","coordinates":[-7.8135359,52.6791855]},"properties":{"atco_code":"8420TR000216","common_name":"The Arch Bar","common_name_ga":"","stop_type":"TXR","bus_stop_type":"","wheelchair_boarding":"","status":"active","modification_datetime":"1969-12-31T23:00:00.000","coordinate_source":"NaPTAN Latitude/Longitude fields (WGS 84); ITM Easting/Northing retained in raw download"}},{"type":"Feature","geometry":{"type":"Point","coordinates":[-7.821635,52.67669]},"properties":{"atco_code":"8420TR000218","common_name":"Thurles Station","common_name_ga":"Stáisiún Dhurlais","stop_type":"TXR","bus_stop_type":"","wheelchair_boarding":"","status":"active","modification_datetime":"2025-03-21T10:55:59.001","coordinate_source":"NaPTAN Latitude/Longitude fields (WGS 84); ITM Easting/Northing retained in raw download"}},{"type":"Feature","geometry":{"type":"Point","coordinates":[-8.052898,52.801789]},"properties":{"atco_code":"8420PB002879","common_name":"Latteragh","common_name_ga":"Leatracha","stop_type":"BCT","bus_stop_type":"CUS","wheelchair_boarding":"","status":"active","modification_datetime":"2026-09-17T14:02:22.499","coordinate_source":"NaPTAN Latitude/Longitude fields (WGS 84); ITM Easting/Northing retained in raw download"}},{"type":"Feature","geometry":{"type":"Point","coordinates":[-8.053224,52.80178]},"properties":{"atco_code":"8420PB002877","common_name":"Latteragh","common_name_ga":"Leatracha","stop_type":"BCT","bus_stop_type":"CUS","wheelchair_boarding":"","status":"active","modification_datetime":"2026-09-17T14:02:22.499","coordinate_source":"NaPTAN Latitude/Longitude fields (WGS 84); ITM Easting/Northing retained in raw download"}},{"type":"Feature","geometry":{"type":"Point","coordinates":[-7.797499,52.955018]},"properties":{"atco_code":"8420B155531","common_name":"Roscrea Castle Street","common_name_ga":"Ros Cré Sráid an Chaisleáin","stop_type":"BCT","bus_stop_type":"MKD","wheelchair_boarding":"","status":"active","modification_datetime":"2026-09-17T14:02:22.499","coordinate_source":"NaPTAN Latitude/Longitude fields (WGS 84); ITM Easting/Northing retained in raw download"}},{"type":"Feature","geometry":{"type":"Point","coordinates":[-7.797604,52.955153]},"properties":{"atco_code":"8420B4552901","common_name":"Roscrea Castle Street","common_name_ga":"Ros Cré Sráid an Chaisleáin","stop_type":"BCT","bus_stop_type":"CUS","wheelchair_boarding":"","status":"active","modification_datetime":"2026-09-17T14:02:22.499","coordinate_source":"NaPTAN Latitude/Longitude fields (WGS 84); ITM Easting/Northing retained in raw download"}},{"type":"Feature","geometry":{"type":"Point","coordinates":[-8.12777,52.99386]},"properties":{"atco_code":"8420B4502101","common_name":"Borrisokane","common_name_ga":"Buiríos Uí Chéin","stop_type":"BCT","bus_stop_type":"CUS","wheelchair_boarding":"","status":"active","modification_datetime":"2026-09-17T14:02:22.499","coordinate_source":"NaPTAN Latitude/Longitude fields (WGS 84); ITM Easting/Northing retained in raw download"}},{"type":"Feature","geometry":{"type":"Point","coordinates":[-8.436469,52.807649]},"properties":{"atco_code":"8420B6354901","common_name":"Ballina","common_name_ga":"Béal an Átha","stop_type":"BCT","bus_stop_type":"MKD","wheelchair_boarding":"","status":"active","modification_datetime":"2026-09-17T14:02:22.499","coordinate_source":"NaPTAN Latitude/Longitude fields (WGS 84); ITM Easting/Northing retained in raw download"}},{"type":"Feature","geometry":{"type":"Point","coordinates":[-8.19884,52.86428]},"properties":{"atco_code":"8420B155481","common_name":"Nenagh","common_name_ga":"An tAonach","stop_type":"BCT","bus_stop_type":"MKD","wheelchair_boarding":"","status":"active","modification_datetime":"2026-09-17T14:02:22.499","coordinate_source":"NaPTAN Latitude/Longitude fields (WGS 84); ITM Easting/Northing retained in raw download"}},{"type":"Feature","geometry":{"type":"Point","coordinates":[-8.19808,52.8638]},"properties":{"atco_code":"8420B4553001","common_name":"Nenagh","common_name_ga":"An tAonach","stop_type":"BCT","bus_stop_type":"MKD","wheelchair_boarding":"","status":"active","modification_datetime":"2026-09-17T14:02:22.499","coordinate_source":"NaPTAN Latitude/Longitude fields (WGS 84); ITM Easting/Northing retained in raw download"}},{"type":"Feature","geometry":{"type":"Point","coordinates":[-8.4073744,52.7113844]},"properties":{"atco_code":"8420B3360901","common_name":"Newport","common_name_ga":"An Port Nua","stop_type":"BCT","bus_stop_type":"CUS","wheelchair_boarding":"","status":"active","modification_datetime":"2026-09-17T14:02:22.499","coordinate_source":"NaPTAN Latitude/Longitude fields (WGS 84); ITM Easting/Northing retained in raw download"}},{"type":"Feature","geometry":{"type":"Point","coordinates":[-7.7113784,52.6725544]},"properties":{"atco_code":"842000075","common_name":"Twomileborris","common_name_ga":"Buiríos Léith","stop_type":"BCT","bus_stop_type":"CUS","wheelchair_boarding":"","status":"active","modification_datetime":"2026-09-17T14:02:22.499","coordinate_source":"NaPTAN Latitude/Longitude fields (WGS 84); ITM Easting/Northing retained in raw download"}},{"type":"Feature","geometry":{"type":"Point","coordinates":[-7.73898,52.63897]},"properties":{"atco_code":"842000085","common_name":"Littleton","common_name_ga":"An Baile Beag","stop_type":"BCT","bus_stop_type":"CUS","wheelchair_boarding":"","status":"active","modification_datetime":"2026-09-17T14:02:22.499","coordinate_source":"NaPTAN Latitude/Longitude fields (WGS 84); ITM Easting/Northing retained in raw download"}},{"type":"Feature","geometry":{"type":"Point","coordinates":[-7.73877,52.63887]},"properties":{"atco_code":"842000086","common_name":"Littleton","common_name_ga":"An Baile Beag","stop_type":"BCT","bus_stop_type":"CUS","wheelchair_boarding":"","status":"active","modification_datetime":"2026-09-17T14:02:22.499","coordinate_source":"NaPTAN Latitude/Longitude fields (WGS 84); ITM Easting/Northing retained in raw download"}},{"type":"Feature","geometry":{"type":"Point","coordinates":[-7.8334373,52.7966506]},"properties":{"atco_code":"842000097","common_name":"Templemore","common_name_ga":"An Teampall Mór","stop_type":"BCT","bus_stop_type":"CUS","wheelchair_boarding":"","status":"active","modification_datetime":"2026-09-17T14:02:22.499","coordinate_source":"NaPTAN Latitude/Longitude fields (WGS 84); ITM Easting/Northing retained in raw download"}},{"type":"Feature","geometry":{"type":"Point","coordinates":[-7.72313,52.78806]},"properties":{"atco_code":"842000106","common_name":"Templetouhy","common_name_ga":"Teampall Tuaithe","stop_type":"BCT","bus_stop_type":"CUS","wheelchair_boarding":"","status":"active","modification_datetime":"2026-09-17T14:02:22.499","coordinate_source":"NaPTAN Latitude/Longitude fields (WGS 84); ITM Easting/Northing retained in raw download"}},{"type":"Feature","geometry":{"type":"Point","coordinates":[-8.126832,52.835266]},"properties":{"atco_code":"842000111","common_name":"Kilkeary","common_name_ga":"Cill Chéire","stop_type":"BCT","bus_stop_type":"CUS","wheelchair_boarding":"","status":"active","modification_datetime":"2026-09-17T14:02:22.499","coordinate_source":"NaPTAN Latitude/Longitude fields (WGS 84); ITM Easting/Northing retained in raw download"}},{"type":"Feature","geometry":{"type":"Point","coordinates":[-7.7139,52.73397]},"properties":{"atco_code":"842000116","common_name":"Moyne","common_name_ga":"An Mhaighean","stop_type":"BCT","bus_stop_type":"CUS","wheelchair_boarding":"","status":"active","modification_datetime":"2026-09-17T14:02:22.499","coordinate_source":"NaPTAN Latitude/Longitude fields (WGS 84); ITM Easting/Northing retained in raw download"}},{"type":"Feature","geometry":{"type":"Point","coordinates":[-8.003985,52.754723]},"properties":{"atco_code":"842000126","common_name":"Glennanoge","common_name_ga":"Gleann na nÓg","stop_type":"BCT","bus_stop_type":"CUS","wheelchair_boarding":"","status":"active","modification_datetime":"2026-09-17T14:02:22.499","coordinate_source":"NaPTAN Latitude/Longitude fields (WGS 84); ITM Easting/Northing retained in raw download"}},{"type":"Feature","geometry":{"type":"Point","coordinates":[-8.004163,52.754579]},"properties":{"atco_code":"842000127","common_name":"Glennanoge","common_name_ga":"Gleann na nÓg","stop_type":"BCT","bus_stop_type":"CUS","wheelchair_boarding":"","status":"active","modification_datetime":"2026-09-17T14:02:22.499","coordinate_source":"NaPTAN Latitude/Longitude fields (WGS 84); ITM Easting/Northing retained in raw download"}},{"type":"Feature","geometry":{"type":"Point","coordinates":[-7.814231,52.679106]},"properties":{"atco_code":"8420PB002885","common_name":"Thurles","common_name_ga":"Durlas","stop_type":"BCT","bus_stop_type":"CUS","wheelchair_boarding":"","status":"active","modification_datetime":"2026-09-17T14:02:22.499","coordinate_source":"NaPTAN Latitude/Longitude fields (WGS 84); ITM Easting/Northing retained in raw download"}},{"type":"Feature","geometry":{"type":"Point","coordinates":[-7.814231,52.679106]},"properties":{"atco_code":"842000138","common_name":"Thurles","common_name_ga":"Durlas","stop_type":"BCT","bus_stop_type":"CUS","wheelchair_boarding":"","status":"active","modification_datetime":"2026-09-17T14:02:22.499","coordinate_source":"NaPTAN Latitude/Longitude fields (WGS 84); ITM Easting/Northing retained in raw download"}},{"type":"Feature","geometry":{"type":"Point","coordinates":[-8.238486,52.931982]},"properties":{"atco_code":"8420B3513801","common_name":"Puckaun","common_name_ga":"Pocán","stop_type":"BCT","bus_stop_type":"CUS","wheelchair_boarding":"","status":"active","modification_datetime":"2026-09-17T14:02:22.499","coordinate_source":"NaPTAN Latitude/Longitude fields (WGS 84); ITM Easting/Northing retained in raw download"}},{"type":"Feature","geometry":{"type":"Point","coordinates":[-8.43981,52.766]},"properties":{"atco_code":"8420B450201","common_name":"Birdhill","common_name_ga":"Cnocán an Éin Fhinn","stop_type":"BCT","bus_stop_type":"MKD","wheelchair_boarding":"","status":"active","modification_datetime":"2026-09-17T14:02:22.499","coordinate_source":"NaPTAN Latitude/Longitude fields (WGS 84); ITM Easting/Northing retained in raw download"}},{"type":"Feature","geometry":{"type":"Point","coordinates":[-8.1234216,53.0923665]},"properties":{"atco_code":"8420B3513301","common_name":"Lorrha","common_name_ga":"Lothra","stop_type":"BCT","bus_stop_type":"CUS","wheelchair_boarding":"","status":"active","modification_datetime":"2026-09-17T14:02:22.499","coordinate_source":"NaPTAN Latitude/Longitude fields (WGS 84); ITM Easting/Northing retained in raw download"}},{"type":"Feature","geometry":{"type":"Point","coordinates":[-8.195602,52.860734]},"properties":{"atco_code":"8420B2019401","common_name":"Nenagh Station","common_name_ga":"Stáisiún an Aonaigh","stop_type":"BCT","bus_stop_type":"CUS","wheelchair_boarding":"","status":"active","modification_datetime":"2026-09-17T14:02:22.499","coordinate_source":"NaPTAN Latitude/Longitude fields (WGS 84); ITM Easting/Northing retained in raw download"}},{"type":"Feature","geometry":{"type":"Point","coordinates":[-8.2949185,52.8783871]},"properties":{"atco_code":"8420B3327201","common_name":"Newtown","common_name_ga":"An Baile Nua","stop_type":"BCT","bus_stop_type":"CUS","wheelchair_boarding":"","status":"active","modification_datetime":"2026-09-17T14:02:22.499","coordinate_source":"NaPTAN Latitude/Longitude fields (WGS 84); ITM Easting/Northing retained in raw download"}},{"type":"Feature","geometry":{"type":"Point","coordinates":[-8.2953954,52.8786106]},"properties":{"atco_code":"8420B3375701","common_name":"Newtown","common_name_ga":"An Baile Nua","stop_type":"BCT","bus_stop_type":"CUS","wheelchair_boarding":"","status":"active","modification_datetime":"2026-09-17T14:02:22.499","coordinate_source":"NaPTAN Latitude/Longitude fields (WGS 84); ITM Easting/Northing retained in raw download"}},{"type":"Feature","geometry":{"type":"Point","coordinates":[-8.298723,52.878557]},"properties":{"atco_code":"8420B3345201","common_name":"Youghalarra School","common_name_ga":"Scoil Eochaille Ara","stop_type":"BCT","bus_stop_type":"CUS","wheelchair_boarding":"","status":"active","modification_datetime":"2026-09-17T14:02:22.499","coordinate_source":"NaPTAN Latitude/Longitude fields (WGS 84); ITM Easting/Northing retained in raw download"}},{"type":"Feature","geometry":{"type":"Point","coordinates":[-8.298738,52.878656]},"properties":{"atco_code":"8420B3375601","common_name":"Youghalarra School","common_name_ga":"Scoil Eochaille Ara","stop_type":"BCT","bus_stop_type":"CUS","wheelchair_boarding":"","status":"active","modification_datetime":"2026-09-17T14:02:22.499","coordinate_source":"NaPTAN Latitude/Longitude fields (WGS 84); ITM Easting/Northing retained in raw download"}},{"type":"Feature","geometry":{"type":"Point","coordinates":[-8.3438462,52.8849334]},"properties":{"atco_code":"8420B3345301","common_name":"Portroe","common_name_ga":"An Port Rua","stop_type":"BCT","bus_stop_type":"CUS","wheelchair_boarding":"","status":"active","modification_datetime":"2026-09-17T14:02:22.499","coordinate_source":"NaPTAN Latitude/Longitude fields (WGS 84); ITM Easting/Northing retained in raw download"}},{"type":"Feature","geometry":{"type":"Point","coordinates":[-8.3443355,52.8848061]},"properties":{"atco_code":"8420B4501801","common_name":"Portroe","common_name_ga":"An Port Rua","stop_type":"BCT","bus_stop_type":"CUS","wheelchair_boarding":"","status":"active","modification_datetime":"2026-09-17T14:02:22.499","coordinate_source":"NaPTAN Latitude/Longitude fields (WGS 84); ITM Easting/Northing retained in raw download"}},{"type":"Feature","geometry":{"type":"Point","coordinates":[-8.2250972,52.9875952]},"properties":{"atco_code":"8420B4553101","common_name":"Kilbarron","common_name_ga":"Cill Bharráin","stop_type":"BCT","bus_stop_type":"CUS","wheelchair_boarding":"","status":"active","modification_datetime":"2026-09-17T14:02:22.499","coordinate_source":"NaPTAN Latitude/Longitude fields (WGS 84); ITM Easting/Northing retained in raw download"}},{"type":"Feature","geometry":{"type":"Point","coordinates":[-8.15696,52.93481]},"properties":{"atco_code":"8420B3338701","common_name":"Ardcroney","common_name_ga":"Ard Cróine","stop_type":"BCT","bus_stop_type":"MKD","wheelchair_boarding":"","status":"active","modification_datetime":"2026-09-17T14:02:22.499","coordinate_source":"NaPTAN Latitude/Longitude fields (WGS 84); ITM Easting/Northing retained in raw download"}},{"type":"Feature","geometry":{"type":"Point","coordinates":[-8.175317,52.915895]},"properties":{"atco_code":"8420B4553201","common_name":"Lahorna","common_name_ga":"Loch Eorna","stop_type":"BCT","bus_stop_type":"CUS","wheelchair_boarding":"","status":"active","modification_datetime":"2026-09-17T14:02:22.499","coordinate_source":"NaPTAN Latitude/Longitude fields (WGS 84); ITM Easting/Northing retained in raw download"}},{"type":"Feature","geometry":{"type":"Point","coordinates":[-8.427391,52.709211]},"properties":{"atco_code":"8420B3360801","common_name":"Shower","common_name_ga":"Seabhair","stop_type":"BCT","bus_stop_type":"CUS","wheelchair_boarding":"","status":"active","modification_datetime":"2026-09-17T14:02:22.499","coordinate_source":"NaPTAN Latitude/Longitude fields (WGS 84); ITM Easting/Northing retained in raw download"}},{"type":"Feature","geometry":{"type":"Point","coordinates":[-8.3225851,52.6946492]},"properties":{"atco_code":"8420B3349701","common_name":"Lackamore","common_name_ga":"An Leaca Mhór","stop_type":"BCT","bus_stop_type":"CUS","wheelchair_boarding":"","status":"active","modification_datetime":"2026-09-17T14:02:22.499","coordinate_source":"NaPTAN Latitude/Longitude fields (WGS 84); ITM Easting/Northing retained in raw download"}},{"type":"Feature","geometry":{"type":"Point","coordinates":[-8.0323252,53.0165996]},"properties":{"atco_code":"8420B3339101","common_name":"Ballingarry","common_name_ga":"Baile an Gharraí","stop_type":"BCT","bus_stop_type":"CUS","wheelchair_boarding":"","status":"active","modification_datetime":"2026-09-17T14:02:22.499","coordinate_source":"NaPTAN Latitude/Longitude fields (WGS 84); ITM Easting/Northing retained in raw download"}},{"type":"Feature","geometry":{"type":"Point","coordinates":[-8.238551,52.932012]},"properties":{"atco_code":"8420B351391","common_name":"Puckaun","common_name_ga":"Pocán","stop_type":"BCT","bus_stop_type":"CUS","wheelchair_boarding":"","status":"active","modification_datetime":"2026-09-17T14:02:22.499","coordinate_source":"NaPTAN Latitude/Longitude fields (WGS 84); ITM Easting/Northing retained in raw download"}},{"type":"Feature","geometry":{"type":"Point","coordinates":[-8.251162,52.982807]},"properties":{"atco_code":"8420B351401","common_name":"Coolbawn","common_name_ga":"An Chúil Bhán","stop_type":"BCT","bus_stop_type":"CUS","wheelchair_boarding":"","status":"active","modification_datetime":"2026-09-17T14:02:22.499","coordinate_source":"NaPTAN Latitude/Longitude fields (WGS 84); ITM Easting/Northing retained in raw download"}},{"type":"Feature","geometry":{"type":"Point","coordinates":[-8.22091,53.025189]},"properties":{"atco_code":"8420B351411","common_name":"Ballinderry","common_name_ga":"Baile an Doire","stop_type":"BCT","bus_stop_type":"CUS","wheelchair_boarding":"","status":"active","modification_datetime":"2026-09-17T14:02:22.499","coordinate_source":"NaPTAN Latitude/Longitude fields (WGS 84); ITM Easting/Northing retained in raw download"}},{"type":"Feature","geometry":{"type":"Point","coordinates":[-8.1994108,53.0564758]},"properties":{"atco_code":"8420B351421","common_name":"Terryglass","common_name_ga":"Tír Dhá Ghlas","stop_type":"BCT","bus_stop_type":"CUS","wheelchair_boarding":"","status":"active","modification_datetime":"2026-09-17T14:02:22.499","coordinate_source":"NaPTAN Latitude/Longitude fields (WGS 84); ITM Easting/Northing retained in raw download"}},{"type":"Feature","geometry":{"type":"Point","coordinates":[-8.14486,53.06556]},"properties":{"atco_code":"8420B351431","common_name":"Carrigahorig","common_name_ga":"Carraig an Chomhraic","stop_type":"BCT","bus_stop_type":"CUS","wheelchair_boarding":"","status":"active","modification_datetime":"2026-09-17T14:02:22.499","coordinate_source":"NaPTAN Latitude/Longitude fields (WGS 84); ITM Easting/Northing retained in raw download"}},{"type":"Feature","geometry":{"type":"Point","coordinates":[-8.436247,52.807686]},"properties":{"atco_code":"8420B331791","common_name":"Ballina","common_name_ga":"Béal an Átha","stop_type":"BCT","bus_stop_type":"CUS","wheelchair_boarding":"","status":"active","modification_datetime":"2026-09-17T14:02:22.499","coordinate_source":"NaPTAN Latitude/Longitude fields (WGS 84); ITM Easting/Northing retained in raw download"}},{"type":"Feature","geometry":{"type":"Point","coordinates":[-8.4090202,52.7117113]},"properties":{"atco_code":"8420B335071","common_name":"Newport","common_name_ga":"An Port Nua","stop_type":"BCT","bus_stop_type":"CUS","wheelchair_boarding":"","status":"active","modification_datetime":"2026-09-17T14:02:22.499","coordinate_source":"NaPTAN Latitude/Longitude fields (WGS 84); ITM Easting/Northing retained in raw download"}},{"type":"Feature","geometry":{"type":"Point","coordinates":[-8.427597,52.709075]},"properties":{"atco_code":"8420B335061","common_name":"Shower","common_name_ga":"Seabhair","stop_type":"BCT","bus_stop_type":"CUS","wheelchair_boarding":"","status":"active","modification_datetime":"2026-09-17T14:02:22.499","coordinate_source":"NaPTAN Latitude/Longitude fields (WGS 84); ITM Easting/Northing retained in raw download"}},{"type":"Feature","geometry":{"type":"Point","coordinates":[-8.23801,52.68643]},"properties":{"atco_code":"8420B335091","common_name":"Rearcross","common_name_ga":"Crois na Rae","stop_type":"BCT","bus_stop_type":"CUS","wheelchair_boarding":"","status":"active","modification_datetime":"2026-09-24T09:16:55.793","coordinate_source":"NaPTAN Latitude/Longitude fields (WGS 84); ITM Easting/Northing retained in raw download"}},{"type":"Feature","geometry":{"type":"Point","coordinates":[-8.322141,52.6945965]},"properties":{"atco_code":"8420B335081","common_name":"Lackamore","common_name_ga":"An Leaca Mhór","stop_type":"BCT","bus_stop_type":"CUS","wheelchair_boarding":"","status":"active","modification_datetime":"2026-09-17T14:02:22.499","coordinate_source":"NaPTAN Latitude/Longitude fields (WGS 84); ITM Easting/Northing retained in raw download"}},{"type":"Feature","geometry":{"type":"Point","coordinates":[-8.12756,52.99414]},"properties":{"atco_code":"8420B450271","common_name":"Borrisokane","common_name_ga":"Buiríos Uí Chéin","stop_type":"BCT","bus_stop_type":"MKD","wheelchair_boarding":"","status":"active","modification_datetime":"2026-09-17T14:02:22.499","coordinate_source":"NaPTAN Latitude/Longitude fields (WGS 84); ITM Easting/Northing retained in raw download"}},{"type":"Feature","geometry":{"type":"Point","coordinates":[-8.0296588,53.0185416]},"properties":{"atco_code":"8420B333901","common_name":"Ballingarry","common_name_ga":"Baile an Gharraí","stop_type":"BCT","bus_stop_type":"CUS","wheelchair_boarding":"","status":"active","modification_datetime":"2026-09-17T14:02:22.499","coordinate_source":"NaPTAN Latitude/Longitude fields (WGS 84); ITM Easting/Northing retained in raw download"}},{"type":"Feature","geometry":{"type":"Point","coordinates":[-8.175554,52.915877]},"properties":{"atco_code":"8420B455341","common_name":"Lahorna","common_name_ga":"Loch Eorna","stop_type":"BCT","bus_stop_type":"CUS","wheelchair_boarding":"","status":"active","modification_datetime":"2026-09-17T14:02:22.499","coordinate_source":"NaPTAN Latitude/Longitude fields (WGS 84); ITM Easting/Northing retained in raw download"}},{"type":"Feature","geometry":{"type":"Point","coordinates":[-8.15591,52.93573]},"properties":{"atco_code":"8420B455351","common_name":"Ardcroney","common_name_ga":"Ard Cróine","stop_type":"BCT","bus_stop_type":"MKD","wheelchair_boarding":"","status":"active","modification_datetime":"2026-09-17T14:02:22.499","coordinate_source":"NaPTAN Latitude/Longitude fields (WGS 84); ITM Easting/Northing retained in raw download"}},{"type":"Feature","geometry":{"type":"Point","coordinates":[-8.132538,52.988417]},"properties":{"atco_code":"8420B455361","common_name":"Bushy Park Home","common_name_ga":"Teach Pháirc na dTor","stop_type":"BCT","bus_stop_type":"CUS","wheelchair_boarding":"","status":"active","modification_datetime":"2026-09-17T14:02:22.499","coordinate_source":"NaPTAN Latitude/Longitude fields (WGS 84); ITM Easting/Northing retained in raw download"}},{"type":"Feature","geometry":{"type":"Point","coordinates":[-8.22547,52.987595]},"properties":{"atco_code":"8420B455381","common_name":"Kilbarron","common_name_ga":"Cill Bharráin","stop_type":"BCT","bus_stop_type":"CUS","wheelchair_boarding":"","status":"active","modification_datetime":"2026-09-17T14:02:22.499","coordinate_source":"NaPTAN Latitude/Longitude fields (WGS 84); ITM Easting/Northing retained in raw download"}},{"type":"Feature","geometry":{"type":"Point","coordinates":[-8.132225,52.988364]},"properties":{"atco_code":"8420B455371","common_name":"Bushy Park Home","common_name_ga":"Teach Pháirc na dTor","stop_type":"BCT","bus_stop_type":"CUS","wheelchair_boarding":"","status":"active","modification_datetime":"2026-09-17T14:02:22.499","coordinate_source":"NaPTAN Latitude/Longitude fields (WGS 84); ITM Easting/Northing retained in raw download"}},{"type":"Feature","geometry":{"type":"Point","coordinates":[-8.3815868,52.7681749]},"properties":{"atco_code":"8420B145691","common_name":"Ballinahinch","common_name_ga":"Baile na hInse","stop_type":"BCT","bus_stop_type":"MKD","wheelchair_boarding":"","status":"active","modification_datetime":"2026-09-17T14:02:23.067","coordinate_source":"NaPTAN Latitude/Longitude fields (WGS 84); ITM Easting/Northing retained in raw download"}},{"type":"Feature","geometry":{"type":"Point","coordinates":[-8.29109,52.794649]},"properties":{"atco_code":"8420B145711","common_name":"Shallee","common_name_ga":"Sealaí","stop_type":"BCT","bus_stop_type":"MKD","wheelchair_boarding":"","status":"active","modification_datetime":"2026-09-17T14:02:23.067","coordinate_source":"NaPTAN Latitude/Longitude fields (WGS 84); ITM Easting/Northing retained in raw download"}},{"type":"Feature","geometry":{"type":"Point","coordinates":[-8.23702,52.79509]},"properties":{"atco_code":"8420B337711","common_name":"Silvermines","common_name_ga":"Béal Átha Gabhann","stop_type":"BCT","bus_stop_type":"MKD","wheelchair_boarding":"","status":"active","modification_datetime":"2026-09-17T14:02:22.499","coordinate_source":"NaPTAN Latitude/Longitude fields (WGS 84); ITM Easting/Northing retained in raw download"}},{"type":"Feature","geometry":{"type":"Point","coordinates":[-8.23673,52.79522]},"properties":{"atco_code":"8420B145731","common_name":"Silvermines","common_name_ga":"Béal Átha Gabhann","stop_type":"BCT","bus_stop_type":"MKD","wheelchair_boarding":"","status":"active","modification_datetime":"2026-09-17T14:02:22.499","coordinate_source":"NaPTAN Latitude/Longitude fields (WGS 84); ITM Easting/Northing retained in raw download"}},{"type":"Feature","geometry":{"type":"Point","coordinates":[-8.291327,52.794603]},"properties":{"atco_code":"8420B145721","common_name":"Shallee","common_name_ga":"Sealaí","stop_type":"BCT","bus_stop_type":"MKD","wheelchair_boarding":"","status":"active","modification_datetime":"2026-09-17T14:02:23.067","coordinate_source":"NaPTAN Latitude/Longitude fields (WGS 84); ITM Easting/Northing retained in raw download"}},{"type":"Feature","geometry":{"type":"Point","coordinates":[-8.381349,52.768131]},"properties":{"atco_code":"8420B145701","common_name":"Ballinahinch","common_name_ga":"Baile na hInse","stop_type":"BCT","bus_stop_type":"MKD","wheelchair_boarding":"","status":"active","modification_datetime":"2026-09-17T14:02:23.067","coordinate_source":"NaPTAN Latitude/Longitude fields (WGS 84); ITM Easting/Northing retained in raw download"}},{"type":"Feature","geometry":{"type":"Point","coordinates":[-7.813004,52.678969]},"properties":{"atco_code":"8420TR000217","common_name":"Bank Of Ireland","common_name_ga":"","stop_type":"TXR","bus_stop_type":"","wheelchair_boarding":"","status":"active","modification_datetime":"2022-08-30T10:41:44.000","coordinate_source":"NaPTAN Latitude/Longitude fields (WGS 84); ITM Easting/Northing retained in raw download"}},{"type":"Feature","geometry":{"type":"Point","coordinates":[-7.711378,52.67259]},"properties":{"atco_code":"842000076","common_name":"Twomileborris","common_name_ga":"Buiríos Léith","stop_type":"BCT","bus_stop_type":"CUS","wheelchair_boarding":"","status":"active","modification_datetime":"2026-09-17T14:02:22.499","coordinate_source":"NaPTAN Latitude/Longitude fields (WGS 84); ITM Easting/Northing retained in raw download"}},{"type":"Feature","geometry":{"type":"Point","coordinates":[-7.83371,52.79661]},"properties":{"atco_code":"842000100","common_name":"Templemore","common_name_ga":"An Teampall Mór","stop_type":"BCT","bus_stop_type":"CUS","wheelchair_boarding":"","status":"active","modification_datetime":"2026-09-17T14:02:22.499","coordinate_source":"NaPTAN Latitude/Longitude fields (WGS 84); ITM Easting/Northing retained in raw download"}},{"type":"Feature","geometry":{"type":"Point","coordinates":[-8.218573,52.860505]},"properties":{"atco_code":"8420LL10391","common_name":"Nenagh Retail Park","common_name_ga":"Páirc Mhiondíola an Aonaigh","stop_type":"BCT","bus_stop_type":"CUS","wheelchair_boarding":"","status":"active","modification_datetime":"2025-03-21T10:55:59.001","coordinate_source":"NaPTAN Latitude/Longitude fields (WGS 84); ITM Easting/Northing retained in raw download"}},{"type":"Feature","geometry":{"type":"Point","coordinates":[-8.216853,52.861011]},"properties":{"atco_code":"8420LL10392","common_name":"Nenagh Retail Park","common_name_ga":"Páirc Mhiondíola an Aonaigh","stop_type":"BCT","bus_stop_type":"CUS","wheelchair_boarding":"","status":"active","modification_datetime":"2026-09-17T14:02:22.499","coordinate_source":"NaPTAN Latitude/Longitude fields (WGS 84); ITM Easting/Northing retained in raw download"}},{"type":"Feature","geometry":{"type":"Point","coordinates":[-8.201253,52.875446]},"properties":{"atco_code":"8420B155421","common_name":"Drummin Village","common_name_ga":"Sráidbhaile na Dromann","stop_type":"BCT","bus_stop_type":"MKD","wheelchair_boarding":"","status":"active","modification_datetime":"2026-09-17T14:02:22.499","coordinate_source":"NaPTAN Latitude/Longitude fields (WGS 84); ITM Easting/Northing retained in raw download"}},{"type":"Feature","geometry":{"type":"Point","coordinates":[-8.201372,52.875311]},"properties":{"atco_code":"8420B301281","common_name":"Drummin Village","common_name_ga":"Sráidbhaile na Dromann","stop_type":"BCT","bus_stop_type":"MKD","wheelchair_boarding":"","status":"active","modification_datetime":"2026-09-17T14:02:22.499","coordinate_source":"NaPTAN Latitude/Longitude fields (WGS 84); ITM Easting/Northing retained in raw download"}},{"type":"Feature","geometry":{"type":"Point","coordinates":[-8.195597,52.866279]},"properties":{"atco_code":"8420B300151","common_name":"Summerhill","common_name_ga":"Cnocán Doire","stop_type":"BCT","bus_stop_type":"MKD","wheelchair_boarding":"","status":"active","modification_datetime":"2026-09-17T14:02:23.067","coordinate_source":"NaPTAN Latitude/Longitude fields (WGS 84); ITM Easting/Northing retained in raw download"}},{"type":"Feature","geometry":{"type":"Point","coordinates":[-8.195775,52.866306]},"properties":{"atco_code":"8420B301191","common_name":"Summerhill","common_name_ga":"Cnocán Doire","stop_type":"BCT","bus_stop_type":"CUS","wheelchair_boarding":"","status":"active","modification_datetime":"2026-09-17T14:02:22.499","coordinate_source":"NaPTAN Latitude/Longitude fields (WGS 84); ITM Easting/Northing retained in raw download"}},{"type":"Feature","geometry":{"type":"Point","coordinates":[-8.216453,52.861057]},"properties":{"atco_code":"8420B300201","common_name":"Nenagh Retail Park","common_name_ga":"Páirc Mhiondíola an Aonaigh","stop_type":"BCT","bus_stop_type":"MKD","wheelchair_boarding":"","status":"active","modification_datetime":"2025-11-03T14:45:19.036","coordinate_source":"NaPTAN Latitude/Longitude fields (WGS 84); ITM Easting/Northing retained in raw download"}},{"type":"Feature","geometry":{"type":"Point","coordinates":[-8.218573,52.860514]},"properties":{"atco_code":"8420B300211","common_name":"Nenagh Retail Park","common_name_ga":"Páirc Mhiondíola an Aonaigh","stop_type":"BCT","bus_stop_type":"MKD","wheelchair_boarding":"","status":"active","modification_datetime":"2026-09-17T14:02:22.499","coordinate_source":"NaPTAN Latitude/Longitude fields (WGS 84); ITM Easting/Northing retained in raw download"}},{"type":"Feature","geometry":{"type":"Point","coordinates":[-8.204469,52.864224]},"properties":{"atco_code":"8420B301181","common_name":"Ashe Road","common_name_ga":"Bóthar an Ásaigh","stop_type":"BCT","bus_stop_type":"MKD","wheelchair_boarding":"","status":"active","modification_datetime":"2026-09-17T14:02:22.499","coordinate_source":"NaPTAN Latitude/Longitude fields (WGS 84); ITM Easting/Northing retained in raw download"}},{"type":"Feature","geometry":{"type":"Point","coordinates":[-8.197121,52.871579]},"properties":{"atco_code":"8420B301271","common_name":"Sallygrove","common_name_ga":"Garrán na Saileach","stop_type":"BCT","bus_stop_type":"MKD","wheelchair_boarding":"","status":"active","modification_datetime":"2026-09-17T14:02:22.499","coordinate_source":"NaPTAN Latitude/Longitude fields (WGS 84); ITM Easting/Northing retained in raw download"}},{"type":"Feature","geometry":{"type":"Point","coordinates":[-8.196824,52.871553]},"properties":{"atco_code":"8420B336531","common_name":"Sallygrove","common_name_ga":"Garrán na Saileach","stop_type":"BCT","bus_stop_type":"MKD","wheelchair_boarding":"","status":"active","modification_datetime":"2026-09-17T14:02:22.499","coordinate_source":"NaPTAN Latitude/Longitude fields (WGS 84); ITM Easting/Northing retained in raw download"}},{"type":"Feature","geometry":{"type":"Point","coordinates":[-8.441806,52.766173]},"properties":{"atco_code":"8420IR0101","common_name":"Birdhill","common_name_ga":"Cnocán an Éin Fhinn","stop_type":"RLY","bus_stop_type":"","wheelchair_boarding":"","status":"active","modification_datetime":"2026-09-02T10:40:48.427","coordinate_source":"NaPTAN Latitude/Longitude fields (WGS 84); ITM Easting/Northing retained in raw download"}},{"type":"Feature","geometry":{"type":"Point","coordinates":[-8.0246,52.936316]},"properties":{"atco_code":"8420IR0104","common_name":"Cloughjordan","common_name_ga":"Cloch Shiurdáin","stop_type":"RLY","bus_stop_type":"","wheelchair_boarding":"","status":"active","modification_datetime":"2026-09-02T10:41:07.259","coordinate_source":"NaPTAN Latitude/Longitude fields (WGS 84); ITM Easting/Northing retained in raw download"}},{"type":"Feature","geometry":{"type":"Point","coordinates":[-8.195742,52.860593]},"properties":{"atco_code":"8420IR0095","common_name":"Nenagh","common_name_ga":"An tAonach","stop_type":"RLY","bus_stop_type":"","wheelchair_boarding":"","status":"active","modification_datetime":"2026-09-02T10:30:29.649","coordinate_source":"NaPTAN Latitude/Longitude fields (WGS 84); ITM Easting/Northing retained in raw download"}},{"type":"Feature","geometry":{"type":"Point","coordinates":[-7.794415,52.960557]},"properties":{"atco_code":"8420IR0096","common_name":"Roscrea","common_name_ga":"Ros Cré","stop_type":"RLY","bus_stop_type":"","wheelchair_boarding":"","status":"active","modification_datetime":"2026-09-02T10:31:02.082","coordinate_source":"NaPTAN Latitude/Longitude fields (WGS 84); ITM Easting/Northing retained in raw download"}},{"type":"Feature","geometry":{"type":"Point","coordinates":[-7.821568,52.676987]},"properties":{"atco_code":"8420IR0098","common_name":"Thurles","common_name_ga":"Durlas","stop_type":"RLY","bus_stop_type":"","wheelchair_boarding":"","status":"active","modification_datetime":"2026-09-02T10:31:41.085","coordinate_source":"NaPTAN Latitude/Longitude fields (WGS 84); ITM Easting/Northing retained in raw download"}},{"type":"Feature","geometry":{"type":"Point","coordinates":[-7.822693,52.788104]},"properties":{"atco_code":"8420IR0097","common_name":"Templemore Station","common_name_ga":"Stáisiún An Teampall Mór","stop_type":"RLY","bus_stop_type":"","wheelchair_boarding":"","status":"active","modification_datetime":"2026-09-02T10:31:21.829","coordinate_source":"NaPTAN Latitude/Longitude fields (WGS 84); ITM Easting/Northing retained in raw download"}},{"type":"Feature","geometry":{"type":"Point","coordinates":[-7.77438,52.61703]},"properties":{"atco_code":"8420B338241","common_name":"Horse and Jockey","common_name_ga":"An Marcach","stop_type":"BCT","bus_stop_type":"CUS","wheelchair_boarding":"","status":"active","modification_datetime":"2026-09-17T14:02:22.499","coordinate_source":"NaPTAN Latitude/Longitude fields (WGS 84); ITM Easting/Northing retained in raw download"}},{"type":"Feature","geometry":{"type":"Point","coordinates":[-8.1442,53.06505]},"properties":{"atco_code":"8420B351341","common_name":"Carrigahorig","common_name_ga":"Carraig an Chomhraic","stop_type":"BCT","bus_stop_type":"MKD","wheelchair_boarding":"","status":"active","modification_datetime":"2026-04-01T14:12:15.001","coordinate_source":"NaPTAN Latitude/Longitude fields (WGS 84); ITM Easting/Northing retained in raw download"}},{"type":"Feature","geometry":{"type":"Point","coordinates":[-8.199385,53.056382]},"properties":{"atco_code":"8420B351351","common_name":"Terryglass","common_name_ga":"Tír Dhá Ghlas","stop_type":"BCT","bus_stop_type":"CUS","wheelchair_boarding":"","status":"active","modification_datetime":"2026-09-17T14:02:22.499","coordinate_source":"NaPTAN Latitude/Longitude fields (WGS 84); ITM Easting/Northing retained in raw download"}},{"type":"Feature","geometry":{"type":"Point","coordinates":[-8.220727,53.025161]},"properties":{"atco_code":"8420B351361","common_name":"Ballinderry","common_name_ga":"Baile an Doire","stop_type":"BCT","bus_stop_type":"CUS","wheelchair_boarding":"","status":"active","modification_datetime":"2026-09-17T14:02:22.499","coordinate_source":"NaPTAN Latitude/Longitude fields (WGS 84); ITM Easting/Northing retained in raw download"}},{"type":"Feature","geometry":{"type":"Point","coordinates":[-8.251007,52.982836]},"properties":{"atco_code":"8420B351371","common_name":"Coolbawn","common_name_ga":"An Chúil Bhán","stop_type":"BCT","bus_stop_type":"CUS","wheelchair_boarding":"","status":"active","modification_datetime":"2026-09-17T14:02:22.499","coordinate_source":"NaPTAN Latitude/Longitude fields (WGS 84); ITM Easting/Northing retained in raw download"}},{"type":"Feature","geometry":{"type":"Point","coordinates":[-8.237508,52.686455]},"properties":{"atco_code":"8420B334981","common_name":"Rearcross","common_name_ga":"Crois na Rae","stop_type":"BCT","bus_stop_type":"CUS","wheelchair_boarding":"","status":"active","modification_datetime":"2026-09-17T14:02:22.499","coordinate_source":"NaPTAN Latitude/Longitude fields (WGS 84); ITM Easting/Northing retained in raw download"}},{"type":"Feature","geometry":{"type":"Point","coordinates":[-8.035854,52.850032]},"properties":{"atco_code":"8420B450221","common_name":"Toomevara","common_name_ga":"Tuaim Uí Mheára","stop_type":"BCT","bus_stop_type":"MKD","wheelchair_boarding":"","status":"active","modification_datetime":"2026-09-17T14:02:22.499","coordinate_source":"NaPTAN Latitude/Longitude fields (WGS 84); ITM Easting/Northing retained in raw download"}},{"type":"Feature","geometry":{"type":"Point","coordinates":[-7.89112,52.51142]},"properties":{"atco_code":"8420LL10696","common_name":"Cashel Centenary","common_name_ga":"Caiseal Centenary","stop_type":"BCT","bus_stop_type":"CUS","wheelchair_boarding":"","status":"active","modification_datetime":"2026-09-17T14:02:22.499","coordinate_source":"NaPTAN Latitude/Longitude fields (WGS 84); ITM Easting/Northing retained in raw download"}},{"type":"Feature","geometry":{"type":"Point","coordinates":[-7.825074,52.685863]},"properties":{"atco_code":"8420LL10861","common_name":"TUS Thurles","common_name_ga":"OTS Durlas","stop_type":"BCT","bus_stop_type":"CUS","wheelchair_boarding":"","status":"active","modification_datetime":"2026-09-17T14:02:23.067","coordinate_source":"NaPTAN Latitude/Longitude fields (WGS 84); ITM Easting/Northing retained in raw download"}},{"type":"Feature","geometry":{"type":"Point","coordinates":[-8.02546,52.49297]},"properties":{"atco_code":"8420LL10699","common_name":"Thomastown","common_name_ga":"Baile Thomáis","stop_type":"BCT","bus_stop_type":"CUS","wheelchair_boarding":"","status":"active","modification_datetime":"2026-09-17T14:02:22.499","coordinate_source":"NaPTAN Latitude/Longitude fields (WGS 84); ITM Easting/Northing retained in raw download"}},{"type":"Feature","geometry":{"type":"Point","coordinates":[-8.06194,52.48797]},"properties":{"atco_code":"8420LL10700","common_name":"Kilfeakle","common_name_ga":"Cill Fhiacal","stop_type":"BCT","bus_stop_type":"CUS","wheelchair_boarding":"","status":"active","modification_datetime":"2026-09-17T14:02:22.499","coordinate_source":"NaPTAN Latitude/Longitude fields (WGS 84); ITM Easting/Northing retained in raw download"}},{"type":"Feature","geometry":{"type":"Point","coordinates":[-7.795781,52.959691]},"properties":{"atco_code":"8420LL10694","common_name":"Roscrea Station","common_name_ga":"Stáisiún Ros Cré","stop_type":"BCT","bus_stop_type":"CUS","wheelchair_boarding":"","status":"active","modification_datetime":"2026-09-17T14:02:23.067","coordinate_source":"NaPTAN Latitude/Longitude fields (WGS 84); ITM Easting/Northing retained in raw download"}},{"type":"Feature","geometry":{"type":"Point","coordinates":[-8.03613,52.94201]},"properties":{"atco_code":"8420LL10695","common_name":"Cloughjordan","common_name_ga":"Cloch Shiurdáin","stop_type":"BCT","bus_stop_type":"CUS","wheelchair_boarding":"","status":"active","modification_datetime":"2026-09-17T14:02:22.499","coordinate_source":"NaPTAN Latitude/Longitude fields (WGS 84); ITM Easting/Northing retained in raw download"}},{"type":"Feature","geometry":{"type":"Point","coordinates":[-8.44003,52.7659]},"properties":{"atco_code":"8420B155501","common_name":"Birdhill","common_name_ga":"Cnocán an Éin Fhinn","stop_type":"BCT","bus_stop_type":"MKD","wheelchair_boarding":"","status":"active","modification_datetime":"2026-09-17T14:02:22.499","coordinate_source":"NaPTAN Latitude/Longitude fields (WGS 84); ITM Easting/Northing retained in raw download"}},{"type":"Feature","geometry":{"type":"Point","coordinates":[-7.79963,52.95279]},"properties":{"atco_code":"842000025","common_name":"Roscrea Abbey Street","common_name_ga":"Ros Cré Sráid na Mainistreach","stop_type":"BCT","bus_stop_type":"MKD","wheelchair_boarding":"","status":"active","modification_datetime":"2026-09-17T14:02:22.499","coordinate_source":"NaPTAN Latitude/Longitude fields (WGS 84); ITM Easting/Northing retained in raw download"}},{"type":"Feature","geometry":{"type":"Point","coordinates":[-7.79968,52.95269]},"properties":{"atco_code":"842000026","common_name":"Roscrea Abbey Street","common_name_ga":"Ros Cré Sráid na Mainistreach","stop_type":"BCT","bus_stop_type":"MKD","wheelchair_boarding":"","status":"active","modification_datetime":"2026-09-17T14:02:22.499","coordinate_source":"NaPTAN Latitude/Longitude fields (WGS 84); ITM Easting/Northing retained in raw download"}},{"type":"Feature","geometry":{"type":"Point","coordinates":[-7.812057,52.675651]},"properties":{"atco_code":"8420LL10708","common_name":"Thurles Shopping Centre","common_name_ga":"Ionad Siopadóireachta Dhurlais","stop_type":"BCT","bus_stop_type":"CUS","wheelchair_boarding":"","status":"active","modification_datetime":"2026-09-17T14:02:23.067","coordinate_source":"NaPTAN Latitude/Longitude fields (WGS 84); ITM Easting/Northing retained in raw download"}},{"type":"Feature","geometry":{"type":"Point","coordinates":[-7.90797,52.68848]},"properties":{"atco_code":"8420LL10601","common_name":"Ballycahill","common_name_ga":"Bealach Achaille","stop_type":"BCT","bus_stop_type":"CUS","wheelchair_boarding":"","status":"active","modification_datetime":"2026-09-17T14:02:22.499","coordinate_source":"NaPTAN Latitude/Longitude fields (WGS 84); ITM Easting/Northing retained in raw download"}},{"type":"Feature","geometry":{"type":"Point","coordinates":[-8.021369,52.697805]},"properties":{"atco_code":"8420LL10602","common_name":"Upperchurch","common_name_ga":"An Teampall Uachtarach","stop_type":"BCT","bus_stop_type":"CUS","wheelchair_boarding":"","status":"active","modification_datetime":"2026-09-17T14:02:23.067","coordinate_source":"NaPTAN Latitude/Longitude fields (WGS 84); ITM Easting/Northing retained in raw download"}},{"type":"Feature","geometry":{"type":"Point","coordinates":[-8.161931,52.679365]},"properties":{"atco_code":"8420LL10603","common_name":"Kilcommon Cross","common_name_ga":"Crois Chill Chuimín","stop_type":"BCT","bus_stop_type":"CUS","wheelchair_boarding":"","status":"active","modification_datetime":"2026-09-17T14:02:22.499","coordinate_source":"NaPTAN Latitude/Longitude fields (WGS 84); ITM Easting/Northing retained in raw download"}},{"type":"Feature","geometry":{"type":"Point","coordinates":[-8.4011301,52.7098687]},"properties":{"atco_code":"8420LL10604","common_name":"Glencree","common_name_ga":"Gleann Crí","stop_type":"BCT","bus_stop_type":"CUS","wheelchair_boarding":"","status":"active","modification_datetime":"2026-09-17T14:02:22.499","coordinate_source":"NaPTAN Latitude/Longitude fields (WGS 84); ITM Easting/Northing retained in raw download"}},{"type":"Feature","geometry":{"type":"Point","coordinates":[-8.260829,52.842022]},"properties":{"atco_code":"842000002","common_name":"Carrigatogher (Event Stop)","common_name_ga":"Carraig an Tóchair (Stad Imeachta)","stop_type":"BCT","bus_stop_type":"MKD","wheelchair_boarding":"","status":"active","modification_datetime":"2026-09-17T14:02:22.499","coordinate_source":"NaPTAN Latitude/Longitude fields (WGS 84); ITM Easting/Northing retained in raw download"}},{"type":"Feature","geometry":{"type":"Point","coordinates":[-7.79415,52.678911]},"properties":{"atco_code":"8420LL10921","common_name":"Willowmere Drive","common_name_ga":"Céide Willowmere","stop_type":"BCT","bus_stop_type":"CUS","wheelchair_boarding":"","status":"active","modification_datetime":"2024-10-03T16:04:24.001","coordinate_source":"NaPTAN Latitude/Longitude fields (WGS 84); ITM Easting/Northing retained in raw download"}},{"type":"Feature","geometry":{"type":"Point","coordinates":[-7.794091,52.678938]},"properties":{"atco_code":"8420LL10922","common_name":"Willowmere Drive","common_name_ga":"Céide Willowmere","stop_type":"BCT","bus_stop_type":"CUS","wheelchair_boarding":"","status":"active","modification_datetime":"2026-09-17T14:02:22.499","coordinate_source":"NaPTAN Latitude/Longitude fields (WGS 84); ITM Easting/Northing retained in raw download"}},{"type":"Feature","geometry":{"type":"Point","coordinates":[-8.453156,52.749264]},"properties":{"atco_code":"8420B155511","common_name":"Thornhill","common_name_ga":"Cnoc na Sceiche","stop_type":"BCT","bus_stop_type":"MKD","wheelchair_boarding":"","status":"active","modification_datetime":"2026-09-17T14:02:22.499","coordinate_source":"NaPTAN Latitude/Longitude fields (WGS 84); ITM Easting/Northing retained in raw download"}},{"type":"Feature","geometry":{"type":"Point","coordinates":[-8.452932,52.749139]},"properties":{"atco_code":"8420B450231","common_name":"Thornhill","common_name_ga":"Cnoc na Sceiche","stop_type":"BCT","bus_stop_type":"MKD","wheelchair_boarding":"","status":"active","modification_datetime":"2026-09-17T14:02:22.499","coordinate_source":"NaPTAN Latitude/Longitude fields (WGS 84); ITM Easting/Northing retained in raw download"}},{"type":"Feature","geometry":{"type":"Point","coordinates":[-8.265787,53.001204]},"properties":{"atco_code":"8420LL11521","common_name":"Coolbawn Quay","common_name_ga":"Cé an Chúil Bháin","stop_type":"BCT","bus_stop_type":"CUS","wheelchair_boarding":"","status":"active","modification_datetime":"2026-09-17T14:02:22.499","coordinate_source":"NaPTAN Latitude/Longitude fields (WGS 84); ITM Easting/Northing retained in raw download"}},{"type":"Feature","geometry":{"type":"Point","coordinates":[-8.203245,53.054707]},"properties":{"atco_code":"8420LL11522","common_name":"Terryglass","common_name_ga":"Tír Dhá Ghlas","stop_type":"BCT","bus_stop_type":"CUS","wheelchair_boarding":"","status":"active","modification_datetime":"2026-09-17T14:02:22.499","coordinate_source":"NaPTAN Latitude/Longitude fields (WGS 84); ITM Easting/Northing retained in raw download"}},{"type":"Feature","geometry":{"type":"Point","coordinates":[-8.123337,53.092341]},"properties":{"atco_code":"8420LL11543","common_name":"Lorrha","common_name_ga":"Lothra","stop_type":"BCT","bus_stop_type":"CUS","wheelchair_boarding":"","status":"active","modification_datetime":"2026-09-17T14:02:22.499","coordinate_source":"NaPTAN Latitude/Longitude fields (WGS 84); ITM Easting/Northing retained in raw download"}},{"type":"Feature","geometry":{"type":"Point","coordinates":[-8.203099,53.054591]},"properties":{"atco_code":"8420LL11544","common_name":"Terryglass","common_name_ga":"Tír Dhá Ghlas","stop_type":"BCT","bus_stop_type":"CUS","wheelchair_boarding":"","status":"active","modification_datetime":"2026-09-17T14:02:22.499","coordinate_source":"NaPTAN Latitude/Longitude fields (WGS 84); ITM Easting/Northing retained in raw download"}},{"type":"Feature","geometry":{"type":"Point","coordinates":[-8.265585,53.001068]},"properties":{"atco_code":"8420LL11545","common_name":"Coolbawn Quay","common_name_ga":"Cé na Cúile Báine","stop_type":"BCT","bus_stop_type":"CUS","wheelchair_boarding":"","status":"active","modification_datetime":"2026-09-17T14:02:22.499","coordinate_source":"NaPTAN Latitude/Longitude fields (WGS 84); ITM Easting/Northing retained in raw download"}},{"type":"Feature","geometry":{"type":"Point","coordinates":[-8.27526,52.92488]},"properties":{"atco_code":"8420LL11546","common_name":"Dromineer","common_name_ga":"Drom Inbhir","stop_type":"BCT","bus_stop_type":"MKD","wheelchair_boarding":"","status":"active","modification_datetime":"2026-09-17T14:02:22.499","coordinate_source":"NaPTAN Latitude/Longitude fields (WGS 84); ITM Easting/Northing retained in raw download"}},{"type":"Feature","geometry":{"type":"Point","coordinates":[-8.24456,52.891533]},"properties":{"atco_code":"8420LL11547","common_name":"Ballycommon","common_name_ga":"Baile Uí Chomáin","stop_type":"BCT","bus_stop_type":"CUS","wheelchair_boarding":"","status":"active","modification_datetime":"2026-09-17T14:02:22.499","coordinate_source":"NaPTAN Latitude/Longitude fields (WGS 84); ITM Easting/Northing retained in raw download"}},{"type":"Feature","geometry":{"type":"Point","coordinates":[-8.243604,52.891011]},"properties":{"atco_code":"8420LL11548","common_name":"Ballycommon","common_name_ga":"Baile Uí Chomáin","stop_type":"BCT","bus_stop_type":"CUS","wheelchair_boarding":"","status":"active","modification_datetime":"2026-09-17T14:02:22.499","coordinate_source":"NaPTAN Latitude/Longitude fields (WGS 84); ITM Easting/Northing retained in raw download"}},{"type":"Feature","geometry":{"type":"Point","coordinates":[-8.2089714,52.8671439]},"properties":{"atco_code":"8420LL11550","common_name":"Saint Conlan's Road","common_name_ga":"Bóthar Chonnláin","stop_type":"BCT","bus_stop_type":"MKD","wheelchair_boarding":"","status":"active","modification_datetime":"2026-09-17T14:02:23.067","coordinate_source":"NaPTAN Latitude/Longitude fields (WGS 84); ITM Easting/Northing retained in raw download"}},{"type":"Feature","geometry":{"type":"Point","coordinates":[-8.2095027,52.8672055]},"properties":{"atco_code":"8420LL11549","common_name":"Saint Conlan's Road","common_name_ga":"Bóthar Chonnláin","stop_type":"BCT","bus_stop_type":"MKD","wheelchair_boarding":"","status":"active","modification_datetime":"2024-01-26T09:56:32.155","coordinate_source":"NaPTAN Latitude/Longitude fields (WGS 84); ITM Easting/Northing retained in raw download"}},{"type":"Feature","geometry":{"type":"Point","coordinates":[-8.03621,52.94219]},"properties":{"atco_code":"8420LL11866","common_name":"Cloughjordan","common_name_ga":"Cloch Shiurdáin","stop_type":"BCT","bus_stop_type":"MKD","wheelchair_boarding":"","status":"active","modification_datetime":"2026-09-17T14:02:22.499","coordinate_source":"NaPTAN Latitude/Longitude fields (WGS 84); ITM Easting/Northing retained in raw download"}},{"type":"Feature","geometry":{"type":"Point","coordinates":[-8.27741,52.92457]},"properties":{"atco_code":"8420LL11867","common_name":"Dromineer","common_name_ga":"Drom Inbhir","stop_type":"BCT","bus_stop_type":"MKD","wheelchair_boarding":"","status":"active","modification_datetime":"2026-09-17T14:02:22.499","coordinate_source":"NaPTAN Latitude/Longitude fields (WGS 84); ITM Easting/Northing retained in raw download"}},{"type":"Feature","geometry":{"type":"Point","coordinates":[-7.81386,52.67881]},"properties":{"atco_code":"8420LL11868","common_name":"Liberty Square","common_name_ga":"Cearnóg na Saoirse","stop_type":"BCT","bus_stop_type":"MKD","wheelchair_boarding":"","status":"active","modification_datetime":"2025-08-12T15:53:06.000","coordinate_source":"NaPTAN Latitude/Longitude fields (WGS 84); ITM Easting/Northing retained in raw download"}},{"type":"Feature","geometry":{"type":"Point","coordinates":[-7.8245,52.6842]},"properties":{"atco_code":"8420LL11869","common_name":"LIT Tipperary","common_name_ga":"ITL Thiobráid Arann","stop_type":"BCT","bus_stop_type":"MKD","wheelchair_boarding":"","status":"active","modification_datetime":"2024-06-05T16:18:43.394","coordinate_source":"NaPTAN Latitude/Longitude fields (WGS 84); ITM Easting/Northing retained in raw download"}},{"type":"Feature","geometry":{"type":"Point","coordinates":[-7.91152,52.71843]},"properties":{"atco_code":"8420LL11870","common_name":"Bouladuff","common_name_ga":"An Bhuaile Dhubh","stop_type":"BCT","bus_stop_type":"MKD","wheelchair_boarding":"","status":"active","modification_datetime":"2026-09-17T14:02:22.499","coordinate_source":"NaPTAN Latitude/Longitude fields (WGS 84); ITM Easting/Northing retained in raw download"}},{"type":"Feature","geometry":{"type":"Point","coordinates":[-8.19801,52.86394]},"properties":{"atco_code":"8420B300221","common_name":"Nenagh","common_name_ga":"An tAonach","stop_type":"BCT","bus_stop_type":"CUS","wheelchair_boarding":"","status":"active","modification_datetime":"2026-09-17T14:02:22.499","coordinate_source":"NaPTAN Latitude/Longitude fields (WGS 84); ITM Easting/Northing retained in raw download"}},{"type":"Feature","geometry":{"type":"Point","coordinates":[-7.90874,52.68833]},"properties":{"atco_code":"8420LL12093","common_name":"Ballycahill","common_name_ga":"Bealach Achaille","stop_type":"BCT","bus_stop_type":"MKD","wheelchair_boarding":"","status":"active","modification_datetime":"2026-08-18T09:03:09.684","coordinate_source":"NaPTAN Latitude/Longitude fields (WGS 84); ITM Easting/Northing retained in raw download"}},{"type":"Feature","geometry":{"type":"Point","coordinates":[-7.78781,52.9393]},"properties":{"atco_code":"8420LL12119","common_name":"Roscrea South","common_name_ga":"Ros Cré Theas","stop_type":"BCT","bus_stop_type":"MKD","wheelchair_boarding":"","status":"active","modification_datetime":"2024-08-29T16:50:48.307","coordinate_source":"NaPTAN Latitude/Longitude fields (WGS 84); ITM Easting/Northing retained in raw download"}},{"type":"Feature","geometry":{"type":"Point","coordinates":[-7.78803,52.93928]},"properties":{"atco_code":"8420LL12120","common_name":"Roscrea South","common_name_ga":"Ros Cré Theas","stop_type":"BCT","bus_stop_type":"MKD","wheelchair_boarding":"","status":"active","modification_datetime":"2024-08-29T16:55:46.215","coordinate_source":"NaPTAN Latitude/Longitude fields (WGS 84); ITM Easting/Northing retained in raw download"}},{"type":"Feature","geometry":{"type":"Point","coordinates":[-7.78802,52.9399]},"properties":{"atco_code":"8420LL12211","common_name":"Scart","common_name_ga":"An Scairt","stop_type":"BCT","bus_stop_type":"MKD","wheelchair_boarding":"","status":"active","modification_datetime":"2024-10-01T11:22:46.106","coordinate_source":"NaPTAN Latitude/Longitude fields (WGS 84); ITM Easting/Northing retained in raw download"}},{"type":"Feature","geometry":{"type":"Point","coordinates":[-7.78823,52.93989]},"properties":{"atco_code":"8420LL12212","common_name":"Scart","common_name_ga":"An Scairt","stop_type":"BCT","bus_stop_type":"MKD","wheelchair_boarding":"","status":"active","modification_datetime":"2024-10-01T11:26:07.622","coordinate_source":"NaPTAN Latitude/Longitude fields (WGS 84); ITM Easting/Northing retained in raw download"}},{"type":"Feature","geometry":{"type":"Point","coordinates":[-8.40108,52.70996]},"properties":{"atco_code":"8420LL12899","common_name":"Glencree","common_name_ga":"Gleann Crí","stop_type":"BCT","bus_stop_type":"MKD","wheelchair_boarding":"","status":"active","modification_datetime":"2025-03-06T12:06:32.816","coordinate_source":"NaPTAN Latitude/Longitude fields (WGS 84); ITM Easting/Northing retained in raw download"}},{"type":"Feature","geometry":{"type":"Point","coordinates":[-7.8987,52.63286]},"properties":{"atco_code":"8420LL13049","common_name":"Bohernacrusha","common_name_ga":"Bhóthar na Croise","stop_type":"BCT","bus_stop_type":"MKD","wheelchair_boarding":"","status":"active","modification_datetime":"2025-04-23T14:55:21.207","coordinate_source":"NaPTAN Latitude/Longitude fields (WGS 84); ITM Easting/Northing retained in raw download"}},{"type":"Feature","geometry":{"type":"Point","coordinates":[-7.86757,52.63862]},"properties":{"atco_code":"8420LL13050","common_name":"Holycross","common_name_ga":"Mainistir na Croiche","stop_type":"BCT","bus_stop_type":"MKD","wheelchair_boarding":"","status":"active","modification_datetime":"2025-04-23T14:58:07.806","coordinate_source":"NaPTAN Latitude/Longitude fields (WGS 84); ITM Easting/Northing retained in raw download"}},{"type":"Feature","geometry":{"type":"Point","coordinates":[-7.83125,52.65926]},"properties":{"atco_code":"8420LL13051","common_name":"Cabragh Business Park","common_name_ga":"Páirc Ghnó An Chabrach","stop_type":"BCT","bus_stop_type":"MKD","wheelchair_boarding":"","status":"active","modification_datetime":"2025-04-23T15:01:12.511","coordinate_source":"NaPTAN Latitude/Longitude fields (WGS 84); ITM Easting/Northing retained in raw download"}},{"type":"Feature","geometry":{"type":"Point","coordinates":[-7.83118,52.65916]},"properties":{"atco_code":"8420LL13052","common_name":"Cabragh Business Park","common_name_ga":"Páirc Ghnó An Chabrach","stop_type":"BCT","bus_stop_type":"MKD","wheelchair_boarding":"","status":"active","modification_datetime":"2025-04-23T15:03:39.832","coordinate_source":"NaPTAN Latitude/Longitude fields (WGS 84); ITM Easting/Northing retained in raw download"}},{"type":"Feature","geometry":{"type":"Point","coordinates":[-7.86761,52.63859]},"properties":{"atco_code":"8420LL13053","common_name":"Holycross","common_name_ga":"Mainistir na Croiche","stop_type":"BCT","bus_stop_type":"MKD","wheelchair_boarding":"","status":"active","modification_datetime":"2025-04-23T15:09:44.165","coordinate_source":"NaPTAN Latitude/Longitude fields (WGS 84); ITM Easting/Northing retained in raw download"}},{"type":"Feature","geometry":{"type":"Point","coordinates":[-7.89848,52.63284]},"properties":{"atco_code":"8420LL13054","common_name":"Bohernacrusha","common_name_ga":"Bhóthar na Croise","stop_type":"BCT","bus_stop_type":"MKD","wheelchair_boarding":"","status":"active","modification_datetime":"2025-04-23T15:13:54.837","coordinate_source":"NaPTAN Latitude/Longitude fields (WGS 84); ITM Easting/Northing retained in raw download"}},{"type":"Feature","geometry":{"type":"Point","coordinates":[-7.7801,52.95802]},"properties":{"atco_code":"8420PB13192","common_name":"Roscrea (Event Stop)","common_name_ga":"Ros Cré (Stad Imeachta)","stop_type":"BCT","bus_stop_type":"MKD","wheelchair_boarding":"","status":"active","modification_datetime":"2025-05-08T16:54:58.989","coordinate_source":"NaPTAN Latitude/Longitude fields (WGS 84); ITM Easting/Northing retained in raw download"}},{"type":"Feature","geometry":{"type":"Point","coordinates":[-7.79502,52.68485]},"properties":{"atco_code":"8420PB13198","common_name":"Thurles (Event Stop)","common_name_ga":"Durlas (Stad Imeachta)","stop_type":"BCT","bus_stop_type":"MKD","wheelchair_boarding":"","status":"active","modification_datetime":"2025-05-09T09:44:59.363","coordinate_source":"NaPTAN Latitude/Longitude fields (WGS 84); ITM Easting/Northing retained in raw download"}},{"type":"Feature","geometry":{"type":"Point","coordinates":[-8.02745,52.77295]},"properties":{"atco_code":"8420PB14399","common_name":"Currabaha","common_name_ga":"Currach Beithí","stop_type":"BCT","bus_stop_type":"CUS","wheelchair_boarding":"","status":"active","modification_datetime":"2025-07-24T16:03:48.690","coordinate_source":"NaPTAN Latitude/Longitude fields (WGS 84); ITM Easting/Northing retained in raw download"}},{"type":"Feature","geometry":{"type":"Point","coordinates":[-8.12683,52.83531]},"properties":{"atco_code":"8420PB14403","common_name":"Kilkeary","common_name_ga":"Cill Chéire","stop_type":"BCT","bus_stop_type":"CUS","wheelchair_boarding":"","status":"active","modification_datetime":"2026-09-17T14:02:23.067","coordinate_source":"NaPTAN Latitude/Longitude fields (WGS 84); ITM Easting/Northing retained in raw download"}},{"type":"Feature","geometry":{"type":"Point","coordinates":[-7.77488,52.61648]},"properties":{"atco_code":"8420LL14546","common_name":"Horse and Jockey North","common_name_ga":"An Marcach Thuaidh","stop_type":"BCT","bus_stop_type":"CUS","wheelchair_boarding":"","status":"active","modification_datetime":"2025-08-14T11:57:22.663","coordinate_source":"NaPTAN Latitude/Longitude fields (WGS 84); ITM Easting/Northing retained in raw download"}},{"type":"Feature","geometry":{"type":"Point","coordinates":[-7.77495,52.61661]},"properties":{"atco_code":"8420LL14547","common_name":"Horse and Jockey North","common_name_ga":"An Marcach Thuaidh","stop_type":"BCT","bus_stop_type":"CUS","wheelchair_boarding":"","status":"active","modification_datetime":"2025-08-14T11:58:50.474","coordinate_source":"NaPTAN Latitude/Longitude fields (WGS 84); ITM Easting/Northing retained in raw download"}},{"type":"Feature","geometry":{"type":"Point","coordinates":[-7.71384,52.73396]},"properties":{"atco_code":"8420PB14831","common_name":"Moyne","common_name_ga":"An Mhaighean","stop_type":"BCT","bus_stop_type":"CUS","wheelchair_boarding":"","status":"active","modification_datetime":"2026-09-17T14:02:22.499","coordinate_source":"NaPTAN Latitude/Longitude fields (WGS 84); ITM Easting/Northing retained in raw download"}},{"type":"Feature","geometry":{"type":"Point","coordinates":[-7.86696,52.63738]},"properties":{"atco_code":"8420PB14836","common_name":"Holycross","common_name_ga":"Mainistir na Croiche","stop_type":"BCT","bus_stop_type":"CUS","wheelchair_boarding":"","status":"active","modification_datetime":"2026-09-17T14:02:22.499","coordinate_source":"NaPTAN Latitude/Longitude fields (WGS 84); ITM Easting/Northing retained in raw download"}},{"type":"Feature","geometry":{"type":"Point","coordinates":[-8.43753,52.81355]},"properties":{"atco_code":"8420B015041","common_name":"Cnoc Cluain","common_name_ga":"Cnoc Cluana","stop_type":"BCT","bus_stop_type":"MKD","wheelchair_boarding":"","status":"active","modification_datetime":"2026-09-17T14:02:22.499","coordinate_source":"NaPTAN Latitude/Longitude fields (WGS 84); ITM Easting/Northing retained in raw download"}},{"type":"Feature","geometry":{"type":"Point","coordinates":[-8.43775,52.81413]},"properties":{"atco_code":"8420B015042","common_name":"Cnoc Cluain","common_name_ga":"Cnoc Cluana","stop_type":"BCT","bus_stop_type":"MKD","wheelchair_boarding":"","status":"active","modification_datetime":"2026-09-17T14:02:22.499","coordinate_source":"NaPTAN Latitude/Longitude fields (WGS 84); ITM Easting/Northing retained in raw download"}},{"type":"Feature","geometry":{"type":"Point","coordinates":[-8.43644,52.81752]},"properties":{"atco_code":"8420B015043","common_name":"Shannon View","common_name_ga":"Radharc na Sionnaine","stop_type":"BCT","bus_stop_type":"MKD","wheelchair_boarding":"","status":"active","modification_datetime":"2026-09-17T14:02:22.499","coordinate_source":"NaPTAN Latitude/Longitude fields (WGS 84); ITM Easting/Northing retained in raw download"}},{"type":"Feature","geometry":{"type":"Point","coordinates":[-8.43662,52.81743]},"properties":{"atco_code":"8420B015044","common_name":"Shannon View","common_name_ga":"Radharc na Sionnaine","stop_type":"BCT","bus_stop_type":"MKD","wheelchair_boarding":"","status":"active","modification_datetime":"2026-09-17T14:02:22.499","coordinate_source":"NaPTAN Latitude/Longitude fields (WGS 84); ITM Easting/Northing retained in raw download"}},{"type":"Feature","geometry":{"type":"Point","coordinates":[-7.82439,52.68432]},"properties":{"atco_code":"8420LL15445","common_name":"Coláiste Mhuire","common_name_ga":"Coláiste Mhuire","stop_type":"BCT","bus_stop_type":"MKD","wheelchair_boarding":"","status":"active","modification_datetime":"2026-09-17T14:02:22.499","coordinate_source":"NaPTAN Latitude/Longitude fields (WGS 84); ITM Easting/Northing retained in raw download"}},{"type":"Feature","geometry":{"type":"Point","coordinates":[-7.82437,52.68402]},"properties":{"atco_code":"8420LL15446","common_name":"Coláiste Mhuire","common_name_ga":"Coláiste Mhuire","stop_type":"BCT","bus_stop_type":"MKD","wheelchair_boarding":"","status":"active","modification_datetime":"2026-09-17T14:02:22.499","coordinate_source":"NaPTAN Latitude/Longitude fields (WGS 84); ITM Easting/Northing retained in raw download"}},{"type":"Feature","geometry":{"type":"Point","coordinates":[-7.83996,52.79481]},"properties":{"atco_code":"8420LL15451","common_name":"Templemore College of Further Education","common_name_ga":"Coláiste Breisoideachais Teampall Mór","stop_type":"BCT","bus_stop_type":"CUS","wheelchair_boarding":"","status":"active","modification_datetime":"2026-08-13T09:30:01.645","coordinate_source":"NaPTAN Latitude/Longitude fields (WGS 84); ITM Easting/Northing retained in raw download"}},{"type":"Feature","geometry":{"type":"Point","coordinates":[-7.83965,52.79479]},"properties":{"atco_code":"8420LL15452","common_name":"Templemore College of Further Education","common_name_ga":"Coláiste Breisoideachais Teampall Mór","stop_type":"BCT","bus_stop_type":"CUS","wheelchair_boarding":"","status":"active","modification_datetime":"2026-08-13T09:53:18.108","coordinate_source":"NaPTAN Latitude/Longitude fields (WGS 84); ITM Easting/Northing retained in raw download"}},{"type":"Feature","geometry":{"type":"Point","coordinates":[-7.80787,52.6788]},"properties":{"atco_code":"8420LL15453","common_name":"Mary Immaculate College Thurles","common_name_ga":"Coláiste Mhuire gan Smál Durlas","stop_type":"BCT","bus_stop_type":"CUS","wheelchair_boarding":"","status":"active","modification_datetime":"2026-08-13T10:50:45.927","coordinate_source":"NaPTAN Latitude/Longitude fields (WGS 84); ITM Easting/Northing retained in raw download"}},{"type":"Feature","geometry":{"type":"Point","coordinates":[-7.63993,52.61533]},"properties":{"atco_code":"843000013","common_name":"Glengoole","common_name_ga":"Gleann an Ghuail","stop_type":"BCT","bus_stop_type":"CUS","wheelchair_boarding":"","status":"active","modification_datetime":"2026-09-17T14:02:22.499","coordinate_source":"NaPTAN Latitude/Longitude fields (WGS 84); ITM Easting/Northing retained in raw download"}},{"type":"Feature","geometry":{"type":"Point","coordinates":[-7.64013,52.61536]},"properties":{"atco_code":"843000014","common_name":"Glengoole","common_name_ga":"Gleann an Ghuail","stop_type":"BCT","bus_stop_type":"CUS","wheelchair_boarding":"","status":"active","modification_datetime":"2026-09-17T14:02:22.499","coordinate_source":"NaPTAN Latitude/Longitude fields (WGS 84); ITM Easting/Northing retained in raw download"}},{"type":"Feature","geometry":{"type":"Point","coordinates":[-7.602762,52.675629]},"properties":{"atco_code":"843000016","common_name":"Gortnahoe","common_name_ga":"Gort na hUamha","stop_type":"BCT","bus_stop_type":"CUS","wheelchair_boarding":"","status":"active","modification_datetime":"2026-09-17T14:02:22.499","coordinate_source":"NaPTAN Latitude/Longitude fields (WGS 84); ITM Easting/Northing retained in raw download"}},{"type":"Feature","geometry":{"type":"Point","coordinates":[-7.603042,52.675693]},"properties":{"atco_code":"843000029","common_name":"Gortnahoe","common_name_ga":"Gort na hUamha","stop_type":"BCT","bus_stop_type":"CUS","wheelchair_boarding":"","status":"active","modification_datetime":"2026-09-17T14:02:22.499","coordinate_source":"NaPTAN Latitude/Longitude fields (WGS 84); ITM Easting/Northing retained in raw download"}},{"type":"Feature","geometry":{"type":"Point","coordinates":[-7.69588,52.46613]},"properties":{"atco_code":"843000032","common_name":"Fethard","common_name_ga":"Fiodh Ard","stop_type":"BCT","bus_stop_type":"CUS","wheelchair_boarding":"","status":"active","modification_datetime":"2026-09-17T14:02:22.499","coordinate_source":"NaPTAN Latitude/Longitude fields (WGS 84); ITM Easting/Northing retained in raw download"}},{"type":"Feature","geometry":{"type":"Point","coordinates":[-7.695851,52.466031]},"properties":{"atco_code":"843000033","common_name":"Fethard","common_name_ga":"Fiodh Ard","stop_type":"BCT","bus_stop_type":"CUS","wheelchair_boarding":"","status":"active","modification_datetime":"2026-09-17T14:02:22.499","coordinate_source":"NaPTAN Latitude/Longitude fields (WGS 84); ITM Easting/Northing retained in raw download"}},{"type":"Feature","geometry":{"type":"Point","coordinates":[-7.702124,52.35425]},"properties":{"atco_code":"843000040","common_name":"Gladstone Street","common_name_ga":"Sráid Gladstone","stop_type":"BCT","bus_stop_type":"MKD","wheelchair_boarding":"","status":"active","modification_datetime":"2026-09-17T14:02:22.499","coordinate_source":"NaPTAN Latitude/Longitude fields (WGS 84); ITM Easting/Northing retained in raw download"}},{"type":"Feature","geometry":{"type":"Point","coordinates":[-7.702036,52.354258]},"properties":{"atco_code":"843000041","common_name":"Gladstone Street","common_name_ga":"Sráid Gladstone","stop_type":"BCT","bus_stop_type":"CUS","wheelchair_boarding":"","status":"active","modification_datetime":"2026-09-17T14:02:22.499","coordinate_source":"NaPTAN Latitude/Longitude fields (WGS 84); ITM Easting/Northing retained in raw download"}},{"type":"Feature","geometry":{"type":"Point","coordinates":[-7.92597,52.37469]},"properties":{"atco_code":"8430B1553901","common_name":"Cahir","common_name_ga":"An Chathair","stop_type":"BCT","bus_stop_type":"MKD","wheelchair_boarding":"","status":"active","modification_datetime":"2026-09-17T14:02:22.499","coordinate_source":"NaPTAN Latitude/Longitude fields (WGS 84); ITM Easting/Northing retained in raw download"}},{"type":"Feature","geometry":{"type":"Point","coordinates":[-7.66676,52.58988]},"properties":{"atco_code":"843000069","common_name":"Ballynonty","common_name_ga":"Baile an Fhantaigh","stop_type":"BCT","bus_stop_type":"CUS","wheelchair_boarding":"","status":"active","modification_datetime":"2026-09-17T14:02:23.067","coordinate_source":"NaPTAN Latitude/Longitude fields (WGS 84); ITM Easting/Northing retained in raw download"}},{"type":"Feature","geometry":{"type":"Point","coordinates":[-7.66682,52.58992]},"properties":{"atco_code":"843000071","common_name":"Ballynonty","common_name_ga":"Baile an Fhantaigh","stop_type":"BCT","bus_stop_type":"CUS","wheelchair_boarding":"","status":"active","modification_datetime":"2026-09-17T14:02:23.067","coordinate_source":"NaPTAN Latitude/Longitude fields (WGS 84); ITM Easting/Northing retained in raw download"}},{"type":"Feature","geometry":{"type":"Point","coordinates":[-7.609104,52.637684]},"properties":{"atco_code":"843000072","common_name":"Ballysloe","common_name_ga":"Béal Átha Sló","stop_type":"BCT","bus_stop_type":"CUS","wheelchair_boarding":"","status":"active","modification_datetime":"2026-09-17T14:02:22.499","coordinate_source":"NaPTAN Latitude/Longitude fields (WGS 84); ITM Easting/Northing retained in raw download"}},{"type":"Feature","geometry":{"type":"Point","coordinates":[-7.893652,52.572057]},"properties":{"atco_code":"8430PB002893","common_name":"Boherlahan","common_name_ga":"An Bóthar Leathan","stop_type":"BCT","bus_stop_type":"CUS","wheelchair_boarding":"","status":"active","modification_datetime":"2026-09-17T14:02:22.499","coordinate_source":"NaPTAN Latitude/Longitude fields (WGS 84); ITM Easting/Northing retained in raw download"}},{"type":"Feature","geometry":{"type":"Point","coordinates":[-7.66759,52.58909]},"properties":{"atco_code":"8430PB002919","common_name":"Ballynonty","common_name_ga":"Baile an Fhantaigh","stop_type":"BCT","bus_stop_type":"CUS","wheelchair_boarding":"","status":"active","modification_datetime":"2026-09-17T14:02:22.499","coordinate_source":"NaPTAN Latitude/Longitude fields (WGS 84); ITM Easting/Northing retained in raw download"}},{"type":"Feature","geometry":{"type":"Point","coordinates":[-7.66723,52.58968]},"properties":{"atco_code":"8430PB002918","common_name":"Ballynonty","common_name_ga":"Baile an Fhantaigh","stop_type":"BCT","bus_stop_type":"CUS","wheelchair_boarding":"","status":"active","modification_datetime":"2026-09-17T14:02:22.499","coordinate_source":"NaPTAN Latitude/Longitude fields (WGS 84); ITM Easting/Northing retained in raw download"}},{"type":"Feature","geometry":{"type":"Point","coordinates":[-7.58075,52.36148]},"properties":{"atco_code":"843000007","common_name":"Kilsheelan","common_name_ga":"Cill Síoláin","stop_type":"BCT","bus_stop_type":"CUS","wheelchair_boarding":"","status":"active","modification_datetime":"2026-09-17T14:02:22.499","coordinate_source":"NaPTAN Latitude/Longitude fields (WGS 84); ITM Easting/Northing retained in raw download"}},{"type":"Feature","geometry":{"type":"Point","coordinates":[-7.58081,52.36145]},"properties":{"atco_code":"843000008","common_name":"Kilsheelan","common_name_ga":"Cill Síoláin","stop_type":"BCT","bus_stop_type":"CUS","wheelchair_boarding":"","status":"active","modification_datetime":"2026-09-17T14:02:22.499","coordinate_source":"NaPTAN Latitude/Longitude fields (WGS 84); ITM Easting/Northing retained in raw download"}},{"type":"Feature","geometry":{"type":"Point","coordinates":[-7.579836,52.361195]},"properties":{"atco_code":"8430B3580601","common_name":"Kilsheelan","common_name_ga":"Cill Síoláin","stop_type":"BCT","bus_stop_type":"MKD","wheelchair_boarding":"","status":"active","modification_datetime":"2026-09-17T14:02:22.499","coordinate_source":"NaPTAN Latitude/Longitude fields (WGS 84); ITM Easting/Northing retained in raw download"}},{"type":"Feature","geometry":{"type":"Point","coordinates":[-7.92569,52.37453]},"properties":{"atco_code":"8430B155341","common_name":"Cahir","common_name_ga":"An Chathair","stop_type":"BCT","bus_stop_type":"MKD","wheelchair_boarding":"","status":"active","modification_datetime":"2026-09-17T14:02:22.499","coordinate_source":"NaPTAN Latitude/Longitude fields (WGS 84); ITM Easting/Northing retained in raw download"}},{"type":"Feature","geometry":{"type":"Point","coordinates":[-7.699656,52.360904]},"properties":{"atco_code":"8430B3554801","common_name":"Clonmel Station","common_name_ga":"Stáisiún Chluain Meala","stop_type":"BCT","bus_stop_type":"MKD","wheelchair_boarding":"","status":"active","modification_datetime":"2026-09-17T14:02:22.499","coordinate_source":"NaPTAN Latitude/Longitude fields (WGS 84); ITM Easting/Northing retained in raw download"}},{"type":"Feature","geometry":{"type":"Point","coordinates":[-8.0992212,52.2701273]},"properties":{"atco_code":"8430B2560701","common_name":"Ballyporeen","common_name_ga":"Béal Átha Póirín","stop_type":"BCT","bus_stop_type":"MKD","wheelchair_boarding":"","status":"active","modification_datetime":"2026-09-17T14:02:22.499","coordinate_source":"NaPTAN Latitude/Longitude fields (WGS 84); ITM Easting/Northing retained in raw download"}},{"type":"Feature","geometry":{"type":"Point","coordinates":[-8.20083,52.50013]},"properties":{"atco_code":"8430B3372302","common_name":"Limerick Junction","common_name_ga":"Gabhal Luimnigh","stop_type":"BCT","bus_stop_type":"MKD","wheelchair_boarding":"","status":"active","modification_datetime":"2026-09-17T14:02:22.499","coordinate_source":"NaPTAN Latitude/Longitude fields (WGS 84); ITM Easting/Northing retained in raw download"}},{"type":"Feature","geometry":{"type":"Point","coordinates":[-8.2065703,52.4990758]},"properties":{"atco_code":"8430B3372401","common_name":"Limerick Junction","common_name_ga":"Gabhal Luimnigh","stop_type":"BCT","bus_stop_type":"MKD","wheelchair_boarding":"","status":"active","modification_datetime":"2026-09-17T14:02:22.499","coordinate_source":"NaPTAN Latitude/Longitude fields (WGS 84); ITM Easting/Northing retained in raw download"}},{"type":"Feature","geometry":{"type":"Point","coordinates":[-7.881583,52.309381]},"properties":{"atco_code":"8430B2501001","common_name":"Ardfinnan","common_name_ga":"Ard Fhíonáin","stop_type":"BCT","bus_stop_type":"MKD","wheelchair_boarding":"","status":"active","modification_datetime":"2026-09-17T14:02:23.067","coordinate_source":"NaPTAN Latitude/Longitude fields (WGS 84); ITM Easting/Northing retained in raw download"}},{"type":"Feature","geometry":{"type":"Point","coordinates":[-7.408294,52.347901]},"properties":{"atco_code":"8430B3511101","common_name":"Carrick-on-Suir","common_name_ga":"Carraig na Siúire","stop_type":"BCT","bus_stop_type":"MKD","wheelchair_boarding":"","status":"active","modification_datetime":"2026-09-17T14:02:22.499","coordinate_source":"NaPTAN Latitude/Longitude fields (WGS 84); ITM Easting/Northing retained in raw download"}},{"type":"Feature","geometry":{"type":"Point","coordinates":[-7.99896,52.275176]},"properties":{"atco_code":"8430B3512401","common_name":"Clogheen","common_name_ga":"An Chloichín","stop_type":"BCT","bus_stop_type":"MKD","wheelchair_boarding":"","status":"active","modification_datetime":"2026-09-17T14:02:22.499","coordinate_source":"NaPTAN Latitude/Longitude fields (WGS 84); ITM Easting/Northing retained in raw download"}},{"type":"Feature","geometry":{"type":"Point","coordinates":[-7.469371,52.445583]},"properties":{"atco_code":"8430B3510902","common_name":"Grangemockler","common_name_ga":"Gráinseach Mhóicléir","stop_type":"BCT","bus_stop_type":"MKD","wheelchair_boarding":"","status":"active","modification_datetime":"2026-09-17T14:02:23.067","coordinate_source":"NaPTAN Latitude/Longitude fields (WGS 84); ITM Easting/Northing retained in raw download"}},{"type":"Feature","geometry":{"type":"Point","coordinates":[-8.2221642,52.5102109]},"properties":{"atco_code":"8430B3372501","common_name":"Monard","common_name_ga":"An Mhóin Ard","stop_type":"BCT","bus_stop_type":"MKD","wheelchair_boarding":"","status":"active","modification_datetime":"2026-09-17T14:02:22.499","coordinate_source":"NaPTAN Latitude/Longitude fields (WGS 84); ITM Easting/Northing retained in raw download"}},{"type":"Feature","geometry":{"type":"Point","coordinates":[-7.7030032,52.4179167]},"properties":{"atco_code":"843000082","common_name":"Lisronagh","common_name_ga":"Lios Ruanach","stop_type":"BCT","bus_stop_type":"CUS","wheelchair_boarding":"","status":"active","modification_datetime":"2026-09-17T14:02:22.499","coordinate_source":"NaPTAN Latitude/Longitude fields (WGS 84); ITM Easting/Northing retained in raw download"}},{"type":"Feature","geometry":{"type":"Point","coordinates":[-7.703252,52.41807]},"properties":{"atco_code":"843000083","common_name":"Lisronagh","common_name_ga":"Lios Ruanach","stop_type":"BCT","bus_stop_type":"CUS","wheelchair_boarding":"","status":"active","modification_datetime":"2026-09-17T14:02:22.499","coordinate_source":"NaPTAN Latitude/Longitude fields (WGS 84); ITM Easting/Northing retained in raw download"}},{"type":"Feature","geometry":{"type":"Point","coordinates":[-7.6315041,52.6954321]},"properties":{"atco_code":"843000088","common_name":"Longfordpass","common_name_ga":"Áth Fhada","stop_type":"BCT","bus_stop_type":"CUS","wheelchair_boarding":"","status":"active","modification_datetime":"2026-09-17T14:02:22.499","coordinate_source":"NaPTAN Latitude/Longitude fields (WGS 84); ITM Easting/Northing retained in raw download"}},{"type":"Feature","geometry":{"type":"Point","coordinates":[-7.88245,52.44049]},"properties":{"atco_code":"843000149","common_name":"New Inn","common_name_ga":"Loch Ceann","stop_type":"BCT","bus_stop_type":"CUS","wheelchair_boarding":"","status":"active","modification_datetime":"2026-09-17T14:02:22.499","coordinate_source":"NaPTAN Latitude/Longitude fields (WGS 84); ITM Easting/Northing retained in raw download"}},{"type":"Feature","geometry":{"type":"Point","coordinates":[-7.673474,52.568374]},"properties":{"atco_code":"843000147","common_name":"Killenaule","common_name_ga":"Cill Náile","stop_type":"BCT","bus_stop_type":"CUS","wheelchair_boarding":"","status":"active","modification_datetime":"2026-09-17T14:02:22.499","coordinate_source":"NaPTAN Latitude/Longitude fields (WGS 84); ITM Easting/Northing retained in raw download"}},{"type":"Feature","geometry":{"type":"Point","coordinates":[-7.673415,52.568392]},"properties":{"atco_code":"843000148","common_name":"Killenaule","common_name_ga":"Cill Náile","stop_type":"BCT","bus_stop_type":"CUS","wheelchair_boarding":"","status":"active","modification_datetime":"2026-09-17T14:02:22.499","coordinate_source":"NaPTAN Latitude/Longitude fields (WGS 84); ITM Easting/Northing retained in raw download"}},{"type":"Feature","geometry":{"type":"Point","coordinates":[-7.820105,52.400832]},"properties":{"atco_code":"843000152","common_name":"Poulnamucky","common_name_ga":"Poll Muice","stop_type":"BCT","bus_stop_type":"CUS","wheelchair_boarding":"","status":"active","modification_datetime":"2026-09-17T14:02:22.499","coordinate_source":"NaPTAN Latitude/Longitude fields (WGS 84); ITM Easting/Northing retained in raw download"}},{"type":"Feature","geometry":{"type":"Point","coordinates":[-7.541885,52.586355]},"properties":{"atco_code":"843000185","common_name":"Ballingarry","common_name_ga":"Baile an Gharraí","stop_type":"BCT","bus_stop_type":"CUS","wheelchair_boarding":"","status":"active","modification_datetime":"2026-09-17T14:02:22.499","coordinate_source":"NaPTAN Latitude/Longitude fields (WGS 84); ITM Easting/Northing retained in raw download"}},{"type":"Feature","geometry":{"type":"Point","coordinates":[-7.541766,52.586453]},"properties":{"atco_code":"843000165","common_name":"Ballingarry","common_name_ga":"Baile an Gharraí","stop_type":"BCT","bus_stop_type":"CUS","wheelchair_boarding":"","status":"active","modification_datetime":"2026-09-17T14:02:22.499","coordinate_source":"NaPTAN Latitude/Longitude fields (WGS 84); ITM Easting/Northing retained in raw download"}},{"type":"Feature","geometry":{"type":"Point","coordinates":[-7.54668,52.62727]},"properties":{"atco_code":"843000161","common_name":"The Commons","common_name_ga":"Na Coimíní","stop_type":"BCT","bus_stop_type":"CUS","wheelchair_boarding":"","status":"active","modification_datetime":"2026-09-17T14:02:22.499","coordinate_source":"NaPTAN Latitude/Longitude fields (WGS 84); ITM Easting/Northing retained in raw download"}},{"type":"Feature","geometry":{"type":"Point","coordinates":[-7.54674,52.62708]},"properties":{"atco_code":"843000162","common_name":"The Commons","common_name_ga":"Na Coimíní","stop_type":"BCT","bus_stop_type":"CUS","wheelchair_boarding":"","status":"active","modification_datetime":"2026-09-17T14:02:22.499","coordinate_source":"NaPTAN Latitude/Longitude fields (WGS 84); ITM Easting/Northing retained in raw download"}},{"type":"Feature","geometry":{"type":"Point","coordinates":[-8.15946,52.47264]},"properties":{"atco_code":"8430B6354701","common_name":"Tipperary","common_name_ga":"Tiobraid Árann","stop_type":"BCT","bus_stop_type":"MKD","wheelchair_boarding":"","status":"active","modification_datetime":"2026-09-17T14:02:22.499","coordinate_source":"NaPTAN Latitude/Longitude fields (WGS 84); ITM Easting/Northing retained in raw download"}},{"type":"Feature","geometry":{"type":"Point","coordinates":[-8.161495,52.47272]},"properties":{"atco_code":"8430B6354704","common_name":"Tipperary","common_name_ga":"Tiobraid Árann","stop_type":"BCT","bus_stop_type":"CUS","wheelchair_boarding":"","status":"active","modification_datetime":"2026-09-17T14:02:22.499","coordinate_source":"NaPTAN Latitude/Longitude fields (WGS 84); ITM Easting/Northing retained in raw download"}},{"type":"Feature","geometry":{"type":"Point","coordinates":[-7.7456409,52.3479064]},"properties":{"atco_code":"843000060","common_name":"Marlfield","common_name_ga":"Páirc an Mharla","stop_type":"BCT","bus_stop_type":"CUS","wheelchair_boarding":"","status":"active","modification_datetime":"2026-09-17T14:02:22.499","coordinate_source":"NaPTAN Latitude/Longitude fields (WGS 84); ITM Easting/Northing retained in raw download"}},{"type":"Feature","geometry":{"type":"Point","coordinates":[-7.706272,52.348516]},"properties":{"atco_code":"843000078","common_name":"Oldbridge","common_name_ga":"An Seandroichead","stop_type":"BCT","bus_stop_type":"CUS","wheelchair_boarding":"","status":"active","modification_datetime":"2026-09-17T14:02:23.067","coordinate_source":"NaPTAN Latitude/Longitude fields (WGS 84); ITM Easting/Northing retained in raw download"}},{"type":"Feature","geometry":{"type":"Point","coordinates":[-7.998725,52.275301]},"properties":{"atco_code":"8430B351221","common_name":"Clogheen","common_name_ga":"An Chloichín","stop_type":"BCT","bus_stop_type":"MKD","wheelchair_boarding":"","status":"active","modification_datetime":"2026-09-17T14:02:22.499","coordinate_source":"NaPTAN Latitude/Longitude fields (WGS 84); ITM Easting/Northing retained in raw download"}},{"type":"Feature","geometry":{"type":"Point","coordinates":[-8.112689,52.565526]},"properties":{"atco_code":"8430B3348501","common_name":"Annacarty","common_name_ga":"Áth na Cairte","stop_type":"BCT","bus_stop_type":"CUS","wheelchair_boarding":"","status":"active","modification_datetime":"2026-09-17T14:02:22.499","coordinate_source":"NaPTAN Latitude/Longitude fields (WGS 84); ITM Easting/Northing retained in raw download"}},{"type":"Feature","geometry":{"type":"Point","coordinates":[-8.0493603,52.5587385]},"properties":{"atco_code":"8430B3348601","common_name":"Dundrum","common_name_ga":"Dún Droma","stop_type":"BCT","bus_stop_type":"CUS","wheelchair_boarding":"","status":"active","modification_datetime":"2026-09-17T14:02:22.499","coordinate_source":"NaPTAN Latitude/Longitude fields (WGS 84); ITM Easting/Northing retained in raw download"}},{"type":"Feature","geometry":{"type":"Point","coordinates":[-8.158333,52.472341]},"properties":{"atco_code":"8430B331851","common_name":"Tipperary","common_name_ga":"Tiobraid Árann","stop_type":"BCT","bus_stop_type":"MKD","wheelchair_boarding":"","status":"active","modification_datetime":"2026-09-17T14:02:22.499","coordinate_source":"NaPTAN Latitude/Longitude fields (WGS 84); ITM Easting/Northing retained in raw download"}},{"type":"Feature","geometry":{"type":"Point","coordinates":[-8.2062001,52.498645]},"properties":{"atco_code":"8430B331831","common_name":"Limerick Junction","common_name_ga":"Gabhal Luimnigh","stop_type":"BCT","bus_stop_type":"MKD","wheelchair_boarding":"","status":"active","modification_datetime":"2026-09-17T14:02:22.499","coordinate_source":"NaPTAN Latitude/Longitude fields (WGS 84); ITM Easting/Northing retained in raw download"}},{"type":"Feature","geometry":{"type":"Point","coordinates":[-7.580981,52.361199]},"properties":{"atco_code":"8430B331921","common_name":"Kilsheelan","common_name_ga":"Cill Síoláin","stop_type":"BCT","bus_stop_type":"MKD","wheelchair_boarding":"","status":"active","modification_datetime":"2026-09-17T14:02:22.499","coordinate_source":"NaPTAN Latitude/Longitude fields (WGS 84); ITM Easting/Northing retained in raw download"}},{"type":"Feature","geometry":{"type":"Point","coordinates":[-7.408739,52.348]},"properties":{"atco_code":"8430B331951","common_name":"Carrick-on-Suir","common_name_ga":"Carraig na Siúire","stop_type":"BCT","bus_stop_type":"MKD","wheelchair_boarding":"","status":"active","modification_datetime":"2026-09-17T14:02:22.499","coordinate_source":"NaPTAN Latitude/Longitude fields (WGS 84); ITM Easting/Northing retained in raw download"}},{"type":"Feature","geometry":{"type":"Point","coordinates":[-8.0645653,52.448275]},"properties":{"atco_code":"8430B331861","common_name":"Bansha","common_name_ga":"An Bháinseach","stop_type":"BCT","bus_stop_type":"MKD","wheelchair_boarding":"","status":"active","modification_datetime":"2026-09-17T14:02:22.499","coordinate_source":"NaPTAN Latitude/Longitude fields (WGS 84); ITM Easting/Northing retained in raw download"}},{"type":"Feature","geometry":{"type":"Point","coordinates":[-8.0494341,52.5587205]},"properties":{"atco_code":"8430B335161","common_name":"Dundrum","common_name_ga":"Dún Droma","stop_type":"BCT","bus_stop_type":"CUS","wheelchair_boarding":"","status":"active","modification_datetime":"2026-09-17T14:02:22.499","coordinate_source":"NaPTAN Latitude/Longitude fields (WGS 84); ITM Easting/Northing retained in raw download"}},{"type":"Feature","geometry":{"type":"Point","coordinates":[-8.11294,52.565562]},"properties":{"atco_code":"8430B335151","common_name":"Annacarty","common_name_ga":"Áth na Cairte","stop_type":"BCT","bus_stop_type":"CUS","wheelchair_boarding":"","status":"active","modification_datetime":"2026-09-17T14:02:22.499","coordinate_source":"NaPTAN Latitude/Longitude fields (WGS 84); ITM Easting/Northing retained in raw download"}},{"type":"Feature","geometry":{"type":"Point","coordinates":[-8.1677991,52.5820349]},"properties":{"atco_code":"8430B335141","common_name":"Cappawhite","common_name_ga":"An Cheapach","stop_type":"BCT","bus_stop_type":"CUS","wheelchair_boarding":"","status":"active","modification_datetime":"2026-09-17T14:02:22.499","coordinate_source":"NaPTAN Latitude/Longitude fields (WGS 84); ITM Easting/Northing retained in raw download"}},{"type":"Feature","geometry":{"type":"Point","coordinates":[-8.171252,52.47605]},"properties":{"atco_code":"8430B331841","common_name":"Davitt Street","common_name_ga":"Sráid Dabhéad","stop_type":"BCT","bus_stop_type":"CUS","wheelchair_boarding":"","status":"active","modification_datetime":"2026-09-17T14:02:22.499","coordinate_source":"NaPTAN Latitude/Longitude fields (WGS 84); ITM Easting/Northing retained in raw download"}},{"type":"Feature","geometry":{"type":"Point","coordinates":[-7.71165,52.35416]},"properties":{"atco_code":"8430B331871","common_name":"Tipperary University Hospital","common_name_ga":"Ospidéal na hOllscoile Thiobraid Árann","stop_type":"BCT","bus_stop_type":"MKD","wheelchair_boarding":"","status":"active","modification_datetime":"2026-09-17T14:02:22.499","coordinate_source":"NaPTAN Latitude/Longitude fields (WGS 84); ITM Easting/Northing retained in raw download"}},{"type":"Feature","geometry":{"type":"Point","coordinates":[-7.69337,52.355]},"properties":{"atco_code":"8430B331901","common_name":"Clonmel Showgrounds","common_name_ga":"Cluain Meala Showgrounds","stop_type":"BCT","bus_stop_type":"MKD","wheelchair_boarding":"","status":"active","modification_datetime":"2026-09-17T14:02:22.499","coordinate_source":"NaPTAN Latitude/Longitude fields (WGS 84); ITM Easting/Northing retained in raw download"}},{"type":"Feature","geometry":{"type":"Point","coordinates":[-7.423052,52.348498]},"properties":{"atco_code":"8430B331931","common_name":"Sean Treacy Park","common_name_ga":"Páirc Sheáin Uí Threasaigh","stop_type":"BCT","bus_stop_type":"MKD","wheelchair_boarding":"","status":"active","modification_datetime":"2026-09-17T14:02:22.499","coordinate_source":"NaPTAN Latitude/Longitude fields (WGS 84); ITM Easting/Northing retained in raw download"}},{"type":"Feature","geometry":{"type":"Point","coordinates":[-7.397704,52.349712]},"properties":{"atco_code":"8430B331961","common_name":"Dunbane","common_name_ga":"Dún Bán","stop_type":"BCT","bus_stop_type":"MKD","wheelchair_boarding":"","status":"active","modification_datetime":"2026-09-17T14:02:22.499","coordinate_source":"NaPTAN Latitude/Longitude fields (WGS 84); ITM Easting/Northing retained in raw download"}},{"type":"Feature","geometry":{"type":"Point","coordinates":[-7.396225,52.34992]},"properties":{"atco_code":"8430B331971","common_name":"Dunbane","common_name_ga":"Dún Bán","stop_type":"BCT","bus_stop_type":"MKD","wheelchair_boarding":"","status":"active","modification_datetime":"2026-09-17T14:02:22.499","coordinate_source":"NaPTAN Latitude/Longitude fields (WGS 84); ITM Easting/Northing retained in raw download"}},{"type":"Feature","geometry":{"type":"Point","coordinates":[-7.423288,52.3484]},"properties":{"atco_code":"8430B331941","common_name":"Sean Treacy Park","common_name_ga":"Páirc Sheáin Uí Threasaigh","stop_type":"BCT","bus_stop_type":"MKD","wheelchair_boarding":"","status":"active","modification_datetime":"2026-09-17T14:02:22.499","coordinate_source":"NaPTAN Latitude/Longitude fields (WGS 84); ITM Easting/Northing retained in raw download"}},{"type":"Feature","geometry":{"type":"Point","coordinates":[-7.692635,52.355043]},"properties":{"atco_code":"8430B331911","common_name":"Clonmel Showgrounds","common_name_ga":"Cluain Meala Showgrounds","stop_type":"BCT","bus_stop_type":"MKD","wheelchair_boarding":"","status":"active","modification_datetime":"2026-09-17T14:02:22.499","coordinate_source":"NaPTAN Latitude/Longitude fields (WGS 84); ITM Easting/Northing retained in raw download"}},{"type":"Feature","geometry":{"type":"Point","coordinates":[-7.711767,52.354047]},"properties":{"atco_code":"8430B331881","common_name":"Tipperary University Hospital","common_name_ga":"Ospidéal na hOllscoile Thiobraid Árann","stop_type":"BCT","bus_stop_type":"MKD","wheelchair_boarding":"","status":"active","modification_datetime":"2026-09-17T14:02:22.499","coordinate_source":"NaPTAN Latitude/Longitude fields (WGS 84); ITM Easting/Northing retained in raw download"}},{"type":"Feature","geometry":{"type":"Point","coordinates":[-8.16918,52.47489]},"properties":{"atco_code":"8430B334781","common_name":"Davitt Street","common_name_ga":"Sráid Dabhéad","stop_type":"BCT","bus_stop_type":"MKD","wheelchair_boarding":"","status":"active","modification_datetime":"2026-09-17T14:02:22.499","coordinate_source":"NaPTAN Latitude/Longitude fields (WGS 84); ITM Easting/Northing retained in raw download"}},{"type":"Feature","geometry":{"type":"Point","coordinates":[-8.2223704,52.5102015]},"properties":{"atco_code":"8430B331821","common_name":"Monard","common_name_ga":"An Mhóin Ard","stop_type":"BCT","bus_stop_type":"MKD","wheelchair_boarding":"","status":"active","modification_datetime":"2026-09-17T14:02:22.499","coordinate_source":"NaPTAN Latitude/Longitude fields (WGS 84); ITM Easting/Northing retained in raw download"}},{"type":"Feature","geometry":{"type":"Point","coordinates":[-7.70641,52.3554]},"properties":{"atco_code":"8430B332421","common_name":"Queen Street","common_name_ga":"Sráid na Banríona","stop_type":"BCT","bus_stop_type":"MKD","wheelchair_boarding":"","status":"active","modification_datetime":"2026-09-17T14:02:22.499","coordinate_source":"NaPTAN Latitude/Longitude fields (WGS 84); ITM Easting/Northing retained in raw download"}},{"type":"Feature","geometry":{"type":"Point","coordinates":[-7.707154,52.355097]},"properties":{"atco_code":"8430B332431","common_name":"Queen Street","common_name_ga":"Sráid na Banríona","stop_type":"BCT","bus_stop_type":"MKD","wheelchair_boarding":"","status":"active","modification_datetime":"2026-09-17T14:02:22.499","coordinate_source":"NaPTAN Latitude/Longitude fields (WGS 84); ITM Easting/Northing retained in raw download"}},{"type":"Feature","geometry":{"type":"Point","coordinates":[-8.0994846,52.2700192]},"properties":{"atco_code":"8430B256081","common_name":"Ballyporeen","common_name_ga":"Béal Átha Póirín","stop_type":"BCT","bus_stop_type":"MKD","wheelchair_boarding":"","status":"active","modification_datetime":"2026-09-17T14:02:22.499","coordinate_source":"NaPTAN Latitude/Longitude fields (WGS 84); ITM Easting/Northing retained in raw download"}},{"type":"Feature","geometry":{"type":"Point","coordinates":[-7.885088,52.309222]},"properties":{"atco_code":"8430B250131","common_name":"Ardfinnan","common_name_ga":"Ard Fhíonáin","stop_type":"BCT","bus_stop_type":"MKD","wheelchair_boarding":"","status":"active","modification_datetime":"2026-09-17T14:02:23.067","coordinate_source":"NaPTAN Latitude/Longitude fields (WGS 84); ITM Easting/Northing retained in raw download"}},{"type":"Feature","geometry":{"type":"Point","coordinates":[-7.646572,52.360298]},"properties":{"atco_code":"8430B345651","common_name":"Annerville","common_name_ga":"Droichead an Dá Mhíle","stop_type":"BCT","bus_stop_type":"MKD","wheelchair_boarding":"","status":"active","modification_datetime":"2026-09-17T14:02:22.499","coordinate_source":"NaPTAN Latitude/Longitude fields (WGS 84); ITM Easting/Northing retained in raw download"}},{"type":"Feature","geometry":{"type":"Point","coordinates":[-7.648145,52.360114]},"properties":{"atco_code":"8430B345661","common_name":"Annerville","common_name_ga":"Droichead an Dá Mhíle","stop_type":"BCT","bus_stop_type":"CUS","wheelchair_boarding":"","status":"active","modification_datetime":"2026-09-17T14:02:22.499","coordinate_source":"NaPTAN Latitude/Longitude fields (WGS 84); ITM Easting/Northing retained in raw download"}},{"type":"Feature","geometry":{"type":"Point","coordinates":[-7.738239,52.3561237]},"properties":{"atco_code":"8430TR000222","common_name":"Clonmel Park Hotel","common_name_ga":"","stop_type":"TXR","bus_stop_type":"","wheelchair_boarding":"","status":"active","modification_datetime":"1969-12-31T23:00:00.000","coordinate_source":"NaPTAN Latitude/Longitude fields (WGS 84); ITM Easting/Northing retained in raw download"}},{"type":"Feature","geometry":{"type":"Point","coordinates":[-8.1601465,52.4741514]},"properties":{"atco_code":"8430TR000219","common_name":"Bank Of Ireland","common_name_ga":"","stop_type":"TXR","bus_stop_type":"","wheelchair_boarding":"","status":"active","modification_datetime":"1969-12-31T23:00:00.000","coordinate_source":"NaPTAN Latitude/Longitude fields (WGS 84); ITM Easting/Northing retained in raw download"}},{"type":"Feature","geometry":{"type":"Point","coordinates":[-7.5800262,52.3612582]},"properties":{"atco_code":"8430B3580602","common_name":"Kilsheelan","common_name_ga":"Cill Síoláin","stop_type":"BCT","bus_stop_type":"MKD","wheelchair_boarding":"","status":"active","modification_datetime":"2023-08-03T16:49:53.092","coordinate_source":"NaPTAN Latitude/Longitude fields (WGS 84); ITM Easting/Northing retained in raw download"}},{"type":"Feature","geometry":{"type":"Point","coordinates":[-8.199465,52.494288]},"properties":{"atco_code":"8430B3372301","common_name":"Bohercrowe","common_name_ga":"","stop_type":"BCT","bus_stop_type":"MKD","wheelchair_boarding":"","status":"active","modification_datetime":"2025-01-29T10:49:50.000","coordinate_source":"NaPTAN Latitude/Longitude fields (WGS 84); ITM Easting/Northing retained in raw download"}},{"type":"Feature","geometry":{"type":"Point","coordinates":[-7.469238,52.445592]},"properties":{"atco_code":"8430B3510901","common_name":"Grangemockler","common_name_ga":"Gráinseach Mhóicléir","stop_type":"BCT","bus_stop_type":"CUS","wheelchair_boarding":"","status":"active","modification_datetime":"2025-09-22T08:44:01.000","coordinate_source":"NaPTAN Latitude/Longitude fields (WGS 84); ITM Easting/Northing retained in raw download"}},{"type":"Feature","geometry":{"type":"Point","coordinates":[-7.922795,52.377832]},"properties":{"atco_code":"8430IR0102","common_name":"Cahir","common_name_ga":"An Chathair","stop_type":"RLY","bus_stop_type":"","wheelchair_boarding":"","status":"active","modification_datetime":"2026-09-02T10:44:40.666","coordinate_source":"NaPTAN Latitude/Longitude fields (WGS 84); ITM Easting/Northing retained in raw download"}},{"type":"Feature","geometry":{"type":"Point","coordinates":[-7.404866,52.349096]},"properties":{"atco_code":"8430IR0103","common_name":"Carrick-on-Suir","common_name_ga":"Carraig na Siúire","stop_type":"RLY","bus_stop_type":"","wheelchair_boarding":"","status":"active","modification_datetime":"2026-09-02T10:44:54.895","coordinate_source":"NaPTAN Latitude/Longitude fields (WGS 84); ITM Easting/Northing retained in raw download"}},{"type":"Feature","geometry":{"type":"Point","coordinates":[-7.698633,52.360871]},"properties":{"atco_code":"8430IR0105","common_name":"Clonmel","common_name_ga":"Cluain Meala","stop_type":"RLY","bus_stop_type":"","wheelchair_boarding":"","status":"active","modification_datetime":"2026-09-02T10:45:45.442","coordinate_source":"NaPTAN Latitude/Longitude fields (WGS 84); ITM Easting/Northing retained in raw download"}},{"type":"Feature","geometry":{"type":"Point","coordinates":[-8.197243,52.503684]},"properties":{"atco_code":"8430IR0100","common_name":"Limerick Junction","common_name_ga":"Acomhal Luimnigh","stop_type":"RLY","bus_stop_type":"","wheelchair_boarding":"","status":"active","modification_datetime":"2026-09-02T10:44:12.828","coordinate_source":"NaPTAN Latitude/Longitude fields (WGS 84); ITM Easting/Northing retained in raw download"}},{"type":"Feature","geometry":{"type":"Point","coordinates":[-8.162103,52.470091]},"properties":{"atco_code":"8430IR0099","common_name":"Tipperary","common_name_ga":"Tiobraid Árann","stop_type":"RLY","bus_stop_type":"","wheelchair_boarding":"","status":"active","modification_datetime":"2026-09-02T10:41:29.956","coordinate_source":"NaPTAN Latitude/Longitude fields (WGS 84); ITM Easting/Northing retained in raw download"}},{"type":"Feature","geometry":{"type":"Point","coordinates":[-8.0637557,52.44788]},"properties":{"atco_code":"8430B631201","common_name":"Bansha","common_name_ga":"An Bháinseach","stop_type":"BCT","bus_stop_type":"MKD","wheelchair_boarding":"","status":"active","modification_datetime":"2026-09-17T14:02:22.499","coordinate_source":"NaPTAN Latitude/Longitude fields (WGS 84); ITM Easting/Northing retained in raw download"}},{"type":"Feature","geometry":{"type":"Point","coordinates":[-7.88707,52.51705]},"properties":{"atco_code":"8430B255231","common_name":"Cashel","common_name_ga":"Caiseal","stop_type":"BCT","bus_stop_type":"MKD","wheelchair_boarding":"","status":"active","modification_datetime":"2026-09-17T14:02:22.499","coordinate_source":"NaPTAN Latitude/Longitude fields (WGS 84); ITM Easting/Northing retained in raw download"}},{"type":"Feature","geometry":{"type":"Point","coordinates":[-7.88694,52.51727]},"properties":{"atco_code":"8430B155401","common_name":"Cashel","common_name_ga":"Caiseal","stop_type":"BCT","bus_stop_type":"MKD","wheelchair_boarding":"","status":"active","modification_datetime":"2026-09-17T14:02:22.499","coordinate_source":"NaPTAN Latitude/Longitude fields (WGS 84); ITM Easting/Northing retained in raw download"}},{"type":"Feature","geometry":{"type":"Point","coordinates":[-8.167858,52.582125]},"properties":{"atco_code":"8430B334831","common_name":"Cappawhite","common_name_ga":"An Cheapach","stop_type":"BCT","bus_stop_type":"CUS","wheelchair_boarding":"","status":"active","modification_datetime":"2026-09-17T14:02:22.499","coordinate_source":"NaPTAN Latitude/Longitude fields (WGS 84); ITM Easting/Northing retained in raw download"}},{"type":"Feature","geometry":{"type":"Point","coordinates":[-7.753005,52.411857]},"properties":{"atco_code":"843000004","common_name":"Ballyclerahan","common_name_ga":"Baile Uí Chléireacháin","stop_type":"BCT","bus_stop_type":"CUS","wheelchair_boarding":"","status":"active","modification_datetime":"2026-09-17T14:02:22.499","coordinate_source":"NaPTAN Latitude/Longitude fields (WGS 84); ITM Easting/Northing retained in raw download"}},{"type":"Feature","geometry":{"type":"Point","coordinates":[-7.752931,52.411928]},"properties":{"atco_code":"843000003","common_name":"Ballyclerahan","common_name_ga":"Baile Uí Chléireacháin","stop_type":"BCT","bus_stop_type":"CUS","wheelchair_boarding":"","status":"active","modification_datetime":"2026-09-17T14:02:22.499","coordinate_source":"NaPTAN Latitude/Longitude fields (WGS 84); ITM Easting/Northing retained in raw download"}},{"type":"Feature","geometry":{"type":"Point","coordinates":[-7.735266,52.636991]},"properties":{"atco_code":"843000009","common_name":"Saint Bridget's Terrace","common_name_ga":"Ardán Bhríde","stop_type":"BCT","bus_stop_type":"CUS","wheelchair_boarding":"","status":"active","modification_datetime":"2026-09-17T14:02:22.499","coordinate_source":"NaPTAN Latitude/Longitude fields (WGS 84); ITM Easting/Northing retained in raw download"}},{"type":"Feature","geometry":{"type":"Point","coordinates":[-7.81222,52.67555]},"properties":{"atco_code":"8430LL10708","common_name":"Thurles Shopping Centre","common_name_ga":"Ionad Siopadóireachta Dhurlais","stop_type":"BCT","bus_stop_type":"CUS","wheelchair_boarding":"","status":"active","modification_datetime":"2026-09-17T14:02:22.499","coordinate_source":"NaPTAN Latitude/Longitude fields (WGS 84); ITM Easting/Northing retained in raw download"}},{"type":"Feature","geometry":{"type":"Point","coordinates":[-7.67459,52.56989]},"properties":{"atco_code":"8430LL10709","common_name":"Killenaule","common_name_ga":"Cill Náile","stop_type":"BCT","bus_stop_type":"CUS","wheelchair_boarding":"","status":"active","modification_datetime":"2026-09-24T11:06:19.136","coordinate_source":"NaPTAN Latitude/Longitude fields (WGS 84); ITM Easting/Northing retained in raw download"}},{"type":"Feature","geometry":{"type":"Point","coordinates":[-7.664879,52.571703]},"properties":{"atco_code":"8430LL10710","common_name":"Castlequarter","common_name_ga":"Ceathrú an Chaisleáin","stop_type":"BCT","bus_stop_type":"CUS","wheelchair_boarding":"","status":"active","modification_datetime":"2026-09-17T14:02:23.067","coordinate_source":"NaPTAN Latitude/Longitude fields (WGS 84); ITM Easting/Northing retained in raw download"}},{"type":"Feature","geometry":{"type":"Point","coordinates":[-7.911263,52.718243]},"properties":{"atco_code":"843000017","common_name":"Bouladuff","common_name_ga":"An Bhuaile Dhubh","stop_type":"BCT","bus_stop_type":"MKD","wheelchair_boarding":"","status":"active","modification_datetime":"2026-09-17T14:02:23.067","coordinate_source":"NaPTAN Latitude/Longitude fields (WGS 84); ITM Easting/Northing retained in raw download"}},{"type":"Feature","geometry":{"type":"Point","coordinates":[-7.587527,52.372448]},"properties":{"atco_code":"843000018","common_name":"Seskin","common_name_ga":"An Seisceann","stop_type":"BCT","bus_stop_type":"CUS","wheelchair_boarding":"","status":"active","modification_datetime":"2026-09-17T14:02:22.499","coordinate_source":"NaPTAN Latitude/Longitude fields (WGS 84); ITM Easting/Northing retained in raw download"}},{"type":"Feature","geometry":{"type":"Point","coordinates":[-7.8216,52.67685]},"properties":{"atco_code":"843000001","common_name":"Thurles Station","common_name_ga":"Stáisiún Dhurlais","stop_type":"BCT","bus_stop_type":"CUS","wheelchair_boarding":"","status":"active","modification_datetime":"2026-03-11T11:19:15.001","coordinate_source":"NaPTAN Latitude/Longitude fields (WGS 84); ITM Easting/Northing retained in raw download"}},{"type":"Feature","geometry":{"type":"Point","coordinates":[-7.41106,52.34799]},"properties":{"atco_code":"843000019","common_name":"Carrick-on-Suir","common_name_ga":"Carraig na Siúire","stop_type":"BCT","bus_stop_type":"CUS","wheelchair_boarding":"","status":"active","modification_datetime":"2026-09-17T14:02:22.499","coordinate_source":"NaPTAN Latitude/Longitude fields (WGS 84); ITM Easting/Northing retained in raw download"}},{"type":"Feature","geometry":{"type":"Point","coordinates":[-7.92589,52.37418]},"properties":{"atco_code":"843000022","common_name":"Cahir Castle","common_name_ga":"Caisleán na Cathrach","stop_type":"BCT","bus_stop_type":"CUS","wheelchair_boarding":"","status":"active","modification_datetime":"2026-09-17T14:02:22.499","coordinate_source":"NaPTAN Latitude/Longitude fields (WGS 84); ITM Easting/Northing retained in raw download"}},{"type":"Feature","geometry":{"type":"Point","coordinates":[-7.932561,52.384142]},"properties":{"atco_code":"843000023","common_name":"Abbey Crescent","common_name_ga":"Corrán na Mainistreach","stop_type":"BCT","bus_stop_type":"CUS","wheelchair_boarding":"","status":"active","modification_datetime":"2026-09-17T14:02:22.499","coordinate_source":"NaPTAN Latitude/Longitude fields (WGS 84); ITM Easting/Northing retained in raw download"}},{"type":"Feature","geometry":{"type":"Point","coordinates":[-7.9324,52.3842]},"properties":{"atco_code":"843000024","common_name":"Abbey Crescent","common_name_ga":"Corrán na Mainistreach","stop_type":"BCT","bus_stop_type":"CUS","wheelchair_boarding":"","status":"active","modification_datetime":"2026-09-17T14:02:22.499","coordinate_source":"NaPTAN Latitude/Longitude fields (WGS 84); ITM Easting/Northing retained in raw download"}},{"type":"Feature","geometry":{"type":"Point","coordinates":[-8.16628,52.47418]},"properties":{"atco_code":"843000020","common_name":"Upper Church Street","common_name_ga":"Sráid an Teampaill Uachtarach","stop_type":"BCT","bus_stop_type":"MKD","wheelchair_boarding":"","status":"active","modification_datetime":"2026-09-17T14:02:22.499","coordinate_source":"NaPTAN Latitude/Longitude fields (WGS 84); ITM Easting/Northing retained in raw download"}},{"type":"Feature","geometry":{"type":"Point","coordinates":[-7.922788,52.37859]},"properties":{"atco_code":"843000021","common_name":"Cahir Station","common_name_ga":"Stáisiún na Cathrach","stop_type":"BCT","bus_stop_type":"CUS","wheelchair_boarding":"","status":"active","modification_datetime":"2026-09-17T14:02:22.499","coordinate_source":"NaPTAN Latitude/Longitude fields (WGS 84); ITM Easting/Northing retained in raw download"}},{"type":"Feature","geometry":{"type":"Point","coordinates":[-7.92292,52.378698]},"properties":{"atco_code":"843000028","common_name":"Cahir Station","common_name_ga":"Stáisiún na Cathrach","stop_type":"BCT","bus_stop_type":"CUS","wheelchair_boarding":"","status":"active","modification_datetime":"2026-09-17T14:02:22.499","coordinate_source":"NaPTAN Latitude/Longitude fields (WGS 84); ITM Easting/Northing retained in raw download"}},{"type":"Feature","geometry":{"type":"Point","coordinates":[-7.89099,52.51095]},"properties":{"atco_code":"8430LL10696","common_name":"Cashel South","common_name_ga":"Caiseal Theas","stop_type":"BCT","bus_stop_type":"CUS","wheelchair_boarding":"","status":"active","modification_datetime":"2026-09-17T14:02:22.499","coordinate_source":"NaPTAN Latitude/Longitude fields (WGS 84); ITM Easting/Northing retained in raw download"}},{"type":"Feature","geometry":{"type":"Point","coordinates":[-8.176619,52.478182]},"properties":{"atco_code":"8430LL10697","common_name":"Dunnes St","common_name_ga":"","stop_type":"BCT","bus_stop_type":"CUS","wheelchair_boarding":"","status":"active","modification_datetime":"2026-09-17T14:02:22.499","coordinate_source":"NaPTAN Latitude/Longitude fields (WGS 84); ITM Easting/Northing retained in raw download"}},{"type":"Feature","geometry":{"type":"Point","coordinates":[-7.97722,52.49928]},"properties":{"atco_code":"8430LL10698","common_name":"Golden","common_name_ga":"An Gabhailín","stop_type":"BCT","bus_stop_type":"CUS","wheelchair_boarding":"","status":"active","modification_datetime":"2026-09-17T14:02:22.499","coordinate_source":"NaPTAN Latitude/Longitude fields (WGS 84); ITM Easting/Northing retained in raw download"}},{"type":"Feature","geometry":{"type":"Point","coordinates":[-8.02564,52.49301]},"properties":{"atco_code":"8430LL10699","common_name":"Thomastown","common_name_ga":"Baile Thomáis","stop_type":"BCT","bus_stop_type":"CUS","wheelchair_boarding":"","status":"active","modification_datetime":"2026-09-17T14:02:22.499","coordinate_source":"NaPTAN Latitude/Longitude fields (WGS 84); ITM Easting/Northing retained in raw download"}},{"type":"Feature","geometry":{"type":"Point","coordinates":[-8.06196,52.48783]},"properties":{"atco_code":"8430LL10700","common_name":"Kilfeakle","common_name_ga":"Cill Fhiacal","stop_type":"BCT","bus_stop_type":"CUS","wheelchair_boarding":"","status":"active","modification_datetime":"2026-09-17T14:02:22.499","coordinate_source":"NaPTAN Latitude/Longitude fields (WGS 84); ITM Easting/Northing retained in raw download"}},{"type":"Feature","geometry":{"type":"Point","coordinates":[-7.5875997,52.3725474]},"properties":{"atco_code":"843000030","common_name":"Seskin","common_name_ga":"An Seisceann","stop_type":"BCT","bus_stop_type":"CUS","wheelchair_boarding":"","status":"active","modification_datetime":"2026-09-17T14:02:22.499","coordinate_source":"NaPTAN Latitude/Longitude fields (WGS 84); ITM Easting/Northing retained in raw download"}},{"type":"Feature","geometry":{"type":"Point","coordinates":[-7.72355,52.78798]},"properties":{"atco_code":"843000034","common_name":"Templetouhy","common_name_ga":"Teampall Tuaithe","stop_type":"BCT","bus_stop_type":"CUS","wheelchair_boarding":"","status":"active","modification_datetime":"2026-09-17T14:02:22.499","coordinate_source":"NaPTAN Latitude/Longitude fields (WGS 84); ITM Easting/Northing retained in raw download"}},{"type":"Feature","geometry":{"type":"Point","coordinates":[-7.69165,52.35474]},"properties":{"atco_code":"8430LL10605","common_name":"Clonmel Showgrounds","common_name_ga":"","stop_type":"BCT","bus_stop_type":"CUS","wheelchair_boarding":"","status":"active","modification_datetime":"2026-09-17T14:02:22.499","coordinate_source":"NaPTAN Latitude/Longitude fields (WGS 84); ITM Easting/Northing retained in raw download"}},{"type":"Feature","geometry":{"type":"Point","coordinates":[-7.69215,52.36202]},"properties":{"atco_code":"8430LL10606","common_name":"Tesco Clonmel","common_name_ga":"Tesco Cluain Meala","stop_type":"BCT","bus_stop_type":"MKD","wheelchair_boarding":"","status":"active","modification_datetime":"2026-09-17T14:02:22.499","coordinate_source":"NaPTAN Latitude/Longitude fields (WGS 84); ITM Easting/Northing retained in raw download"}},{"type":"Feature","geometry":{"type":"Point","coordinates":[-7.6998,52.36068]},"properties":{"atco_code":"8430LL10607","common_name":"Clonmel Train Station","common_name_ga":"Stáisiún Chluain Meala","stop_type":"BCT","bus_stop_type":"CUS","wheelchair_boarding":"","status":"active","modification_datetime":"2026-09-17T14:02:22.499","coordinate_source":"NaPTAN Latitude/Longitude fields (WGS 84); ITM Easting/Northing retained in raw download"}},{"type":"Feature","geometry":{"type":"Point","coordinates":[-7.722074,52.356681]},"properties":{"atco_code":"8430LL10608","common_name":"Glenconnor Road","common_name_ga":"Bóthar Ghleann Chonchúir","stop_type":"BCT","bus_stop_type":"MKD","wheelchair_boarding":"","status":"active","modification_datetime":"2026-09-17T14:02:22.499","coordinate_source":"NaPTAN Latitude/Longitude fields (WGS 84); ITM Easting/Northing retained in raw download"}},{"type":"Feature","geometry":{"type":"Point","coordinates":[-7.70617,52.3485]},"properties":{"atco_code":"8430LL10923","common_name":"Oldbridge","common_name_ga":"An Seandroichead","stop_type":"BCT","bus_stop_type":"CUS","wheelchair_boarding":"","status":"active","modification_datetime":"2026-09-17T14:02:22.499","coordinate_source":"NaPTAN Latitude/Longitude fields (WGS 84); ITM Easting/Northing retained in raw download"}},{"type":"Feature","geometry":{"type":"Point","coordinates":[-7.718831,52.372844]},"properties":{"atco_code":"8430LL11417","common_name":"Ard Gaoithe Business Park","common_name_ga":"Páirc Gnó Ard Gaoithe","stop_type":"BCT","bus_stop_type":"MKD","wheelchair_boarding":"","status":"active","modification_datetime":"2026-09-17T14:02:23.067","coordinate_source":"NaPTAN Latitude/Longitude fields (WGS 84); ITM Easting/Northing retained in raw download"}},{"type":"Feature","geometry":{"type":"Point","coordinates":[-7.71275,52.36801]},"properties":{"atco_code":"8430LL11418","common_name":"Ard Na Sidhe","common_name_ga":"Ard Na Sidhe","stop_type":"BCT","bus_stop_type":"MKD","wheelchair_boarding":"","status":"active","modification_datetime":"2026-09-17T14:02:22.499","coordinate_source":"NaPTAN Latitude/Longitude fields (WGS 84); ITM Easting/Northing retained in raw download"}},{"type":"Feature","geometry":{"type":"Point","coordinates":[-7.71248,52.36796]},"properties":{"atco_code":"8430LL11419","common_name":"Ard Na Sidhe","common_name_ga":"Ard Na Sidhe","stop_type":"BCT","bus_stop_type":"MKD","wheelchair_boarding":"","status":"active","modification_datetime":"2026-09-17T14:02:22.499","coordinate_source":"NaPTAN Latitude/Longitude fields (WGS 84); ITM Easting/Northing retained in raw download"}},{"type":"Feature","geometry":{"type":"Point","coordinates":[-7.731384,52.354507]},"properties":{"atco_code":"8430LL11420","common_name":"Ash Court","common_name_ga":"Cúirt na Fuinseoige","stop_type":"BCT","bus_stop_type":"MKD","wheelchair_boarding":"","status":"active","modification_datetime":"2026-09-17T14:02:23.067","coordinate_source":"NaPTAN Latitude/Longitude fields (WGS 84); ITM Easting/Northing retained in raw download"}},{"type":"Feature","geometry":{"type":"Point","coordinates":[-7.731192,52.354351]},"properties":{"atco_code":"8430LL11421","common_name":"Ash Court","common_name_ga":"Cúirt na Fuinseoige","stop_type":"BCT","bus_stop_type":"MKD","wheelchair_boarding":"","status":"active","modification_datetime":"2026-09-17T14:02:23.067","coordinate_source":"NaPTAN Latitude/Longitude fields (WGS 84); ITM Easting/Northing retained in raw download"}},{"type":"Feature","geometry":{"type":"Point","coordinates":[-7.710458,52.361629]},"properties":{"atco_code":"8430LL11422","common_name":"Bianconi Drive","common_name_ga":"Céide Bianconi","stop_type":"BCT","bus_stop_type":"MKD","wheelchair_boarding":"","status":"active","modification_datetime":"2026-09-17T14:02:23.067","coordinate_source":"NaPTAN Latitude/Longitude fields (WGS 84); ITM Easting/Northing retained in raw download"}},{"type":"Feature","geometry":{"type":"Point","coordinates":[-7.710109,52.361727]},"properties":{"atco_code":"8430LL11423","common_name":"Bianconi Drive","common_name_ga":"Céide Bianconi","stop_type":"BCT","bus_stop_type":"MKD","wheelchair_boarding":"","status":"active","modification_datetime":"2026-09-17T14:02:23.067","coordinate_source":"NaPTAN Latitude/Longitude fields (WGS 84); ITM Easting/Northing retained in raw download"}},{"type":"Feature","geometry":{"type":"Point","coordinates":[-7.709825,52.364834]},"properties":{"atco_code":"8430LL11424","common_name":"Cashel Court","common_name_ga":"Cúirt Chaisil","stop_type":"BCT","bus_stop_type":"MKD","wheelchair_boarding":"","status":"active","modification_datetime":"2026-09-17T14:02:23.067","coordinate_source":"NaPTAN Latitude/Longitude fields (WGS 84); ITM Easting/Northing retained in raw download"}},{"type":"Feature","geometry":{"type":"Point","coordinates":[-7.709654,52.365083]},"properties":{"atco_code":"8430LL11425","common_name":"Cashel Court","common_name_ga":"Cúirt Chaisil","stop_type":"BCT","bus_stop_type":"MKD","wheelchair_boarding":"","status":"active","modification_datetime":"2026-09-17T14:02:23.067","coordinate_source":"NaPTAN Latitude/Longitude fields (WGS 84); ITM Easting/Northing retained in raw download"}},{"type":"Feature","geometry":{"type":"Point","coordinates":[-7.727193,52.353549]},"properties":{"atco_code":"8430LL11426","common_name":"Cherrymount","common_name_ga":"Cnoc Siltín","stop_type":"BCT","bus_stop_type":"MKD","wheelchair_boarding":"","status":"active","modification_datetime":"2026-09-17T14:02:23.067","coordinate_source":"NaPTAN Latitude/Longitude fields (WGS 84); ITM Easting/Northing retained in raw download"}},{"type":"Feature","geometry":{"type":"Point","coordinates":[-7.727612,52.353734]},"properties":{"atco_code":"8430LL11427","common_name":"Cherrymount","common_name_ga":"Cnoc Siltín","stop_type":"BCT","bus_stop_type":"MKD","wheelchair_boarding":"","status":"active","modification_datetime":"2026-09-17T14:02:22.499","coordinate_source":"NaPTAN Latitude/Longitude fields (WGS 84); ITM Easting/Northing retained in raw download"}},{"type":"Feature","geometry":{"type":"Point","coordinates":[-7.718734,52.3532]},"properties":{"atco_code":"8430LL11428","common_name":"Connolly Park","common_name_ga":"Páirc Uí Chonghaile","stop_type":"BCT","bus_stop_type":"MKD","wheelchair_boarding":"","status":"active","modification_datetime":"2026-09-17T14:02:23.067","coordinate_source":"NaPTAN Latitude/Longitude fields (WGS 84); ITM Easting/Northing retained in raw download"}},{"type":"Feature","geometry":{"type":"Point","coordinates":[-7.717622,52.353365]},"properties":{"atco_code":"8430LL11429","common_name":"Connolly Park","common_name_ga":"Páirc Uí Chonghaile","stop_type":"BCT","bus_stop_type":"MKD","wheelchair_boarding":"","status":"active","modification_datetime":"2026-09-17T14:02:23.067","coordinate_source":"NaPTAN Latitude/Longitude fields (WGS 84); ITM Easting/Northing retained in raw download"}},{"type":"Feature","geometry":{"type":"Point","coordinates":[-7.700215,52.371354]},"properties":{"atco_code":"8430LL11430","common_name":"Crann Ard","common_name_ga":"Crann Ard","stop_type":"BCT","bus_stop_type":"MKD","wheelchair_boarding":"","status":"active","modification_datetime":"2026-09-17T14:02:22.499","coordinate_source":"NaPTAN Latitude/Longitude fields (WGS 84); ITM Easting/Northing retained in raw download"}},{"type":"Feature","geometry":{"type":"Point","coordinates":[-7.700035,52.371415]},"properties":{"atco_code":"8430LL11431","common_name":"Crann Ard","common_name_ga":"Crann Ard","stop_type":"BCT","bus_stop_type":"MKD","wheelchair_boarding":"","status":"active","modification_datetime":"2026-09-17T14:02:22.499","coordinate_source":"NaPTAN Latitude/Longitude fields (WGS 84); ITM Easting/Northing retained in raw download"}},{"type":"Feature","geometry":{"type":"Point","coordinates":[-7.686573,52.356471]},"properties":{"atco_code":"8430LL11432","common_name":"Davis Road","common_name_ga":"Bóthar an Dáibhisigh","stop_type":"BCT","bus_stop_type":"MKD","wheelchair_boarding":"","status":"active","modification_datetime":"2026-09-17T14:02:22.499","coordinate_source":"NaPTAN Latitude/Longitude fields (WGS 84); ITM Easting/Northing retained in raw download"}},{"type":"Feature","geometry":{"type":"Point","coordinates":[-7.685009,52.356813]},"properties":{"atco_code":"8430LL11433","common_name":"Davis Road","common_name_ga":"Bóthar an Dáibhisigh","stop_type":"BCT","bus_stop_type":"MKD","wheelchair_boarding":"","status":"active","modification_datetime":"2026-09-17T14:02:23.067","coordinate_source":"NaPTAN Latitude/Longitude fields (WGS 84); ITM Easting/Northing retained in raw download"}},{"type":"Feature","geometry":{"type":"Point","coordinates":[-7.700201,52.363906]},"properties":{"atco_code":"8430LL11434","common_name":"Fairfields","common_name_ga":"Na Goirt Aoibhne","stop_type":"BCT","bus_stop_type":"MKD","wheelchair_boarding":"","status":"active","modification_datetime":"2026-09-17T14:02:23.067","coordinate_source":"NaPTAN Latitude/Longitude fields (WGS 84); ITM Easting/Northing retained in raw download"}},{"type":"Feature","geometry":{"type":"Point","coordinates":[-7.70021,52.36414]},"properties":{"atco_code":"8430LL11435","common_name":"Fairfields","common_name_ga":"Na Goirt Aoibhne","stop_type":"BCT","bus_stop_type":"MKD","wheelchair_boarding":"","status":"active","modification_datetime":"2026-09-17T14:02:22.499","coordinate_source":"NaPTAN Latitude/Longitude fields (WGS 84); ITM Easting/Northing retained in raw download"}},{"type":"Feature","geometry":{"type":"Point","coordinates":[-7.711163,52.357127]},"properties":{"atco_code":"8430LL11436","common_name":"Hospital Heywood Road","common_name_ga":"Ospidéal Bóthar Bhuailice","stop_type":"BCT","bus_stop_type":"MKD","wheelchair_boarding":"","status":"active","modification_datetime":"2026-09-17T14:02:23.067","coordinate_source":"NaPTAN Latitude/Longitude fields (WGS 84); ITM Easting/Northing retained in raw download"}},{"type":"Feature","geometry":{"type":"Point","coordinates":[-7.710832,52.356976]},"properties":{"atco_code":"8430LL11437","common_name":"Hospital Heywood Road","common_name_ga":"Ospidéal Bóthar Bhuailice","stop_type":"BCT","bus_stop_type":"MKD","wheelchair_boarding":"","status":"active","modification_datetime":"2026-09-17T14:02:23.067","coordinate_source":"NaPTAN Latitude/Longitude fields (WGS 84); ITM Easting/Northing retained in raw download"}},{"type":"Feature","geometry":{"type":"Point","coordinates":[-7.715604,52.361626]},"properties":{"atco_code":"8430LL11438","common_name":"Honeyview Estate","common_name_ga":"Eastát Honeyview","stop_type":"BCT","bus_stop_type":"MKD","wheelchair_boarding":"","status":"active","modification_datetime":"2026-09-17T14:02:23.067","coordinate_source":"NaPTAN Latitude/Longitude fields (WGS 84); ITM Easting/Northing retained in raw download"}},{"type":"Feature","geometry":{"type":"Point","coordinates":[-7.715339,52.36151]},"properties":{"atco_code":"8430LL11439","common_name":"Honeyview Estate","common_name_ga":"Eastát Honeyview","stop_type":"BCT","bus_stop_type":"MKD","wheelchair_boarding":"","status":"active","modification_datetime":"2026-09-17T14:02:22.499","coordinate_source":"NaPTAN Latitude/Longitude fields (WGS 84); ITM Easting/Northing retained in raw download"}},{"type":"Feature","geometry":{"type":"Point","coordinates":[-7.714629,52.360521]},"properties":{"atco_code":"8430LL11440","common_name":"Mountain View","common_name_ga":"Radharc an tSléibhe","stop_type":"BCT","bus_stop_type":"MKD","wheelchair_boarding":"","status":"active","modification_datetime":"2026-09-17T14:02:23.067","coordinate_source":"NaPTAN Latitude/Longitude fields (WGS 84); ITM Easting/Northing retained in raw download"}},{"type":"Feature","geometry":{"type":"Point","coordinates":[-7.714194,52.360264]},"properties":{"atco_code":"8430LL11441","common_name":"Mountain View","common_name_ga":"Radharc an tSléibhe","stop_type":"BCT","bus_stop_type":"MKD","wheelchair_boarding":"","status":"active","modification_datetime":"2026-09-17T14:02:23.067","coordinate_source":"NaPTAN Latitude/Longitude fields (WGS 84); ITM Easting/Northing retained in raw download"}},{"type":"Feature","geometry":{"type":"Point","coordinates":[-7.699421,52.366178]},"properties":{"atco_code":"8430LL11442","common_name":"Northview Close","common_name_ga":"Clós Radharc ó Thuaidh","stop_type":"BCT","bus_stop_type":"MKD","wheelchair_boarding":"","status":"active","modification_datetime":"2026-09-17T14:02:22.499","coordinate_source":"NaPTAN Latitude/Longitude fields (WGS 84); ITM Easting/Northing retained in raw download"}},{"type":"Feature","geometry":{"type":"Point","coordinates":[-7.699832,52.36693]},"properties":{"atco_code":"8430LL11443","common_name":"Northview Close","common_name_ga":"Clós Radharc ó Thuaidh","stop_type":"BCT","bus_stop_type":"MKD","wheelchair_boarding":"","status":"active","modification_datetime":"2026-09-17T14:02:23.067","coordinate_source":"NaPTAN Latitude/Longitude fields (WGS 84); ITM Easting/Northing retained in raw download"}},{"type":"Feature","geometry":{"type":"Point","coordinates":[-7.70185,52.352863]},"properties":{"atco_code":"8430LL11444","common_name":"O'Connell Street","common_name_ga":"Sráid Uí Chonaill","stop_type":"BCT","bus_stop_type":"MKD","wheelchair_boarding":"","status":"active","modification_datetime":"2026-09-17T14:02:23.067","coordinate_source":"NaPTAN Latitude/Longitude fields (WGS 84); ITM Easting/Northing retained in raw download"}},{"type":"Feature","geometry":{"type":"Point","coordinates":[-7.702298,52.352869]},"properties":{"atco_code":"8430LL11445","common_name":"O'Connell Street","common_name_ga":"Sráid Uí Chonaill","stop_type":"BCT","bus_stop_type":"MKD","wheelchair_boarding":"","status":"active","modification_datetime":"2026-09-17T14:02:22.499","coordinate_source":"NaPTAN Latitude/Longitude fields (WGS 84); ITM Easting/Northing retained in raw download"}},{"type":"Feature","geometry":{"type":"Point","coordinates":[-7.696598,52.353539]},"properties":{"atco_code":"8430LL11446","common_name":"Parnell Street","common_name_ga":"Sráid Parnell","stop_type":"BCT","bus_stop_type":"MKD","wheelchair_boarding":"","status":"active","modification_datetime":"2026-09-17T14:02:23.067","coordinate_source":"NaPTAN Latitude/Longitude fields (WGS 84); ITM Easting/Northing retained in raw download"}},{"type":"Feature","geometry":{"type":"Point","coordinates":[-7.697191,52.353874]},"properties":{"atco_code":"8430LL11447","common_name":"Parnell Street","common_name_ga":"Sráid Parnell","stop_type":"BCT","bus_stop_type":"MKD","wheelchair_boarding":"","status":"active","modification_datetime":"2026-09-17T14:02:23.067","coordinate_source":"NaPTAN Latitude/Longitude fields (WGS 84); ITM Easting/Northing retained in raw download"}},{"type":"Feature","geometry":{"type":"Point","coordinates":[-7.736215,52.355715]},"properties":{"atco_code":"8430LL11448","common_name":"Poppyfield Retail Park","common_name_ga":"Páirc Miondíolaíochta Poppyfield","stop_type":"BCT","bus_stop_type":"MKD","wheelchair_boarding":"","status":"active","modification_datetime":"2026-09-17T14:02:22.499","coordinate_source":"NaPTAN Latitude/Longitude fields (WGS 84); ITM Easting/Northing retained in raw download"}},{"type":"Feature","geometry":{"type":"Point","coordinates":[-7.736219,52.355678]},"properties":{"atco_code":"8430LL11449","common_name":"Poppyfield Retail Park","common_name_ga":"Páirc Miondíolaíochta Poppyfield","stop_type":"BCT","bus_stop_type":"MKD","wheelchair_boarding":"","status":"active","modification_datetime":"2026-09-17T14:02:23.067","coordinate_source":"NaPTAN Latitude/Longitude fields (WGS 84); ITM Easting/Northing retained in raw download"}},{"type":"Feature","geometry":{"type":"Point","coordinates":[-7.687274,52.35922]},"properties":{"atco_code":"8430LL11450","common_name":"Powerstown Road","common_name_ga":"Bóthar Bhaile an Phaoraigh","stop_type":"BCT","bus_stop_type":"MKD","wheelchair_boarding":"","status":"active","modification_datetime":"2026-09-17T14:02:22.499","coordinate_source":"NaPTAN Latitude/Longitude fields (WGS 84); ITM Easting/Northing retained in raw download"}},{"type":"Feature","geometry":{"type":"Point","coordinates":[-7.686634,52.359276]},"properties":{"atco_code":"8430LL11451","common_name":"Powerstown Road","common_name_ga":"Bóthar Bhaile an Phaoraigh","stop_type":"BCT","bus_stop_type":"MKD","wheelchair_boarding":"","status":"active","modification_datetime":"2026-09-17T14:02:22.499","coordinate_source":"NaPTAN Latitude/Longitude fields (WGS 84); ITM Easting/Northing retained in raw download"}},{"type":"Feature","geometry":{"type":"Point","coordinates":[-7.720476,52.354673]},"properties":{"atco_code":"8430LL11452","common_name":"Saint Luke's Campus","common_name_ga":"Campas Lúcáis","stop_type":"BCT","bus_stop_type":"MKD","wheelchair_boarding":"","status":"active","modification_datetime":"2026-09-17T14:02:23.067","coordinate_source":"NaPTAN Latitude/Longitude fields (WGS 84); ITM Easting/Northing retained in raw download"}},{"type":"Feature","geometry":{"type":"Point","coordinates":[-7.680777,52.358296]},"properties":{"atco_code":"8430LL11453","common_name":"Silversprings Road","common_name_ga":"Bóthar Thobar an Airgid","stop_type":"BCT","bus_stop_type":"MKD","wheelchair_boarding":"","status":"active","modification_datetime":"2026-09-17T14:02:23.067","coordinate_source":"NaPTAN Latitude/Longitude fields (WGS 84); ITM Easting/Northing retained in raw download"}},{"type":"Feature","geometry":{"type":"Point","coordinates":[-7.680586,52.358199]},"properties":{"atco_code":"8430LL11454","common_name":"Silversprings Road","common_name_ga":"Bóthar Thobar an Airgid","stop_type":"BCT","bus_stop_type":"MKD","wheelchair_boarding":"","status":"active","modification_datetime":"2026-09-17T14:02:23.067","coordinate_source":"NaPTAN Latitude/Longitude fields (WGS 84); ITM Easting/Northing retained in raw download"}},{"type":"Feature","geometry":{"type":"Point","coordinates":[-7.682475,52.361119]},"properties":{"atco_code":"8430LL11455","common_name":"Tivoli Heights","common_name_ga":"Arda Tivoli","stop_type":"BCT","bus_stop_type":"MKD","wheelchair_boarding":"","status":"active","modification_datetime":"2026-09-17T14:02:23.067","coordinate_source":"NaPTAN Latitude/Longitude fields (WGS 84); ITM Easting/Northing retained in raw download"}},{"type":"Feature","geometry":{"type":"Point","coordinates":[-7.683192,52.361139]},"properties":{"atco_code":"8430LL11456","common_name":"Tivoli Heights","common_name_ga":"Arda Tivoli","stop_type":"BCT","bus_stop_type":"MKD","wheelchair_boarding":"","status":"active","modification_datetime":"2026-09-17T14:02:23.067","coordinate_source":"NaPTAN Latitude/Longitude fields (WGS 84); ITM Easting/Northing retained in raw download"}},{"type":"Feature","geometry":{"type":"Point","coordinates":[-7.688165,52.361389]},"properties":{"atco_code":"8430LL11457","common_name":"Tivoli Road","common_name_ga":"Bóthar Tivoli","stop_type":"BCT","bus_stop_type":"MKD","wheelchair_boarding":"","status":"active","modification_datetime":"2026-09-17T14:02:22.499","coordinate_source":"NaPTAN Latitude/Longitude fields (WGS 84); ITM Easting/Northing retained in raw download"}},{"type":"Feature","geometry":{"type":"Point","coordinates":[-7.688327,52.361425]},"properties":{"atco_code":"8430LL11458","common_name":"Tivoli Road","common_name_ga":"Bóthar Tivoli","stop_type":"BCT","bus_stop_type":"MKD","wheelchair_boarding":"","status":"active","modification_datetime":"2026-09-17T14:02:23.067","coordinate_source":"NaPTAN Latitude/Longitude fields (WGS 84); ITM Easting/Northing retained in raw download"}},{"type":"Feature","geometry":{"type":"Point","coordinates":[-7.69342,52.35785]},"properties":{"atco_code":"843000035","common_name":"Father Matthew Terrace","common_name_ga":"Ardán an Athar Maitiú","stop_type":"BCT","bus_stop_type":"CUS","wheelchair_boarding":"","status":"active","modification_datetime":"2026-09-17T14:02:22.499","coordinate_source":"NaPTAN Latitude/Longitude fields (WGS 84); ITM Easting/Northing retained in raw download"}},{"type":"Feature","geometry":{"type":"Point","coordinates":[-7.729093,52.351104]},"properties":{"atco_code":"843000036","common_name":"Marlfield Road","common_name_ga":"Bóthar Pháirc an Mharla","stop_type":"BCT","bus_stop_type":"CUS","wheelchair_boarding":"","status":"active","modification_datetime":"2026-09-17T14:02:23.067","coordinate_source":"NaPTAN Latitude/Longitude fields (WGS 84); ITM Easting/Northing retained in raw download"}},{"type":"Feature","geometry":{"type":"Point","coordinates":[-7.6939,52.35804]},"properties":{"atco_code":"843000046","common_name":"Father Matthew Terrace","common_name_ga":"Ardán an Athar Maitiú","stop_type":"BCT","bus_stop_type":"CUS","wheelchair_boarding":"","status":"active","modification_datetime":"2026-09-17T14:02:23.067","coordinate_source":"NaPTAN Latitude/Longitude fields (WGS 84); ITM Easting/Northing retained in raw download"}},{"type":"Feature","geometry":{"type":"Point","coordinates":[-7.729241,52.35107]},"properties":{"atco_code":"843000047","common_name":"Marlfield Road","common_name_ga":"Bóthar Pháirc an Mharla","stop_type":"BCT","bus_stop_type":"CUS","wheelchair_boarding":"","status":"active","modification_datetime":"2026-09-17T14:02:22.499","coordinate_source":"NaPTAN Latitude/Longitude fields (WGS 84); ITM Easting/Northing retained in raw download"}},{"type":"Feature","geometry":{"type":"Point","coordinates":[-7.746357,52.347814]},"properties":{"atco_code":"843000048","common_name":"Marlfield","common_name_ga":"Páirc an Mharla","stop_type":"BCT","bus_stop_type":"CUS","wheelchair_boarding":"","status":"active","modification_datetime":"2026-09-17T14:02:23.067","coordinate_source":"NaPTAN Latitude/Longitude fields (WGS 84); ITM Easting/Northing retained in raw download"}},{"type":"Feature","geometry":{"type":"Point","coordinates":[-8.176759,52.479395]},"properties":{"atco_code":"8430PB11788","common_name":"Bohercrow","common_name_ga":"Bóthar Cró","stop_type":"BCT","bus_stop_type":"MKD","wheelchair_boarding":"","status":"active","modification_datetime":"2026-09-17T14:02:23.067","coordinate_source":"NaPTAN Latitude/Longitude fields (WGS 84); ITM Easting/Northing retained in raw download"}},{"type":"Feature","geometry":{"type":"Point","coordinates":[-7.717532,52.370812]},"properties":{"atco_code":"8430LL12520","common_name":"Parknascaddane","common_name_ga":"Páirc na Scadán","stop_type":"BCT","bus_stop_type":"MKD","wheelchair_boarding":"","status":"active","modification_datetime":"2026-09-17T14:02:22.499","coordinate_source":"NaPTAN Latitude/Longitude fields (WGS 84); ITM Easting/Northing retained in raw download"}},{"type":"Feature","geometry":{"type":"Point","coordinates":[-7.716787,52.370337]},"properties":{"atco_code":"8430LL12521","common_name":"Parknascaddane","common_name_ga":"Páirc na Scadán","stop_type":"BCT","bus_stop_type":"MKD","wheelchair_boarding":"","status":"active","modification_datetime":"2026-08-27T09:21:11.571","coordinate_source":"NaPTAN Latitude/Longitude fields (WGS 84); ITM Easting/Northing retained in raw download"}},{"type":"Feature","geometry":{"type":"Point","coordinates":[-7.97728,52.49915]},"properties":{"atco_code":"8430LL12898","common_name":"Golden","common_name_ga":"An Gabhailín","stop_type":"BCT","bus_stop_type":"CUS","wheelchair_boarding":"","status":"active","modification_datetime":"2026-09-17T14:02:22.499","coordinate_source":"NaPTAN Latitude/Longitude fields (WGS 84); ITM Easting/Northing retained in raw download"}},{"type":"Feature","geometry":{"type":"Point","coordinates":[-7.93457,52.37418]},"properties":{"atco_code":"8430PB12964","common_name":"Cahir West (Event Stop)","common_name_ga":"An Chathair Thiar (Stad Imeachta)","stop_type":"BCT","bus_stop_type":"MKD","wheelchair_boarding":"","status":"active","modification_datetime":"2025-05-22T09:26:04.001","coordinate_source":"NaPTAN Latitude/Longitude fields (WGS 84); ITM Easting/Northing retained in raw download"}},{"type":"Feature","geometry":{"type":"Point","coordinates":[-7.87302,52.50915]},"properties":{"atco_code":"8430PB12966","common_name":"Cashel Junction 8 (Event Stop)","common_name_ga":"Caiseal Acomhal 8 (Stad Imeachta)","stop_type":"BCT","bus_stop_type":"MKD","wheelchair_boarding":"","status":"active","modification_datetime":"2025-05-22T09:26:04.001","coordinate_source":"NaPTAN Latitude/Longitude fields (WGS 84); ITM Easting/Northing retained in raw download"}},{"type":"Feature","geometry":{"type":"Point","coordinates":[-7.69442,52.36167]},"properties":{"atco_code":"8430PB12969","common_name":"Supermacs Clonmel","common_name_ga":"Supermacs Cluain Meala","stop_type":"BCT","bus_stop_type":"CUS","wheelchair_boarding":"","status":"active","modification_datetime":"2026-09-17T14:02:22.499","coordinate_source":"NaPTAN Latitude/Longitude fields (WGS 84); ITM Easting/Northing retained in raw download"}},{"type":"Feature","geometry":{"type":"Point","coordinates":[-8.19252,52.41878]},"properties":{"atco_code":"8430LL13041","common_name":"Glen of Aherlow","common_name_ga":"Gleann Eatharlaí","stop_type":"BCT","bus_stop_type":"MKD","wheelchair_boarding":"","status":"active","modification_datetime":"2025-04-23T14:16:52.618","coordinate_source":"NaPTAN Latitude/Longitude fields (WGS 84); ITM Easting/Northing retained in raw download"}},{"type":"Feature","geometry":{"type":"Point","coordinates":[-8.16296,52.44356]},"properties":{"atco_code":"8430LL13042","common_name":"Ballyglass","common_name_ga":"An Baile Glas","stop_type":"BCT","bus_stop_type":"MKD","wheelchair_boarding":"","status":"active","modification_datetime":"2025-04-23T14:20:03.921","coordinate_source":"NaPTAN Latitude/Longitude fields (WGS 84); ITM Easting/Northing retained in raw download"}},{"type":"Feature","geometry":{"type":"Point","coordinates":[-8.16183,52.46057]},"properties":{"atco_code":"8430LL13043","common_name":"Tipperary Golf Club","common_name_ga":"Club Gailf Tiobraid Árann","stop_type":"BCT","bus_stop_type":"MKD","wheelchair_boarding":"","status":"active","modification_datetime":"2025-04-23T14:24:50.519","coordinate_source":"NaPTAN Latitude/Longitude fields (WGS 84); ITM Easting/Northing retained in raw download"}},{"type":"Feature","geometry":{"type":"Point","coordinates":[-8.08364,52.52153]},"properties":{"atco_code":"8430LL13044","common_name":"Donaskeigh","common_name_ga":"Dún na Sciach","stop_type":"BCT","bus_stop_type":"MKD","wheelchair_boarding":"","status":"active","modification_datetime":"2025-04-23T14:29:48.646","coordinate_source":"NaPTAN Latitude/Longitude fields (WGS 84); ITM Easting/Northing retained in raw download"}},{"type":"Feature","geometry":{"type":"Point","coordinates":[-8.04646,52.56025]},"properties":{"atco_code":"8430LL13045","common_name":"Dundrum North","common_name_ga":"Dún Droma Thuaidh","stop_type":"BCT","bus_stop_type":"MKD","wheelchair_boarding":"","status":"active","modification_datetime":"2025-04-23T14:36:07.456","coordinate_source":"NaPTAN Latitude/Longitude fields (WGS 84); ITM Easting/Northing retained in raw download"}},{"type":"Feature","geometry":{"type":"Point","coordinates":[-7.98329,52.58977]},"properties":{"atco_code":"8430LL13046","common_name":"Ballagh","common_name_ga":"An Bealach","stop_type":"BCT","bus_stop_type":"MKD","wheelchair_boarding":"","status":"active","modification_datetime":"2025-04-23T14:41:42.558","coordinate_source":"NaPTAN Latitude/Longitude fields (WGS 84); ITM Easting/Northing retained in raw download"}},{"type":"Feature","geometry":{"type":"Point","coordinates":[-7.95921,52.59175]},"properties":{"atco_code":"8430LL13047","common_name":"Gooldscross","common_name_ga":"Crois an Ghúlaigh","stop_type":"BCT","bus_stop_type":"MKD","wheelchair_boarding":"","status":"active","modification_datetime":"2025-04-23T14:48:16.664","coordinate_source":"NaPTAN Latitude/Longitude fields (WGS 84); ITM Easting/Northing retained in raw download"}},{"type":"Feature","geometry":{"type":"Point","coordinates":[-7.95921,52.60295]},"properties":{"atco_code":"8430LL13048","common_name":"Clonoulty","common_name_ga":"Cluain Abhla","stop_type":"BCT","bus_stop_type":"MKD","wheelchair_boarding":"","status":"active","modification_datetime":"2025-04-23T14:52:15.874","coordinate_source":"NaPTAN Latitude/Longitude fields (WGS 84); ITM Easting/Northing retained in raw download"}},{"type":"Feature","geometry":{"type":"Point","coordinates":[-7.95915,52.60289]},"properties":{"atco_code":"8430LL13055","common_name":"Clonoulty","common_name_ga":"Cluain Abhla","stop_type":"BCT","bus_stop_type":"MKD","wheelchair_boarding":"","status":"active","modification_datetime":"2025-04-23T15:17:18.709","coordinate_source":"NaPTAN Latitude/Longitude fields (WGS 84); ITM Easting/Northing retained in raw download"}},{"type":"Feature","geometry":{"type":"Point","coordinates":[-7.95906,52.59175]},"properties":{"atco_code":"8430LL13056","common_name":"Gooldscross","common_name_ga":"Crois an Ghúlaigh","stop_type":"BCT","bus_stop_type":"MKD","wheelchair_boarding":"","status":"active","modification_datetime":"2025-04-23T15:21:00.773","coordinate_source":"NaPTAN Latitude/Longitude fields (WGS 84); ITM Easting/Northing retained in raw download"}},{"type":"Feature","geometry":{"type":"Point","coordinates":[-7.98347,52.58976]},"properties":{"atco_code":"8430LL13057","common_name":"Ballagh","common_name_ga":"An Bealach","stop_type":"BCT","bus_stop_type":"MKD","wheelchair_boarding":"","status":"active","modification_datetime":"2025-04-23T15:24:06.926","coordinate_source":"NaPTAN Latitude/Longitude fields (WGS 84); ITM Easting/Northing retained in raw download"}},{"type":"Feature","geometry":{"type":"Point","coordinates":[-8.04636,52.56018]},"properties":{"atco_code":"8430LL13058","common_name":"Dundrum North","common_name_ga":"Dún Droma Thuaidh","stop_type":"BCT","bus_stop_type":"MKD","wheelchair_boarding":"","status":"active","modification_datetime":"2025-07-09T14:51:14.926","coordinate_source":"NaPTAN Latitude/Longitude fields (WGS 84); ITM Easting/Northing retained in raw download"}},{"type":"Feature","geometry":{"type":"Point","coordinates":[-8.08367,52.52143]},"properties":{"atco_code":"8430LL13059","common_name":"Donaskeigh","common_name_ga":"Dún na Sciach","stop_type":"BCT","bus_stop_type":"MKD","wheelchair_boarding":"","status":"active","modification_datetime":"2025-04-23T15:29:24.624","coordinate_source":"NaPTAN Latitude/Longitude fields (WGS 84); ITM Easting/Northing retained in raw download"}},{"type":"Feature","geometry":{"type":"Point","coordinates":[-8.16171,52.46058]},"properties":{"atco_code":"8430LL13060","common_name":"Tipperary Golf Club","common_name_ga":"Club Gailf Tiobraid Árann","stop_type":"BCT","bus_stop_type":"MKD","wheelchair_boarding":"","status":"active","modification_datetime":"2025-04-23T15:31:40.679","coordinate_source":"NaPTAN Latitude/Longitude fields (WGS 84); ITM Easting/Northing retained in raw download"}},{"type":"Feature","geometry":{"type":"Point","coordinates":[-8.16283,52.44352]},"properties":{"atco_code":"8430LL13061","common_name":"Ballyglass","common_name_ga":"An Baile Glas","stop_type":"BCT","bus_stop_type":"MKD","wheelchair_boarding":"","status":"active","modification_datetime":"2025-04-23T15:35:56.158","coordinate_source":"NaPTAN Latitude/Longitude fields (WGS 84); ITM Easting/Northing retained in raw download"}},{"type":"Feature","geometry":{"type":"Point","coordinates":[-8.19252,52.41878]},"properties":{"atco_code":"8430LL13062","common_name":"Glen of Aherlow","common_name_ga":"Gleann Eatharlaí","stop_type":"BCT","bus_stop_type":"MKD","wheelchair_boarding":"","status":"active","modification_datetime":"2025-04-23T15:38:25.151","coordinate_source":"NaPTAN Latitude/Longitude fields (WGS 84); ITM Easting/Northing retained in raw download"}},{"type":"Feature","geometry":{"type":"Point","coordinates":[-8.16108,52.47045]},"properties":{"atco_code":"8430LL13064","common_name":"Tipperary Station","common_name_ga":"Stáisiún Thiobraid Árann","stop_type":"BCT","bus_stop_type":"MKD","wheelchair_boarding":"","status":"active","modification_datetime":"2025-04-23T15:42:41.080","coordinate_source":"NaPTAN Latitude/Longitude fields (WGS 84); ITM Easting/Northing retained in raw download"}},{"type":"Feature","geometry":{"type":"Point","coordinates":[-7.89161,52.50694]},"properties":{"atco_code":"8430PB13201","common_name":"Cashel (Event Stop)","common_name_ga":"Caiseal (Stad Imeachta)","stop_type":"BCT","bus_stop_type":"MKD","wheelchair_boarding":"","status":"active","modification_datetime":"2025-05-09T10:02:47.692","coordinate_source":"NaPTAN Latitude/Longitude fields (WGS 84); ITM Easting/Northing retained in raw download"}},{"type":"Feature","geometry":{"type":"Point","coordinates":[-7.69803,52.35093]},"properties":{"atco_code":"8430LL13788","common_name":"Raheen Road","common_name_ga":"Bóthar an Ráithín","stop_type":"BCT","bus_stop_type":"CUS","wheelchair_boarding":"","status":"active","modification_datetime":"2026-09-17T14:02:23.067","coordinate_source":"NaPTAN Latitude/Longitude fields (WGS 84); ITM Easting/Northing retained in raw download"}},{"type":"Feature","geometry":{"type":"Point","coordinates":[-7.69817,52.35078]},"properties":{"atco_code":"8430LL13789","common_name":"Raheen Road","common_name_ga":"Bóthar an Ráithín","stop_type":"BCT","bus_stop_type":"CUS","wheelchair_boarding":"","status":"active","modification_datetime":"2026-09-17T14:02:23.067","coordinate_source":"NaPTAN Latitude/Longitude fields (WGS 84); ITM Easting/Northing retained in raw download"}},{"type":"Feature","geometry":{"type":"Point","coordinates":[-7.82001,52.40095]},"properties":{"atco_code":"8430PB14350","common_name":"Poulnamucky","common_name_ga":"Poll Muice","stop_type":"BCT","bus_stop_type":"CUS","wheelchair_boarding":"","status":"active","modification_datetime":"2026-09-17T14:02:23.067","coordinate_source":"NaPTAN Latitude/Longitude fields (WGS 84); ITM Easting/Northing retained in raw download"}},{"type":"Feature","geometry":{"type":"Point","coordinates":[-7.8823,52.44097]},"properties":{"atco_code":"8430PB14351","common_name":"New Inn","common_name_ga":"Loch Ceann","stop_type":"BCT","bus_stop_type":"CUS","wheelchair_boarding":"","status":"active","modification_datetime":"2026-09-17T14:02:22.499","coordinate_source":"NaPTAN Latitude/Longitude fields (WGS 84); ITM Easting/Northing retained in raw download"}},{"type":"Feature","geometry":{"type":"Point","coordinates":[-7.60914,52.63778]},"properties":{"atco_code":"8430PB14391","common_name":"Ballysloe","common_name_ga":"Béal Átha Sló","stop_type":"BCT","bus_stop_type":"CUS","wheelchair_boarding":"","status":"active","modification_datetime":"2026-09-17T14:02:23.067","coordinate_source":"NaPTAN Latitude/Longitude fields (WGS 84); ITM Easting/Northing retained in raw download"}},{"type":"Feature","geometry":{"type":"Point","coordinates":[-7.89384,52.57212]},"properties":{"atco_code":"8430PB14392","common_name":"Boherlahan","common_name_ga":"An Bóthar Leathan","stop_type":"BCT","bus_stop_type":"CUS","wheelchair_boarding":"","status":"active","modification_datetime":"2026-09-17T14:02:23.067","coordinate_source":"NaPTAN Latitude/Longitude fields (WGS 84); ITM Easting/Northing retained in raw download"}},{"type":"Feature","geometry":{"type":"Point","coordinates":[-7.63179,52.69587]},"properties":{"atco_code":"8430PB14404","common_name":"Longfordpass","common_name_ga":"Áth Fhada","stop_type":"BCT","bus_stop_type":"CUS","wheelchair_boarding":"","status":"active","modification_datetime":"2026-09-17T14:02:22.499","coordinate_source":"NaPTAN Latitude/Longitude fields (WGS 84); ITM Easting/Northing retained in raw download"}},{"type":"Feature","geometry":{"type":"Point","coordinates":[-7.73576,52.63712]},"properties":{"atco_code":"8430PB14408","common_name":"Saint Bridget's Terrace","common_name_ga":"Ardán Bhríde","stop_type":"BCT","bus_stop_type":"CUS","wheelchair_boarding":"","status":"active","modification_datetime":"2025-07-24T16:12:04.112","coordinate_source":"NaPTAN Latitude/Longitude fields (WGS 84); ITM Easting/Northing retained in raw download"}},{"type":"Feature","geometry":{"type":"Point","coordinates":[-8.20057,52.50058]},"properties":{"atco_code":"8430LL14545","common_name":"Limerick Junction","common_name_ga":"Acomhal Luimnigh","stop_type":"BCT","bus_stop_type":"CUS","wheelchair_boarding":"","status":"active","modification_datetime":"2025-08-14T12:02:29.958","coordinate_source":"NaPTAN Latitude/Longitude fields (WGS 84); ITM Easting/Northing retained in raw download"}},{"type":"Feature","geometry":{"type":"Point","coordinates":[-7.67447,52.56987]},"properties":{"atco_code":"8430LL14548","common_name":"Killenaule","common_name_ga":"Cill Náile","stop_type":"BCT","bus_stop_type":"CUS","wheelchair_boarding":"","status":"active","modification_datetime":"2026-09-24T11:07:50.337","coordinate_source":"NaPTAN Latitude/Longitude fields (WGS 84); ITM Easting/Northing retained in raw download"}},{"type":"Feature","geometry":{"type":"Point","coordinates":[-7.66505,52.57164]},"properties":{"atco_code":"8430LL14549","common_name":"Castlequarter","common_name_ga":"Ceathrú an Chaisleáin","stop_type":"BCT","bus_stop_type":"CUS","wheelchair_boarding":"","status":"active","modification_datetime":"2025-08-14T12:05:12.442","coordinate_source":"NaPTAN Latitude/Longitude fields (WGS 84); ITM Easting/Northing retained in raw download"}},{"type":"Feature","geometry":{"type":"Point","coordinates":[-7.40825,52.34256]},"properties":{"atco_code":"8430LL14984","common_name":"Carrickbeg","common_name_ga":"An Charraig Bheag","stop_type":"BCT","bus_stop_type":"CUS","wheelchair_boarding":"","status":"active","modification_datetime":"2026-09-17T14:02:22.499","coordinate_source":"NaPTAN Latitude/Longitude fields (WGS 84); ITM Easting/Northing retained in raw download"}},{"type":"Feature","geometry":{"type":"Point","coordinates":[-7.40827,52.34247]},"properties":{"atco_code":"8430LL15002","common_name":"Carrickbeg","common_name_ga":"An Charraig Bheag","stop_type":"BCT","bus_stop_type":"CUS","wheelchair_boarding":"","status":"active","modification_datetime":"2026-01-29T11:13:59.302","coordinate_source":"NaPTAN Latitude/Longitude fields (WGS 84); ITM Easting/Northing retained in raw download"}},{"type":"Feature","geometry":{"type":"Point","coordinates":[-7.54427,52.62434]},"properties":{"atco_code":"8430LL15039","common_name":"Saint Patrick's Terrace","common_name_ga":"Ardán Phádraig","stop_type":"BCT","bus_stop_type":"MKD","wheelchair_boarding":"","status":"active","modification_datetime":"2026-09-17T14:02:22.499","coordinate_source":"NaPTAN Latitude/Longitude fields (WGS 84); ITM Easting/Northing retained in raw download"}},{"type":"Feature","geometry":{"type":"Point","coordinates":[-7.54397,52.62417]},"properties":{"atco_code":"8430LL15040","common_name":"Saint Patrick's Terrace","common_name_ga":"Ardán Phádraig","stop_type":"BCT","bus_stop_type":"CUS","wheelchair_boarding":"","status":"active","modification_datetime":"2026-09-17T14:02:22.499","coordinate_source":"NaPTAN Latitude/Longitude fields (WGS 84); ITM Easting/Northing retained in raw download"}},{"type":"Feature","geometry":{"type":"Point","coordinates":[-7.57873,52.36087]},"properties":{"atco_code":"8430PB15059","common_name":"Kilsheelan","common_name_ga":"Cill Síoláin","stop_type":"BCT","bus_stop_type":"CUS","wheelchair_boarding":"","status":"active","modification_datetime":"2026-09-17T14:02:22.499","coordinate_source":"NaPTAN Latitude/Longitude fields (WGS 84); ITM Easting/Northing retained in raw download"}},{"type":"Feature","geometry":{"type":"Point","coordinates":[-7.41097,52.34804]},"properties":{"atco_code":"8430PB15053","common_name":"Carrick-on-Suir","common_name_ga":"Carraig na Siúire","stop_type":"BCT","bus_stop_type":"CUS","wheelchair_boarding":"","status":"active","modification_datetime":"2026-06-24T15:42:50.263","coordinate_source":"NaPTAN Latitude/Longitude fields (WGS 84); ITM Easting/Northing retained in raw download"}},{"type":"Feature","geometry":{"type":"Point","coordinates":[-8.16092,52.47063]},"properties":{"atco_code":"8430LL15442","common_name":"Tipperary Station","common_name_ga":"Stáisiún Thiobraid Árann","stop_type":"BCT","bus_stop_type":"CUS","wheelchair_boarding":"","status":"active","modification_datetime":"2026-07-24T11:39:15.779","coordinate_source":"NaPTAN Latitude/Longitude fields (WGS 84); ITM Easting/Northing retained in raw download"}},{"type":"Feature","geometry":{"type":"Point","coordinates":[-8.16084,52.47064]},"properties":{"atco_code":"8430LL15443","common_name":"Tipperary Station","common_name_ga":"Stáisiún Thiobraid Árann","stop_type":"BCT","bus_stop_type":"MKD","wheelchair_boarding":"","status":"active","modification_datetime":"2026-07-24T11:41:14.553","coordinate_source":"NaPTAN Latitude/Longitude fields (WGS 84); ITM Easting/Northing retained in raw download"}}]}
